code,name,lat,lon,demand_factor
OCA,"Ocean Reef Club Airport (Key Largo, US)",25.325399,-80.274803,1.0
WKK,"Aleknagik / New Airport (Aleknagik, US)",59.2826004028,-158.617996216,1.0
BBQ,"Burton-Nibbs International Airport (Codrington, AG)",17.621194,-61.798347,1.0
HIR,"Honiara International Airport (Honiara, SB)",-9.428,160.054993,1.3
MUA,"Munda Airport (Munda, SB)",-8.32797,157.263,1.0
INU,"Nauru International Airport (Yaren, NR)",-0.547893,166.919525,1.0
WFR,"[Duplicate] Wolf's Fang Runway (Queen Maud Island, AQ)",-71.5264,8.799459,1.0
AXF,"Alxa Left Banner Bayanhot Airport (Bayanhot, CN)",38.748317,105.58416,1.0
VMU,"Baimuru Airport (Baimuru, PG)",-7.496955,144.821756,1.0
BUA,"Buka Airport (Buka Island, PG)",-5.422299,154.672698,1.0
OPU,"Balimo Airport (Balimo, PG)",-8.05000019073,142.932998657,1.0
CMU,"Chimbu Airport (Kundiawa, PG)",-6.024290084838867,144.9709930419922,1.0
DAU,"Daru Airport (Daru, PG)",-9.08676,143.207993,1.0
GKA,"Goroka Airport (Goronka, PG)",-6.081689834590001,145.391998291,1.0
GUR,"Gurney Airport (Gurney, PG)",-10.3114995956,150.333999634,1.0
PNP,"Girua Airport (Popondetta, PG)",-8.80453968048,148.309005737,1.0
HKN,"Hoskins Airport (Kimbe, PG)",-5.463846,150.407327,1.0
KMA,"Kerema Airport (Kerema, PG)",-7.96361017227,145.770996094,1.0
KVG,"Kavieng Airport (Kavieng, PG)",-2.57940006256,150.807998657,1.0
MAG,"Madang Airport (Madang, PG)",-5.20707988739,145.789001465,1.0
HGU,"Mount Hagen Kagamuga Airport (Mount Hagen, PG)",-5.828212,144.299412,1.0
MDU,"Mendi Airport (Mendi, PG)",-6.14774,143.656998,1.0
MAS,"Momote Airport (Manus Island, PG)",-2.06189,147.423996,1.0
LAE,"Nadzab Tomodachi International Airport (Lae, PG)",-6.567995,146.726544,1.3
POM,"Port Moresby Jacksons International Airport (Port Moresby, PG)",-9.443380355834961,147.22000122070312,1.3
RAB,"Tokua Airport (Kokopo, PG)",-4.34046,152.380005,1.0
VAI,"Vanimo Airport (Vanimo, PG)",-2.6926,141.3028,1.0
WBM,"Wapenamanda Airport (Wapenamanda, PG)",-5.635293,143.892231,1.0
WWK,"Wewak International Airport (Wewak, PG)",-3.58383011818,143.669006348,1.0
ZXT,"Zabrat Airport (Zabrat, AZ)",40.494884,49.977065,1.0
BCW,"Benguera Island Airport (Benguera Island, MZ)",-21.8533,35.438301,1.0
JAM,"Bezmer Air Base (Bezmer, BG)",42.454899,26.3522,1.0
JEG,"Aasiaat Airport (Aasiaat, GL)",68.721802,-52.784698,1.0
CNP,"Neerlerit Inaat Airport (Neerlerit Inaat, GL)",70.743103,-22.650499,1.0
GOH,"Nuuk International Airport (Nuuk, GL)",64.191066,-51.67914,1.3
JAV,"Ilulissat Airport (Ilulissat, GL)",69.243202,-51.057098,1.0
KUS,"Kulusuk Airport (Kulusuk, GL)",65.573601,-37.1236,1.0
NAQ,"Qaanaaq Airport (Qaanaaq, GL)",77.488602,-69.388702,1.0
SFJ,"Kangerlussuaq International Airport (Kangerlussuaq, GL)",67.010446,-50.715294,1.0
JHS,"Sisimiut Airport (Sisimiut, GL)",66.951302,-53.729301,1.0
THU,"Pituffik Space Base (Pituffik, GL)",76.53063,-68.700541,1.0
AEY,"Akureyri International Airport (Akureyri, IS)",65.656573,-18.072018,1.3
BIU,"Bildudalur Airport (Bildudalur, IS)",65.641296,-23.5462,1.0
EGS,"Egilsstaðir Airport (Egilsstaðir, IS)",65.2833023071289,-14.401399612426758,1.0
GRY,"Grímsey Airport (Grímsey/Sandvík, IS)",66.5458,-18.0173,1.0
HFN,"Hornafjörður Airport (Höfn, IS)",64.295601,-15.2272,1.0
HZK,"Húsavík Airport (Húsavík, IS)",65.952301,-17.426001,1.0
IFJ,"Ísafjörður Airport (Ísafjörður, IS)",66.058098,-23.1353,1.0
KEF,"Keflavik International Airport (Reykjavík, IS)",63.985001,-22.6056,1.3
RKV,"Reykjavík Domestic Airport (Reykjavík, IS)",64.128732,-21.93759,1.0
MVA,"Mývatn Airport (Myvatn, IS)",65.6558,-16.9181,1.0
SIJ,"Siglufjörður Airport (Siglufjörður, IS)",66.137847,-18.908157,1.0
VEY,"Vestmannaeyjar Airport (Vestmannaeyjar, IS)",63.42430114746094,-20.278900146484375,1.0
VPN,"Vopnafjörður Airport (Vopnafjörður, IS)",65.720596,-14.8506,1.0
PRN,"Priština Adem Jashari International Airport (Prishtina, XK)",42.5728,21.035801,1.3
VDC,"Glauber de Andrade Rocha Airport (Vitória da Conquista, BR)",-14.907885,-40.914804,1.0
BTZ,"Betong International Airport (Betong, TH)",5.79,101.15,1.0
TXC,"Orsha Airport - Balbasovo Air Base (Orsha, BY)",54.439999,30.2967,1.0
CUK,"Caye Caulker Airport (Caye Caulker, BZ)",17.735015,-88.032862,1.0
CYC,"Caye Chapel Airport (Caye Chapel, BZ)",17.683792,-88.044985,1.0
CZH,"Corozal Airport (Corozal, BZ)",18.3822,-88.411903,1.0
DGA,"Dangriga Airport (Dangriga, BZ)",16.98251,-88.230988,1.0
SJX,"Sartaneja Airport (Sartaneja, BZ)",18.3561,-88.130798,1.0
SPR,"John Greif II Airport (San Pedro, BZ)",17.9139,-87.9711,1.0
TZA,"Sir Barry Bowen Municipal Airport (Belize City, BZ)",17.517239,-88.195775,1.0
BZB,"Bazaruto Island Airport (Bazaruto Island, MZ)",-21.5411,35.4729,1.0
YAA,"Anahim Lake Airport (Anahim Lake, CA)",52.451501,-125.303776,1.0
XQU,"Qualicum Beach Airport (Qualicum Beach, CA)",49.337456,-124.393086,1.0
YZA,"Cache Creek-Ashcroft Regional Airport (Cache Creek, CA)",50.775258,-121.321314,1.0
ZEL,"Bella Bella (Campbell Island) Airport (Bella Bella, CA)",52.185001,-128.156994,1.0
BZX,"Bazhong Enyang Airport (Bazhong, CN)",31.73842,106.644872,1.0
HSC,"Shaoguan Danxia Airport (Shaoguan, CN)",24.9786,113.420998,1.0
JGS,"Jinggangshan Airport (Ji'an, CN)",26.856899,114.737,1.0
HNG,"Hainanzhou Gonghe Airport (Hainan (Gonghe), CN)",36.3367,100.480003,1.0
JNH,"Jiaxing Nanhu Airport (Xiuzhou, Hangzhou, CN)",30.698056,120.663056,1.0
WHN,"Wuhan Hannan Municipal Airport (Wuhan (Hannan), CN)",30.25521,114.062805,1.0
DDR,"Shigatse Tingri Airport (Xigazê (Dingri), CN)",28.604567,86.798,1.0
HQL,"Tashikuergan Hongqilafu Airport (Tashikuergan, CN)",37.661333,75.288877,1.0
JDE,"Jiande Qiandaohu General Airport (Hangzhou, CN)",29.360905,119.180829,1.0
APJ,"Ali Pulan Airport (Burang Town, CN)",30.397898,81.13317,1.0
ZAT,"Zhaotong Zhaoyang Airport （Not fully opened) (Zhaotong, CN)",27.205843,103.691511,1.0
BFY,"Bengbu Tenghu Airport (Bengbu, CN)",33.166292,117.058344,1.0
YAG,"Fort Frances Municipal Airport (Fort Frances, CA)",48.655749,-93.44349,1.0
YAH,"La Grande-4 Airport (La Grande-4, CA)",53.754699707,-73.6753005981,1.0
YAM,"Sault Ste Marie Airport (Sault Ste Marie, CA)",46.483216,-84.508467,1.0
XKS,"Kasabonika Airport (Kasabonika, CA)",53.52470016479492,-88.6427993774414,1.0
YAY,"St. Anthony Airport (St. Anthony, CA)",51.391909,-56.08321,1.0
YAZ,"Tofino / Long Beach Airport (Tofino, CA)",49.079833,-125.775583,1.0
YBC,"Baie-Comeau Airport (Baie-Comeau, CA)",49.1325,-68.204399,1.0
QBC,"Bella Coola Airport (Bella Coola, CA)",52.387501,-126.596001,1.0
YBY,"Bonnyville Airport (Bonnyville, CA)",54.304199,-110.744003,1.0
YBG,"Saguenay-Bagotville Airport (Saguenay, CA)",48.330123,-70.992012,1.0
YBK,"Baker Lake Airport (Baker Lake, CA)",64.29889678960001,-96.077796936,1.0
YBL,"Campbell River Airport (Campbell River, CA)",49.950802,-125.271004,1.0
YBR,"Brandon Municipal Airport (Brandon, CA)",49.91,-99.951897,1.0
YBX,"Lourdes-de-Blanc-Sablon Airport (Blanc-Sablon, CA)",51.4436,-57.185299,1.0
YCB,"Cambridge Bay Airport (Cambridge Bay, CA)",69.1081008911,-105.138000488,1.0
YCC,"Cornwall Regional Airport (Cornwall, CA)",45.092637,-74.567724,1.0
YCD,"Nanaimo Airport (Nanaimo, CA)",49.05497,-123.869863,1.0
YCE,"Centralia / James T. Field Memorial Aerodrome (Huron Park, CA)",43.285599,-81.508301,1.0
YCG,"Castlegar/West Kootenay Regional Airport (Castlegar, CA)",49.296398,-117.632004,1.0
YCH,"Miramichi Airport (Miramichi, CA)",47.007801,-65.449203,1.0
YCL,"Charlo Airport (Charlo, CA)",47.990799,-66.330299,1.0
YCN,"Cochrane Airport (Cochrane, CA)",49.10559844970703,-81.01360321044922,1.0
YCQ,"Chetwynd Airport (Chetwynd, CA)",55.687198638916016,-121.62699890136719,1.0
YDA,"Dawson City Airport (Dawson City, CA)",64.04309844970703,-139.1280059814453,1.0
YDB,"Burwash Airport (Burwash Landing, CA)",61.371101,-139.041,1.0
YDF,"Deer Lake Airport (Deer Lake, CA)",49.208159,-57.396147,1.0
XRR,"Ross River Airport (Ross River, CA)",61.9706001282,-132.42300415,1.0
YDN,"Dauphin Barker Airport (Dauphin, CA)",51.1008,-100.052002,1.0
YDO,"Dolbeau-Saint-Felicien Airport (Dolbeau-Saint-Felicien, CA)",48.7785,-72.375,1.0
YDQ,"Dawson Creek Airport (Dawson Creek, CA)",55.741245,-120.183263,1.0
YEG,"Edmonton International Airport (Edmonton, CA)",53.3097,-113.580002,1.3
YEL,"Elliot Lake Municipal Airport (Elliot Lake, CA)",46.351398468,-82.5614013672,1.0
YEM,"Manitoulin East Municipal Airport (Sheguiandah, CA)",45.842435,-81.857595,1.0
YEN,"Estevan Airport (Estevan, CA)",49.2103004456,-102.966003418,1.0
YET,"Edson Airport (Edson, CA)",53.578899383499994,-116.464996338,1.0
YEV,"Inuvik Mike Zubko Airport (Inuvik, CA)",68.30419921880001,-133.483001709,1.0
YEY,"Amos/Magny Airport (Amos, CA)",48.563903,-78.249702,1.0
YFB,"Iqaluit Airport (Iqaluit, CA)",63.756402,-68.555801,1.0
YFC,"Fredericton International Airport (Fredericton, CA)",45.868697,-66.529891,1.0
YFE,"Forestville Airport (Forestville, CA)",48.74610137939453,-69.09719848632812,1.0
YTM,"Mont-Tremblant International Airport (La Macaza, CA)",46.409401,-74.779999,1.0
YFR,"Fort Resolution Airport (Fort Resolution, CA)",61.1808013916,-113.690002441,1.0
YFS,"Fort Simpson Airport (Fort Simpson, CA)",61.76020050048828,-121.23699951171875,1.0
YGK,"Kingston Norman Rogers Airport (Kingston, CA)",44.2253,-76.596901,1.0
YGL,"La Grande Rivière Airport (La Grande Rivière, CA)",53.625301361083984,-77.7042007446289,1.0
YGM,"Gimli Industrial Park Airport (Gimli, CA)",50.62810134887695,-97.04329681396484,1.0
YGP,"Michel-Pouliot Gaspé Airport (Gaspé, CA)",48.774915,-64.481893,1.0
YGQ,"Geraldton Greenstone Regional Airport (Geraldton, CA)",49.77830123901367,-86.93939971923828,1.0
YGR,"Îles-de-la-Madeleine Airport (Les Îles-de-la-Madeleine, CA)",47.425242,-61.778612,1.0
YGV,"Havre-Saint-Pierre Airport (Havre-Saint-Pierre, CA)",50.281898,-63.611401,1.0
YGW,"Kuujjuarapik Airport (Kuujjuarapik, CA)",55.281898498535156,-77.76529693603516,1.0
YHD,"Dryden Regional Airport (Dryden, CA)",49.831699,-92.744202,1.0
YHF,"Hearst René Fontaine Municipal Airport (Hearst, CA)",49.71419906616211,-83.68609619140625,1.0
YHM,"John C. Munro Hamilton International Airport (Hamilton, CA)",43.17348,-79.931185,1.0
YHN,"Hornepayne Municipal Airport (Hornepayne, CA)",49.19309997558594,-84.75890350341797,1.0
YHT,"Haines Junction Airport (Haines Junction, CA)",60.7892,-137.546005,1.0
YHU,"Montréal / Saint-Hubert Metropolitan Airport (Montréal, CA)",45.517502,-73.416901,1.0
YHY,"Hay River / Merlyn Carter Airport (Hay River, CA)",60.8396987915,-115.782997131,1.0
YHZ,"Halifax / Stanfield International Airport (Halifax, CA)",44.8807983398,-63.5085983276,1.3
YIB,"Atikokan Municipal Airport (Atikokan, CA)",48.773899,-91.638603,1.0
YDG,"Digby / Annapolis Regional Airport (Digby, CA)",44.5458450365,-65.7854247093,1.0
YIF,"St Augustin Airport (St-Augustin, CA)",51.2117,-58.658298,1.0
YIV,"Island Lake Airport (Island Lake, CA)",53.857200622558594,-94.65360260009766,1.0
YJF,"Fort Liard Airport (Fort Liard, CA)",60.235801696799996,-123.46900177,1.0
YJN,"St Jean Airport (St Jean, CA)",45.29439926147461,-73.28109741210938,1.0
YJT,"Stephenville Dymond International Airport (Stephenville, CA)",48.54339,-58.552892,1.0
YKA,"Kamloops John Moose Fulton Field Regional Airport (Kamloops, CA)",50.703038,-120.448641,1.0
YKF,"Region of Waterloo International Airport (Breslau, CA)",43.4608,-80.378601,1.0
YKJ,"Key Lake Airport (Key Lake, CA)",57.256099700927734,-105.61799621582031,1.0
YKL,"Schefferville Airport (Schefferville, CA)",54.805301666259766,-66.8052978515625,1.0
YKD,"Kincardine Municipal Airport (Kincardine, CA)",44.201401,-81.606697,1.0
YKX,"Kirkland Lake Airport (Kirkland Lake, CA)",48.21030044555664,-79.98139953613281,1.0
YKY,"Kindersley Airport (Kindersley, CA)",51.5175018311,-109.180999756,1.0
YLD,"Chapleau Airport (Chapleau, CA)",47.81999969482422,-83.3467025756836,1.0
YLJ,"Meadow Lake Airport (Meadow Lake, CA)",54.125301361083984,-108.52300262451172,1.0
YLL,"Lloydminster Airport (Lloydminster, CA)",53.3092,-110.072998,1.0
YLR,"Leaf Rapids Airport (Leaf Rapids, CA)",56.513301849365234,-99.98529815673828,1.0
YLK,"Barrie-Lake Simcoe Regional Airport (Barrie, CA)",44.485056,-79.554663,1.0
YLT,"Alert Airport (Alert, CA)",82.517263,-62.283037,1.0
YLW,"Kelowna International Airport (Kelowna, CA)",49.9561,-119.377998,1.3
YMA,"Mayo Airport (Mayo, CA)",63.61640167236328,-135.8679962158203,1.0
YME,"Matane Airport (Matane, CA)",48.85689926147461,-67.45330047607422,1.0
YMG,"Manitouwadge Airport (Manitouwadge, CA)",49.083900451660156,-85.86060333251953,1.0
YMJ,"Moose Jaw Air Vice Marshal C. M. McEwen Airport (Moose Jaw, CA)",50.330299377441406,-105.55899810791016,1.0
YML,"Charlevoix Airport (Charlevoix, CA)",47.59749984741211,-70.2238998413086,1.0
YMM,"Fort McMurray International Airport (Fort McMurray, CA)",56.653301,-111.222,1.0
YMO,"Moosonee Airport (Moosonee, CA)",51.291099548339844,-80.60780334472656,1.0
YMT,"Chapais Airport (Chibougamau, CA)",49.77190017700195,-74.5280990600586,1.0
YMX,"Montreal Mirabel International Airport (Montréal, CA)",45.679501,-74.038696,1.0
YNA,"Natashquan Airport (Natashquan, CA)",50.190114,-61.78898,1.0
YND,"Ottawa / Gatineau Airport (Gatineau, CA)",45.521702,-75.563599,1.0
YLY,"Langley Airport (Langley, CA)",49.1008,-122.630997,1.0
YNL,"Points North Landing Airport (Points North Landing, CA)",58.27669906616211,-104.08200073242188,1.0
YNM,"Matagami Airport (Matagami, CA)",49.76169967651367,-77.80280303955078,1.0
YOA,"Ekati Airport (Ekati, CA)",64.6988983154,-110.614997864,1.0
YOD,"CFB Cold Lake (Cold Lake, CA)",54.404998779296875,-110.27899932861328,1.0
YOJ,"High Level Airport (High Level, CA)",58.62139892578125,-117.16500091552734,1.0
YOO,"Oshawa Executive Airport (Oshawa, CA)",43.922798,-78.894997,1.0
YOP,"Rainbow Lake Airport (Rainbow Lake, CA)",58.491402,-119.407997,1.0
YOS,"Owen Sound / Billy Bishop Regional Airport (Owen Sound, CA)",44.5903015137,-80.8375015259,1.0
YOW,"Ottawa Macdonald-Cartier International Airport (Ottawa, CA)",45.322498,-75.669197,1.3
YPA,"Prince Albert Glass Field (Prince Albert, CA)",53.214199066199996,-105.672996521,1.0
YPS,"Port Hawkesbury Airport (Port Hawkesbury, CA)",45.6567001343,-61.3680992126,1.0
YPE,"Peace River Airport (Peace River, CA)",56.226898,-117.446999,1.0
YPG,"Portage-la-Prairie / Southport Airport (Portage la Prairie, CA)",49.903099,-98.273817,1.0
YPL,"Pickle Lake Airport (Pickle Lake, CA)",51.4463996887207,-90.21420288085938,1.0
YPN,"Port-Menier Airport (Port-Menier, CA)",49.836399,-64.288597,1.0
YPQ,"Peterborough Regional Airport (Peterborough, CA)",44.232251,-78.362053,1.0
YPR,"Prince Rupert Airport (Prince Rupert, CA)",54.286098480199996,-130.445007324,1.0
YPW,"Powell River Airport (Powell River, CA)",49.83420181274414,-124.5,1.0
YPX,"Puvirnituq Airport (Puvirnituq, CA)",60.050598,-77.286903,1.0
YPY,"Fort Chipewyan Airport (Fort Chipewyan, CA)",58.7672004699707,-111.11699676513672,1.0
YPZ,"Burns Lake Airport (Burns Lake, CA)",54.3764,-125.950996,1.0
YQA,"Muskoka Airport (Gravenhurst, CA)",44.975376,-79.306546,1.0
YQB,"Quebec Jean Lesage International Airport (Quebec, CA)",46.7911,-71.393303,1.3
YQD,"The Pas Airport (The Pas, CA)",53.97140121459961,-101.09100341796875,1.0
YQF,"Red Deer Regional Airport (Springbrook, CA)",52.182201,-113.893997,1.0
YQG,"Windsor International Airport (Windsor, CA)",42.2756,-82.955597,1.0
YQH,"Watson Lake Airport (Watson Lake, CA)",60.116839,-128.821993,1.0
YQI,"Yarmouth Airport (Yarmouth, CA)",43.826900482177734,-66.08809661865234,1.0
YQK,"Kenora Airport (Kenora, CA)",49.788299560546875,-94.36309814453125,1.0
YQL,"Lethbridge County Airport (Lethbridge, CA)",49.6302986145,-112.800003052,1.0
YQM,"Greater Moncton Roméo LeBlanc International Airport (Moncton, CA)",46.113189,-64.67719,1.0
YQN,"Nakina Airport (Nakina, CA)",50.18280029296875,-86.69640350341797,1.0
YQQ,"Comox Valley International Airport / CFB Comox (Comox, CA)",49.7108,-124.887001,1.0
YQR,"Regina International Airport (Regina, CA)",50.431938,-104.660906,1.0
YQS,"St Thomas Municipal Airport (St Thomas, CA)",42.77000045776367,-81.11080169677734,1.0
YQT,"Thunder Bay International Airport (Thunder Bay, CA)",48.371899,-89.323898,1.0
YQU,"Grande Prairie Airport (Grande Prairie, CA)",55.1796989441,-118.885002136,1.0
YQV,"Yorkton Municipal Airport (Yorkton, CA)",51.264702,-102.461998,1.0
YQW,"North Battleford Airport (North Battleford, CA)",52.769409,-108.243742,1.0
YQX,"Gander International Airport (Gander, CA)",48.936258,-54.567719,1.0
YQY,"Sydney / J.A. Douglas McCurdy Airport (Sydney, CA)",46.161072,-60.049759,1.0
YQZ,"Quesnel Airport (Quesnel, CA)",53.026100158691406,-122.51000213623047,1.0
YRB,"Resolute Bay Airport (Resolute Bay, CA)",74.7169036865,-94.9693984985,1.0
YRI,"Rivière-du-Loup Airport (Rivière-du-Loup, CA)",47.764400482177734,-69.58470153808594,1.0
YRJ,"Roberval Airport (Roberval, CA)",48.519665,-72.265735,1.0
YRL,"Red Lake Airport (Red Lake, CA)",51.066898345947266,-93.79309844970703,1.0
YRO,"Ottawa / Rockcliffe Airport (Ottawa, CA)",45.460496,-75.644001,1.0
YRQ,"Trois-Rivières Airport (Trois-Rivières, CA)",46.35279846191406,-72.67939758300781,1.0
YRT,"Rankin Inlet Airport (Rankin Inlet, CA)",62.8114013672,-92.1157989502,1.0
YRV,"Revelstoke Airport (Revelstoke, CA)",50.962245,-118.184258,1.0
YSB,"Sudbury Airport (Sudbury, CA)",46.625,-80.79889678955078,1.0
YSC,"Sherbrooke Airport (Sherbrooke, CA)",45.438599,-71.691399,1.0
YSF,"Stony Rapids Airport (Stony Rapids, CA)",59.250301361083984,-105.84100341796875,1.0
YSH,"Smiths Falls-Montague (Russ Beach) Airport (Smiths Falls, CA)",44.945801,-75.940598,1.0
YSJ,"Saint John Airport (Saint John, CA)",45.31610107421875,-65.89029693603516,1.0
YSL,"Saint-Léonard Airport (Saint-Léonard, CA)",47.157097,-67.836242,1.0
YSM,"Fort Smith Airport (Fort Smith, CA)",60.020302,-111.961998,1.0
YCM,"Niagara District Airport (Niagara-on-the-Lake, CA)",43.191598,-79.171686,1.0
YSP,"Marathon Airport (Marathon, CA)",48.75529861450195,-86.34439849853516,1.0
YSU,"Summerside Airport (Slemon Park, CA)",46.440601,-63.833599,1.0
YTA,"Pembroke Airport (Pembroke, CA)",45.86439895629883,-77.25170135498047,1.0
YTF,"Alma Airport (Alma, CA)",48.5089,-71.641899,1.0
YTH,"Thompson Airport (Thompson, CA)",55.80110168457031,-97.86419677734375,1.0
YTR,"CFB Trenton (Trenton, CA)",44.118900299072266,-77.5280990600586,1.0
YTS,"Timmins/Victor M. Power (Timmins, CA)",48.569698333699996,-81.376701355,1.0
YTZ,"Billy Bishop Toronto City Airport (Toronto, CA)",43.627852,-79.39553,1.0
YUL,"Montreal / Pierre Elliott Trudeau International Airport (Montréal, CA)",45.467837,-73.742294,1.3
YUX,"Hall Beach Airport (Sanirajak, CA)",68.7761,-81.2425,1.0
YUY,"Rouyn Noranda Airport (Rouyn-Noranda, CA)",48.20610046386719,-78.83560180664062,1.0
YVB,"Bonaventure Airport (Bonaventure, CA)",48.071098,-65.460297,1.0
YVC,"La Ronge Airport (La Ronge, CA)",55.151401519800004,-105.262001038,1.0
YVE,"Vernon Regional Airport (Vernon, CA)",50.246163,-119.330963,1.0
YVO,"Val-d'Or Airport (Val-d'Or, CA)",48.0532989502,-77.7827987671,1.0
YVP,"Kuujjuaq Airport (Kuujjuaq, CA)",58.096099853515625,-68.4269027709961,1.0
YVQ,"Norman Wells Airport (Norman Wells, CA)",65.28160095214844,-126.7979965209961,1.0
YVR,"Vancouver International Airport (Vancouver, CA)",49.193901,-123.183998,1.3
YVV,"Wiarton Airport (Wiarton, CA)",44.7458,-81.107201,1.0
YWG,"Winnipeg / James Armstrong Richardson International Airport (Winnipeg, CA)",49.909999847399995,-97.2398986816,1.3
YWK,"Wabush Airport (Wabush, CA)",52.92190170288086,-66.8644027709961,1.0
YWL,"Williams Lake Airport (Williams Lake, CA)",52.1831016541,-122.054000854,1.0
YWY,"Wrigley Airport (Wrigley, CA)",63.20940017700195,-123.43699645996094,1.0
YXC,"Cranbrook/Canadian Rockies International Airport (Cranbrook, CA)",49.610802,-115.781998,1.0
YXE,"Saskatoon John G. Diefenbaker International Airport (Saskatoon, CA)",52.170723,-106.700793,1.3
YXH,"Medicine Hat Regional Airport (Medicine Hat, CA)",50.018902,-110.721001,1.0
YXJ,"Fort St John / North Peace Regional Airport (Fort Saint John, CA)",56.238098,-120.739998,1.0
YXK,"Rimouski Airport (Rimouski, CA)",48.477644,-68.496323,1.0
YXL,"Sioux Lookout Airport (Sioux Lookout, CA)",50.11389923095703,-91.9052963256836,1.0
YXQ,"Beaver Creek Airport (Beaver Creek, CA)",62.410301208496094,-140.86700439453125,1.0
YXR,"Earlton (Timiskaming Regional) Airport (Earlton, CA)",47.697400654599996,-79.8473453522,1.0
YXS,"Prince George (International) Airport (Prince George, CA)",53.884311,-122.666554,1.0
YXT,"Northwest Regional Airport Terrace-Kitimat (Terrace, CA)",54.468498,-128.576009,1.0
YXU,"London International Airport (London, CA)",43.032845,-81.149003,1.0
YXX,"Abbotsford International Airport (Abbotsford, CA)",49.025299,-122.361,1.0
YXY,"Whitehorse / Erik Nielsen International Airport (Whitehorse, CA)",60.708533,-135.065705,1.0
YXZ,"Wawa Airport (Wawa, CA)",47.96670150756836,-84.78669738769531,1.0
YYB,"North Bay Jack Garland Airport (North Bay, CA)",46.363602,-79.422798,1.0
YYC,"Calgary International Airport (Calgary, CA)",51.118822,-114.009933,1.3
YYD,"Smithers Airport (Smithers, CA)",54.82469940185547,-127.18299865722656,1.0
YYE,"Fort Nelson Airport (Fort Nelson, CA)",58.8363990784,-122.597000122,1.0
YYF,"Penticton Airport (Penticton, CA)",49.46310043334961,-119.60199737548828,1.0
YYG,"Charlottetown Airport (Charlottetown, CA)",46.288911,-63.125174,1.0
YYJ,"Victoria International Airport (Victoria, CA)",48.647201,-123.427792,1.3
YYL,"Lynn Lake Airport (Lynn Lake, CA)",56.86389923095703,-101.07599639892578,1.0
YYN,"Swift Current Airport (Swift Current, CA)",50.291900634799994,-107.691001892,1.0
YYQ,"Churchill Airport (Churchill, CA)",58.739200592041016,-94.06500244140625,1.0
YYR,"Goose Bay Airport (Goose Bay, CA)",53.3191986084,-60.4258003235,1.0
YYT,"St. John's International Airport (St. John's, CA)",47.618599,-52.7519,1.3
YYU,"Kapuskasing Airport (Kapuskasing, CA)",49.411587,-82.469645,1.0
YYW,"Armstrong Airport (Armstrong, CA)",50.29029846191406,-88.90969848632812,1.0
YYY,"Mont Joli Airport (Mont-Joli, CA)",48.60860061645508,-68.20809936523438,1.0
YYZ,"Toronto Pearson International Airport (Toronto, CA)",43.675935,-79.629421,1.3
YZE,"Gore Bay Manitoulin Airport (Gore Bay, CA)",45.8853,-82.567802,1.0
YZF,"Yellowknife International Airport (Yellowknife, CA)",62.462799,-114.440002,1.0
YZH,"Slave Lake Airport (Slave Lake, CA)",55.292945,-114.777276,1.0
YZP,"Sandspit Airport (Sandspit, CA)",53.25429916379999,-131.813995361,1.0
YZR,"Chris Hadfield Airport (Sarnia, CA)",42.999401,-82.308899,1.0
YZS,"Coral Harbour Airport (Coral Harbour, CA)",64.1932983398,-83.3593978882,1.0
YZT,"Port Hardy Airport (Port Hardy, CA)",50.680599212646484,-127.36699676513672,1.0
YZU,"Whitecourt Airport (Whitecourt, CA)",54.143902,-115.787003,1.0
YZV,"Sept-Îles Airport (Sept-Îles, CA)",50.22330093383789,-66.2656021118164,1.0
YZW,"Teslin Airport (Teslin, CA)",60.17279815673828,-132.7429962158203,1.0
YZX,"CFB Greenwood (Greenwood, CA)",44.98440170288086,-64.91690063476562,1.0
YSN,"Shuswap Regional Airport (Salmon Arm, CA)",50.682802,-119.228996,1.0
YDT,"Boundary Bay Airport (Delta, CA)",49.074338,-123.006877,1.0
ZBF,"Bathurst Airport (South Tetagouche, CA)",47.6297,-65.738899,1.0
ZBM,"Bromont (Roland Désourdy) Airport (Bromont, CA)",45.290798,-72.741402,1.0
KES,"Kelsey Airport (Kelsey, CA)",56.0374984741,-96.50969696039999,1.0
ZFA,"Faro Airport (Faro, CA)",62.20750045776367,-133.37600708007812,1.0
ZGF,"Grand Forks Airport (Grand Forks, CA)",49.015598,-118.431,1.0
ZJG,"Jenpeg Airport (Jenpeg, CA)",54.51890182495117,-98.04609680175781,1.0
ZJN,"Swan River Airport (Swan River, CA)",52.120602,-101.236,1.0
YTD,"Thicket Portage Airport (Thicket Portage, CA)",55.31890106201172,-97.70780181884766,1.0
PIW,"Pikwitonei Airport (Pikwitonei, CA)",55.58890151977539,-97.16419982910156,1.0
ZMT,"Masset Airport (Masset, CA)",54.0275,-132.125,1.0
WPC,"Pincher Creek Airport (Pincher Creek, CA)",49.520429,-113.997002,1.0
ZSJ,"Sandy Lake Airport (Sandy Lake, CA)",53.06420135498047,-93.34439849853516,1.0
ZST,"Stewart Airport (Stewart, CA)",55.935410448,-129.982434511,1.0
ZUC,"Ignace Municipal Airport (Ignace, CA)",49.428204,-91.720418,1.0
BUJ,"Bou Saada Airport (Ouled Sidi Brahim, DZ)",35.3325,4.20639,1.0
BJA,"Soummam–Abane Ramdane Airport (Béjaïa, DZ)",36.712547,5.069909,1.3
ALG,"Houari Boumediene Airport (Algiers, DZ)",36.693886,3.214531,1.3
DJG,"Tiska Djanet Airport (Djanet, DZ)",24.285448,9.463652,1.3
VVZ,"Illizi Takhamalt Airport (Illizi, DZ)",26.723499,8.62265,1.0
QSF,"Ain Arnat Airport (Sétif, DZ)",36.178488,5.329909,1.0
TMR,"Aguenar – Hadj Bey Akhamok Airport (Tamanrasset, DZ)",22.810992,5.450832,1.3
GJL,"Jijel Ferhat Abbas Airport (Tahir, DZ)",36.794125,5.873652,1.3
MZW,"Mecheria Airport (Mecheria, DZ)",33.535900116,-0.242353007197,1.0
AAE,"Annaba Rabah Bitat Airport (Annaba, DZ)",36.826781,7.81334,1.3
CZL,"Mohamed Boudiaf International Airport (Constantine, DZ)",36.276001,6.62039,1.3
TEE,"Cheikh Larbi Tébessi Airport (Tébessi, DZ)",35.4315986633,8.12071990967,1.0
BLJ,"Batna Mostefa Ben Boulaid Airport (Batna, DZ)",35.752102,6.30859,1.3
HRM,"Hassi R'Mel Airport (Hassi R'Mel, DZ)",32.930401,3.31154,1.0
TID,"Abdelhafid Boussouf Bou Chekif Airport (Tiaret, DZ)",35.341099,1.46315,1.0
TIN,"Tindouf Airport (Tindouf, DZ)",27.7003993988,-8.167099952700001,1.0
CFK,"Chlef Aboubakr Belkaid International Airport (Chlef, DZ)",36.216614,1.341114,1.3
TAF,"Oran Tafraoui Airport (Tafraoui, DZ)",35.5424,-0.532278,1.0
TLM,"Zenata – Messali El Hadj Airport (Zenata, DZ)",35.012732,-1.457117,1.3
ORN,"Oran Es-Sénia (Ahmed Ben Bella) International Airport (Es-Sénia, DZ)",35.620648,-0.622486,1.3
CBH,"Béchar Boudghene Ben Ali Lotfi Airport (Béchar, DZ)",31.645700454711914,-2.269860029220581,1.0
MUW,"Ghriss Airport (Ghriss, DZ)",35.207699,0.147142,1.0
BMW,"Bordj Badji Mokhtar Airport (Bordj Badji Mokhtar, DZ)",21.3778,0.92698,1.0
AZR,"Touat-Cheikh Sidi Mohamed Belkebir Airport (Adrar, DZ)",27.837601,-0.186414,1.0
BSK,"Biskra - Mohamed Khider Airport (Biskra, DZ)",34.79318,5.738899,1.3
ELG,"El Golea Airport (El Menia, DZ)",30.580732,2.861595,1.0
GHA,"Noumérat - Moufdi Zakaria Airport (El Atteuf, DZ)",32.384102,3.79411,1.0
HME,"Hassi Messaoud-Oued Irara Krim Belkacem Airport (Hassi Messaoud, DZ)",31.673,6.14044,1.0
INZ,"In Salah Airport (In Salah, DZ)",27.250999,2.51202,1.0
TGR,"Touggourt Sidi Madhi Airport (Touggourt, DZ)",33.067799,6.08867,1.0
LOO,"Laghouat - Molay Ahmed Medeghri Airport (Laghouat, DZ)",33.7644,2.92834,1.0
ELU,"Guemar Airport - مطار قمار بالوادي (Guemar, DZ)",33.511398,6.77679,1.0
TMX,"Timimoun Airport (Timimoun, DZ)",29.237101,0.276033,1.0
OGX,"Ain Beida Airport (Ouargla, DZ)",31.9172,5.41278,1.0
IAM,"Zarzaitine - In Aménas Airport (In Aménas, DZ)",28.0515,9.64291,1.0
COO,"Cotonou Cadjehoun International Airport (Cotonou, BJ)",6.35723,2.38435,1.3
OUA,"Ouagadougou Thomas Sankara International Airport (Ouagadougou, BF)",12.3532,-1.51242,1.3
BOY,"Bobo Dioulasso Airport (Bobo Dioulasso, BF)",11.1601,-4.33097,1.3
ACC,"Kotoka International Airport (Accra, GH)",5.605189800262451,-0.16678600013256073,1.3
TML,"Yakubu Tali International Airport (Tamale, GH)",9.553909,-0.86606,1.3
KMS,"Prempeh I International Airport (Kumasi, GH)",6.71456,-1.59082,1.3
NYI,"Sunyani Airport (Sunyani, GH)",7.36183,-2.32876,1.0
TKD,"Takoradi Airport (Sekondi-Takoradi, GH)",4.896059989929199,-1.7747600078582764,1.0
ABJ,"Félix-Houphouët-Boigny International Airport (Abidjan, CI)",5.26139,-3.92629,1.3
BYK,"Bouaké Airport (Bouaké, CI)",7.7388,-5.07367,1.0
DJO,"Daloa Airport (, CI)",6.79281,-6.47319,1.0
HGO,"Korhogo Airport (Korhogo, CI)",9.38718,-5.55666,1.0
MJC,"Man Airport (, CI)",7.27207,-7.58736,1.0
SPY,"San Pedro Airport (, CI)",4.74672,-6.66082,1.0
ASK,"Yamoussoukro International Airport (Yamoussoukro, CI)",6.90317,-5.36558,1.3
DKA,"Umaru Musa Yar'adua Airport (Katsina, NG)",13.0078,7.66045,1.0
ABV,"Nnamdi Azikiwe International Airport (Abuja, NG)",9.00679,7.26317,1.3
QUO,"Akwa Ibom International Airport (Uyo, NG)",4.8725,8.093,1.0
AKR,"Akure Airport (Akure, NG)",7.246739864349365,5.3010101318359375,1.0
ABB,"Asaba International Airport (Asaba, NG)",6.204167,6.665278,1.3
BCU,"Sir Abubakar Tafawa Balewa Bauchi State International Airport (Bauchi, NG)",10.482833,9.744,1.3
BNI,"Benin Airport (Benin, NG)",6.316979885101318,5.5995001792907715,1.0
CBQ,"Margaret Ekpo International Airport (Calabar, NG)",4.976019859313965,8.347200393676758,1.0
ENU,"Akanu Ibiam International Airport (Enegu, NG)",6.473718,7.560463,1.3
GMO,"Gombe Lawanti International Airport (Gombe, NG)",10.298889,10.9,1.0
IBA,"Ibadan Airport (Ibadan, NG)",7.362460136413574,3.97832989692688,1.0
ILR,"General Tunde Idiagbon International Airport (Ilorin/Ogbomosho, NG)",8.44021,4.49392,1.3
QOW,"Sam Mbakwe International Cargo Airport (Owerri, NG)",5.42706,7.20603,1.0
JOS,"Yakubu Gowon Airport (Jos, NG)",9.639829635620117,8.869050025939941,1.0
KAD,"Kaduna International Airport (Kaduna, NG)",10.696,7.32011,1.3
KAN,"Mallam Aminu Kano International Airport (Kano, NG)",12.045613,8.523566,1.3
MIU,"Maiduguri International Airport (Maiduguri, NG)",11.854163,13.080702,1.3
MDI,"Makurdi Airport (Makurdi, NG)",7.70388,8.61394,1.0
LOS,"Murtala Muhammed International Airport (Lagos, NG)",6.57737,3.32116,1.3
MXJ,"Minna Airport (Minna, NG)",9.652170181274414,6.462259769439697,1.0
PHC,"Port Harcourt International Airport (Port Harcourt, NG)",5.01549,6.94959,1.3
SKO,"Sadiq Abubakar III International Airport (Sokoto, NG)",12.915729,5.207547,1.3
QRW,"Warri Airport (Okpe, NG)",5.59821,5.8187,1.0
YOL,"Yola Airport (Yola, NG)",9.257550239562988,12.430399894714355,1.0
ZAR,"Zaria Airport (Zaria, NG)",11.1302,7.68581,1.0
MFQ,"Maradi Airport (Maradi, NE)",13.5025,7.12675,1.0
NIM,"Diori Hamani International Airport (Niamey, NE)",13.4815,2.18361,1.3
THZ,"Tahoua Airport (Tahoua, NE)",14.8757,5.26536,1.0
AJY,"Mano Dayak International Airport (Agadez, NE)",16.966,8.00011,1.0
ZND,"Zinder Airport (Zinder, NE)",13.779000282287598,8.983759880065918,1.0
TBJ,"Tabarka-Aïn Draham International Airport (Tabarka, TN)",36.98,8.87694,1.0
MIR,"Monastir Habib Bourguiba International Airport (Monastir, TN)",35.75809860229492,10.75469970703125,1.0
NBE,"Enfidha - Hammamet International Airport (Enfidha, TN)",36.075833,10.438611,1.0
TUN,"Tunis Carthage International Airport (Tunis, TN)",36.851002,10.2272,1.3
GAF,"Gafsa Ksar International Airport (Gafsa, TN)",34.422000885009766,8.822500228881836,1.0
GAE,"Gabès Matmata International Airport (Gabès, TN)",33.733691,9.91941,1.0
DJE,"Djerba Zarzis International Airport (Mellita, TN)",33.873719,10.7773,1.3
EBM,"El Borma Airport (El Borma, TN)",31.7043,9.25462,1.0
SFA,"Sfax Thyna International Airport (Sfax, TN)",34.717999,10.691,1.0
TOE,"Tozeur Nefta International Airport (Tozeur, TN)",33.939701080322266,8.110560417175293,1.0
LRL,"Niamtougou International Airport (Niamtougou, TG)",9.766675,1.090944,1.3
LFW,"Lomé–Tokoin International Airport (Lomé, TG)",6.16561,1.25451,1.3
ANR,"Antwerp International Airport (Deurne) (Antwerp, BE)",51.190667,4.463153,1.0
BRU,"Brussels Airport (Zaventem, BE)",50.901402,4.48444,1.3
CRL,"Brussels South Charleroi Airport (Charleroi, BE)",50.461963,4.459562,1.3
KJK,"Kortrijk-Wevelgem International Airport (Wevelgem, BE)",50.818878,3.209551,1.0
LGG,"Liège Airport (Grâce-Hollogne, BE)",50.638574,5.443897,1.0
OST,"Ostend-Bruges International Airport (Oostende, BE)",51.1998,2.874673,1.3
AOC,"Leipzig–Altenburg Airport (Nobitz, DE)",50.981945,12.506389,1.0
HDF,"Heringsdorf Airport (Zirchow, DE)",53.8787,14.1523,1.0
FNB,"Neubrandenburg Trollenhagen Airport (Trollenhagen, DE)",53.6022,13.306,1.0
BER,"Berlin Brandenburg Airport (Berlin, DE)",52.361738,13.502341,1.3
DRS,"Dresden Airport (Dresden, DE)",51.134123,13.767831,1.3
ERF,"Erfurt-Weimar Airport (Erfurt, DE)",50.978281,10.960713,1.3
FRA,"Frankfurt Main Airport (Frankfurt am Main, DE)",50.026706,8.55835,1.3
FMO,"Münster Osnabrück Airport (Greven, DE)",52.133816,7.688482,1.3
HAM,"Hamburg Helmut Schmidt Airport (Hamburg, DE)",53.630402,9.98823,1.3
CGN,"Cologne Bonn Airport (Köln (Cologne), DE)",50.865898,7.14274,1.3
DUS,"Düsseldorf Airport (Düsseldorf, DE)",51.289501,6.76678,1.3
MUC,"Munich Airport (Munich, DE)",48.353802,11.7861,1.3
NUE,"Nuremberg Airport (Nuremberg, DE)",49.498699,11.078056,1.3
LEJ,"Leipzig/Halle Airport (Schkeuditz, DE)",51.420657,12.232705,1.3
SCN,"Saarbrücken Airport (Saarbrücken, DE)",49.214545,7.109735,1.0
STR,"Stuttgart Airport (Stuttgart, DE)",48.689899,9.22196,1.3
HAJ,"Hannover Airport (Hannover, DE)",52.461102,9.68508,1.3
BRE,"Bremen Airport (Bremen, DE)",53.046786,8.78932,1.3
HHN,"Frankfurt-Hahn Airport (Frankfurt am Main (Lautzenhausen), DE)",49.946353,7.261734,1.3
MHG,"Mannheim-City Airport (Mannheim, DE)",49.473057,8.514167,1.0
EIB,"Eisenach-Kindel Airport (Hörselberg-Hainich, DE)",50.991604,10.47973,1.0
SGE,"Siegerland Airport (Burbach, DE)",50.707699,8.08297,1.0
XFW,"Hamburg-Finkenwerder Airport (Hamburg, DE)",53.535278,9.835556,1.0
KEL,"Kiel-Holtenau Airport (Kiel, DE)",54.37957,10.145266,1.0
LBC,"Lübeck Blankensee Airport (Lübeck, DE)",53.805401,10.7192,1.0
FMM,"Memmingen Allgau Airport (Memmingen, DE)",47.988092,10.238248,1.3
BFE,"Bielefeld Airport (Bielefeld, DE)",51.964722,8.544444,1.0
MGL,"Mönchengladbach Airport (Mönchengladbach, DE)",51.230278,6.504444,1.0
PAD,"Paderborn Lippstadt Airport (Büren, DE)",51.612527,8.617459,1.3
NRN,"Weeze (Niederrhein) Airport (Weeze, DE)",51.601362,6.141228,1.3
DTM,"Dortmund Airport (Dortmund, DE)",51.518299,7.61224,1.3
AGB,"Augsburg Airport (Augsburg, DE)",48.425278,10.931667,1.0
OBF,"Oberpfaffenhofen Airport (Weßling, DE)",48.081402,11.2831,1.0
FDH,"Bodensee Airport Friedrichshafen (Friedrichshafen, DE)",47.671299,9.51149,1.3
BYU,"Bayreuth Airport (Bindlach, DE)",49.985001,11.64,1.0
HOQ,"Hof-Plauen Airport (Hof, DE)",50.288544,11.852876,1.0
FKB,"Karlsruhe Baden-Baden Airport (Rheinmünster, DE)",48.7794,8.0805,1.3
LHA,"Lahr Airport (Lahr/Schwarzwald, DE)",48.369301,7.82772,1.0
BWE,"Braunschweig-Wolfsburg Airport (Braunschweig, DE)",52.319199,10.5561,1.0
KSF,"Kassel Airport (Calden, DE)",51.418395,9.391638,1.3
GWT,"Westerland Sylt Airport (Sylt, DE)",54.9132,8.34047,1.0
KDL,"Kärdla Airport (Kärdla, EE)",58.99079895019531,22.830699920654297,1.0
URE,"Kuressaare Airport (Kuressaare, EE)",58.22990036010742,22.50950050354004,1.0
EPU,"Pärnu Airport (Pärnu, EE)",58.41899871826172,24.47279930114746,1.0
EES,"Berenice International Airport / Banas Cape Air Base (Berenice Troglodytica, EG)",23.980437,35.460277,1.3
TLL,"Lennart Meri Tallinn Airport (Tallinn, EE)",59.413246,24.83264,1.3
TAY,"Tartu Airport (Tartu, EE)",58.307438,26.686473,1.0
ENF,"Enontekio Airport (Enontekio, FI)",68.362602233887,23.424299240112,1.0
KEV,"Halli Airport (Jämsä, FI)",61.856039,24.786686,1.0
HEL,"Helsinki Vantaa Airport (Helsinki (Vantaa), FI)",60.318363,24.963341,1.3
KTQ,"Kitee Airport (Kitee, FI)",62.1661,30.073601,1.0
IVL,"Ivalo Airport (Ivalo, FI)",68.6073,27.4053,1.3
JOE,"Joensuu Airport (Joensuu, FI)",62.658815,29.619398,1.0
JYV,"Jyväskylä Airport (Jyväskylän Maalaiskunta, FI)",62.399502,25.678301,1.0
KAU,"Kauhava Airfield (Kauhava, FI)",63.127102,23.051399,1.0
KEM,"Kemi-Tornio Airport (Kemi / Tornio, FI)",65.778701782227,24.582099914551,1.0
KAJ,"Kajaani Airport (Kajaani, FI)",64.2855,27.6924,1.0
KHJ,"Kauhajoki Airfield (Kauhajoki, FI)",62.463212,22.390817,1.0
KOK,"Kokkola-Pietarsaari Airport (Kokkola / Kruunupyy, FI)",63.721199,23.143101,1.0
KAO,"Kuusamo Airport (Kuusamo, FI)",65.987602,29.239401,1.0
KTT,"Kittilä International Airport (Kittilä, FI)",67.700996,24.8468,1.3
KUO,"Kuopio Airport (Kuopio / Siilinjärvi, FI)",63.007099,27.7978,1.3
LPP,"Lappeenranta Airport (Lappeenranta, FI)",61.044601,28.144743,1.3
MHQ,"Mariehamn Airport (Mariehamn, FI)",60.1222,19.898199,1.3
MIK,"Mikkeli Airport (Mikkeli, FI)",61.6866,27.201799,1.0
OUL,"Oulu Airport (Oulu / Oulunsalo, FI)",64.930099,25.354601,1.3
POR,"Pori Airport (Pori, FI)",61.4617,21.799999,1.0
RVN,"Rovaniemi Airport (Rovaniemi, FI)",66.563327,25.829751,1.3
SVL,"Savonlinna Airport (Savonlinna, FI)",61.9431,28.945101,1.0
SJY,"Seinäjoki Airport (Seinäjoki / Ilmajoki, FI)",62.692101,22.8323,1.0
SOT,"Sodankyla Airport (Sodankyla, FI)",67.3949966431,26.6191005707,1.0
TMP,"Tampere-Pirkkala Airport (Tampere / Pirkkala, FI)",61.414101,23.604401,1.3
TKU,"Turku Airport (Turku, FI)",60.514099,22.2628,1.3
UTI,"Utti Air Base (Utti / Valkeala, FI)",60.8964,26.9384,1.0
VAA,"Vaasa Airport (Vaasa, FI)",63.05023,21.762543,1.3
VRK,"Varkaus Airport (Varkaus / Joroinen, FI)",62.171101,27.868601,1.0
YLI,"Ylivieska Airfield (Ylivieska, FI)",64.054722,24.725278,1.0
BFS,"Belfast International Airport (Belfast, GB)",54.6575012207,-6.2158298492399995,1.3
ENK,"Enniskillen/St Angelo Airport (Enniskillen, Fermanagh and Omagh, GB)",54.398274,-7.651179,1.0
BHD,"George Best Belfast City Airport (Belfast, GB)",54.618099,-5.8725,1.0
LDY,"City of Derry Airport (Derry, Derry and Strabane, GB)",55.042801,-7.16111,1.0
BHX,"Birmingham Airport (Birmingham, West Midlands, GB)",52.453899,-1.74803,1.3
CVT,"Coventry Airport (Coventry, West Midlands, GB)",52.369701,-1.47972,1.0
GLO,"Gloucestershire Airport (Staverton, Gloucestershire, GB)",51.894199,-2.16722,1.0
NQT,"Nottingham City Airport (Nottingham, Nottinghamshire, GB)",52.919998,-1.07917,1.0
MAN,"Manchester Airport (Manchester, Greater Manchester, GB)",53.349375,-2.279521,1.3
YEO,"RNAS Yeovilton (Yeovil, Somerset, GB)",51.009399,-2.63882,1.0
CAL,"Campbeltown Airport (Campbeltown, GB)",55.437199,-5.68639,1.0
EOI,"Eday Airport (Eday, GB)",59.19060134887695,-2.7722198963165283,1.0
HAW,"Haverfordwest Airport (Haverfordwest, GB)",51.833099365234375,-4.9611101150512695,1.0
CWL,"Cardiff International Airport (Cardiff, GB)",51.396702,-3.34333,1.3
SWS,"Swansea Airport (Swansea, GB)",51.601366,-4.071006,1.0
BRS,"Bristol Airport (Bristol, GB)",51.382326,-2.716453,1.3
LPL,"Liverpool John Lennon Airport (Liverpool, GB)",53.334863,-2.849637,1.3
LTN,"London Luton Airport (Luton, Luton, GB)",51.874699,-0.368333,1.3
BOH,"Bournemouth Airport (Bournemouth, GB)",50.780483,-1.839576,1.0
SOU,"Southampton Airport (Southampton, GB)",50.950298,-1.3568,1.0
NQY,"Cornwall Airport Newquay (Newquay, GB)",50.440601,-4.99541,1.0
ACI,"Alderney Airport (Saint Anne, GG)",49.706104,-2.21472,1.0
GCI,"Guernsey Airport (Saint Peter Port, GG)",49.435001,-2.60197,1.0
JER,"Jersey Airport (St. Peter, JE)",49.207901,-2.19551,1.0
ESH,"Brighton City Airport (Brighton, East Sussex, GB)",50.835602,-0.297222,1.0
BQH,"London Biggin Hill Airport (London, GB)",51.33079910279999,0.0324999988079,1.0
LGW,"London Gatwick Airport (London, GB)",51.148744,-0.185739,1.3
LCY,"London City Airport (London, GB)",51.505299,0.055278,1.0
FAB,"Farnborough Airport (Farnborough, Hampshire, GB)",51.275799,-0.776333,1.0
BBS,"Blackbushe Airport (Camberley, Surrey, GB)",51.323898,-0.8475,1.0
LHR,"London Heathrow Airport (London, GB)",51.470748,-0.459909,1.3
SEN,"London Southend Airport (Southend-on-Sea, Essex, GB)",51.570562,0.693627,1.0
LYX,"Lydd London Ashford Airport (Romney Marsh, Kent, GB)",50.956246,0.939074,1.0
CAX,"Carlisle Lake District Airport (Carlisle, Cumbria, GB)",54.9375,-2.80917,1.0
BLK,"Blackpool Airport (Blackpool, GB)",53.771702,-3.02861,1.0
HUY,"Humberside Airport (Grimsby, Lincolnshire, GB)",53.576152,-0.34954,1.0
BWF,"Barrow Walney Island Airport (Barrow-in-Furness, GB)",54.1286111,-3.2675,1.0
LBA,"Leeds Bradford Airport (Leeds, West Yorkshire, GB)",53.865898,-1.66057,1.3
WRT,"Warton Aerodrome (Warton, GB)",53.745098,-2.88306,1.0
CEG,"Hawarden Airport (Broughton, GB)",53.178101,-2.97778,1.0
IOM,"Isle of Man Airport (Castletown, IM)",54.083081,-4.623871,1.3
NCL,"Newcastle International Airport (Newcastle upon Tyne, Tyne and Wear, GB)",55.037958,-1.689577,1.3
MME,"Teesside International Airport (Darlington, Durham, GB)",54.509201,-1.42941,1.0
EMA,"East Midlands Airport (Nottingham, Leicestershire, GB)",52.8311,-1.32806,1.3
VLY,"Anglesey Airport (Angelsey, GB)",53.2481,-4.53534,1.0
KOI,"Kirkwall Airport (Kirkwall, Orkney Islands, GB)",58.957903,-2.905077,1.0
LSI,"Sumburgh Airport (Lerwick, Shetland, GB)",59.878899,-1.29556,1.0
WIC,"Wick John O'Groats Airport (Wick, GB)",58.4589,-3.09306,1.0
ABZ,"Aberdeen International Airport (Aberdeen, GB)",57.2019,-2.19778,1.3
INV,"Inverness Airport (Inverness, GB)",57.5425,-4.0475,1.0
GLA,"Glasgow Airport (Glasgow, GB)",55.871899,-4.43306,1.3
EDI,"Edinburgh Airport (Edinburgh, GB)",55.950145,-3.372288,1.3
ILY,"Islay Airport (Isle of Islay, Argyll and Bute, GB)",55.682708,-6.257525,1.0
PIK,"Glasgow Prestwick Airport (Prestwick, South Ayrshire, GB)",55.501499,-4.577182,1.3
BEB,"Benbecula Airport (Balivanich, GB)",57.481098,-7.36278,1.0
DND,"Dundee Airport (Dundee, GB)",56.452499,-3.02583,1.0
SYY,"Stornoway Airport (Stornoway, Western Isles, GB)",58.215599,-6.33111,1.0
BRR,"Barra Airport (Eoligarry, GB)",57.0228,-7.44306,1.0
TRE,"Tiree Airport (Balemartine, Argyll and Bute, GB)",56.499199,-6.86917,1.0
ADX,"Leuchars Station Airfield (Leuchars, Fife, GB)",56.37398,-2.868862,1.0
LMO,"RAF Lossiemouth (Lossiemouth, Moray, GB)",57.7052,-3.33917,1.0
CBG,"Cambridge City Airport (Cambridge, Cambridgeshire, GB)",52.205002,0.175,1.0
NWI,"Norwich Airport (Norwich, Norfolk, GB)",52.6758,1.28278,1.0
STN,"London Stansted Airport (London, Essex, GB)",51.884998,0.235,1.3
EXT,"Exeter International Airport (Exeter, Devon, GB)",50.734261,-3.413984,1.0
OXF,"London Oxford Airport (Kidlington, Oxfordshire, GB)",51.836899,-1.32,1.0
BEX,"RAF Benson (Wallingford, Oxfordshire, GB)",51.614366,-1.095991,1.0
LKZ,"RAF Lakenheath (Brandon, Suffolk, GB)",52.40954,0.561161,1.0
MHZ,"RAF Mildenhall (Bury Saint Edmunds, Suffolk, GB)",52.3619,0.486406,1.0
FFD,"RAF Fairford (Fairford, Gloucestershire, GB)",51.683568,-1.789172,1.0
BZZ,"RAF Brize Norton (Carterton, Oxfordshire, GB)",51.75,-1.58362,1.0
ODH,"RAF Odiham (Hook, Hampshire, GB)",51.2341,-0.942825,1.0
NHT,"RAF Northolt (Northolt, Greater London, GB)",51.553001,-0.418167,1.0
QCY,"RAF Coningsby (Lincoln, Lincolnshire, GB)",53.092999,-0.166014,1.0
BEQ,"RAF Honington (Bury Saint Edmunds, Suffolk, GB)",52.342602,0.772939,1.0
WTN,"RAF Waddington (Lincoln, Lincolnshire, GB)",53.166199,-0.523811,1.0
KNF,"RAF Marham (King's Lynn, Norfolk, GB)",52.648395,0.550692,1.0
MPN,"Mount Pleasant Airport / RAF Mount Pleasant (Mount Pleasant, FK)",-51.822642,-58.445777,1.3
AMS,"Amsterdam Airport Schiphol (Amsterdam, NL)",52.308601,4.76389,1.3
MST,"Maastricht Aachen Airport (Maastricht, NL)",50.911087,5.769401,1.3
EIN,"Eindhoven Airport (Eindhoven, NL)",51.4500999451,5.37452983856,1.3
GRQ,"Groningen Airport Eelde (Groningen, NL)",53.119107,6.577652,1.3
GLZ,"Gilze Rijen Air Base (Rijen, NL)",51.567402,4.93183,1.0
DHR,"De Kooy Airfield / Den Helder Naval Air Station (Den Helder, NL)",52.923401,4.78062,1.0
LEY,"Lelystad Airport (Lelystad, NL)",52.453188,5.514622,1.0
LWR,"Leeuwarden Air Base (Leeuwarden, NL)",53.228599548339844,5.760560035705566,1.0
RTM,"Rotterdam The Hague Airport (Rotterdam, NL)",51.956902,4.43722,1.3
ENS,"Twente Airport (Enschede, NL)",52.275833,6.889167,1.0
UDE,"Volkel Air Base (Uden, NL)",51.657222,5.707778,1.0
WOE,"Woensdrecht Air Base (Hoogerheide, NL)",51.4491,4.34203,1.0
ORK,"Cork International Airport (Cork, IE)",51.841301,-8.49111,1.3
CFN,"Donegal Airport (Donegal, IE)",55.0442008972168,-8.340999603271484,1.0
DUB,"Dublin Airport (Dublin, IE)",53.428713,-6.262121,1.3
NOC,"Ireland West Airport Knock (Charlestown, IE)",53.910439,-8.817002,1.3
KIR,"Kerry Airport (Farranfore, IE)",52.180901,-9.52378,1.0
SNN,"Shannon Airport (Shannon, IE)",52.702,-8.92482,1.3
SXL,"Sligo Airport (Sligo, IE)",54.280200958252,-8.5992097854614,1.0
WAT,"Waterford Airport (Waterford, IE)",52.187199,-7.08696,1.0
AAR,"Aarhus Airport (Aarhus, DK)",56.303331,10.618286,1.3
BLL,"Billund Airport (Billund, DK)",55.740335,9.157019,1.3
CPH,"Copenhagen Kastrup Airport (Copenhagen, DK)",55.617900848389,12.656000137329,1.3
EBJ,"Esbjerg Airport (Esbjerg, DK)",55.525902,8.5534,1.0
KRP,"Midtjyllands Airport / Air Base Karup (Karup, DK)",56.297139,9.104311,1.0
MRW,"Lolland Falster Maribo Airport (Rødby, DK)",54.699447,11.438163,1.0
ODE,"Odense Hans Christian Andersen Airport (Odense, DK)",55.475307,10.327206,1.3
RKE,"Copenhagen Roskilde Airport (Roskilde, DK)",55.585602,12.1314,1.0
RNN,"Bornholm Airport (Rønne, DK)",55.063301,14.7596,1.0
SGD,"Sønderborg Airport (Sønderborg, DK)",54.96440124511719,9.791729927062988,1.0
CNL,"Sindal Airport (Sindal, DK)",57.503502,10.2294,1.0
SKS,"Skrydstrup Air Base (Vojens, DK)",55.221048,9.26702,1.0
SQW,"Skive Airport (Skive, DK)",56.550201,9.17298,1.0
TED,"Thisted Airport (Thisted, DK)",57.068802,8.70522,1.0
FAE,"Vágar Airport (Vágar, FO)",62.063256,-7.275782,1.3
STA,"Stauning Vestjylland  Airport (Skjern, DK)",55.990101,8.35391,1.0
AAL,"Aalborg Airport (Aalborg, DK)",57.094763,9.84993,1.3
LUX,"Luxembourg-Findel International Airport (Luxembourg, LU)",49.626845,6.212134,1.3
AES,"Ålesund Airport (Ålesund, NO)",62.560443,6.110845,1.3
ANX,"Andøya Airport, Andenes (Andenes, NO)",69.295193,16.139379,1.0
ALF,"Alta Airport (Alta, NO)",69.976097,23.3717,1.0
BNN,"Brønnøysund Airport, Brønnøy (Brønnøy, NO)",65.461098,12.2175,1.0
BOO,"Bodø Airport (Bodø, NO)",67.269203,14.3653,1.3
BGO,"Bergen Airport, Flesland (Bergen, NO)",60.2934,5.21814,1.3
BJF,"Båtsfjord Airport (Båtsfjord, NO)",70.60025,29.692612,1.0
BVG,"Berlevåg Airport (Berlevåg, NO)",70.871517,29.034097,1.0
KRS,"Kristiansand Airport (Kristiansand(Kjevik), NO)",58.204201,8.08537,1.3
BDU,"Bardufoss Airport (Målselv, NO)",69.055801,18.5404,1.0
EVE,"Harstad/Narvik Airport (Evenes, NO)",68.491302,16.678101,1.3
FRO,"Florø Airport (Florø, NO)",61.583599090576,5.0247201919556,1.0
OSL,"Oslo-Gardermoen International Airport (Oslo (Gardermoen), NO)",60.193901,11.1004,1.3
HAU,"Haugesund Airport, Karmøy (Karmøy, NO)",59.345299,5.20836,1.0
HFT,"Hammerfest Airport (Hammerfest, NO)",70.679703,23.6686,1.0
HVG,"Honningsvåg Airport, Valan (Honningsvåg, NO)",71.009697,25.983601,1.0
KSU,"Kristiansund Airport, Kvernberget (Kvernberget, NO)",63.111801,7.82452,1.0
KKN,"Kirkenes Airport, Høybuktmoen (Kirkenes, NO)",69.7258,29.8913,1.0
LKN,"Leknes Airport (Leknes, NO)",68.152496337891,13.609399795532,1.0
MEH,"Mehamn Airport (Mehamn, NO)",71.029701,27.8267,1.0
MOL,"Molde Airport, Årø (Årø, NO)",62.744701,7.2625,1.0
MJF,"Mosjøen Airport, Kjærstad (Mosjøen, NO)",65.783997,13.2149,1.0
LKL,"Lakselv Airport, Banak (Lakselv, NO)",70.068802,24.973499,1.0
NTB,"Notodden Airport (Notodden, NO)",59.565071,9.213152,1.0
OLA,"Ørland Airport (Ørland, NO)",63.69889831542969,9.604000091552734,1.0
HOV,"Ørsta-Volda Airport, Hovden (Ørsta, NO)",62.180000305176,6.0741000175476,1.0
MQN,"Mo i Rana Airport, Røssvoll (Mo i Rana, NO)",66.363899230957,14.301400184631,1.0
RVK,"Rørvik Airport, Ryum (Rørvik, NO)",64.838302612305,11.14610004425,1.0
RRS,"Røros Airport (Røros, NO)",62.578399658203,11.342300415039,1.0
LYR,"Svalbard Airport, Longyear (Longyearbyen, NO)",78.246101,15.4656,1.0
SVJ,"Svolvær Airport, Helle (Svolvær, NO)",68.243301,14.6692,1.0
SKN,"Stokmarknes Airport, Skagen (Hadsel, NO)",68.578827,15.033417,1.0
SRP,"Stord Airport, Sørstokken (Leirvik, NO)",59.791901,5.34085,1.0
SOJ,"Sørkjosen Airport (Sørkjosen, NO)",69.786797,20.9594,1.0
VAW,"Vardø Airport, Svartnes (Vardø, NO)",70.3554,31.044901,1.0
SSJ,"Sandnessjøen Airport, Stokka (Alstahaug, NO)",65.956802,12.4689,1.0
TOS,"Tromsø Airport (Tromsø, NO)",69.683296,18.9189,1.3
TRF,"Sandefjord Airport, Torp (Sandefjord(Torp), NO)",59.186699,10.2586,1.3
TRD,"Trondheim Airport, Værnes (Trondheim, NO)",63.457802,10.924,1.3
VDS,"Vadsø Airport (Vadsø, NO)",70.0653,29.8447,1.0
SVG,"Stavanger Airport, Sola (Stavanger, NO)",58.876701,5.63778,1.3
BZG,"Ignacy Jan Paderewski Bydgoszcz Airport (Bydgoszcz, PL)",53.096802,17.977699,1.0
GDN,"Gdańsk Lech Wałęsa Airport (Gdańsk, PL)",54.377602,18.4662,1.3
KRK,"Kraków John Paul II International Airport (Balice, PL)",50.077702,19.7848,1.3
KTW,"Katowice Wojciech Korfanty International Airport (Katowice, PL)",50.476015,19.080705,1.3
LUZ,"Lublin Airport (Lublin, PL)",51.240157,22.713461,1.3
LCJ,"Łódź Władysław Reymont Airport (Łódź, PL)",51.721901,19.3981,1.3
WMI,"Warsaw Modlin Airport (Nowy Dwór Mazowiecki, PL)",52.451099,20.6518,1.3
POZ,"Poznań-Ławica Airport (Poznań, PL)",52.421598,16.823359,1.3
RDO,"Warsaw Radom Airport (Radom, PL)",51.38937,21.214742,1.0
RZE,"Rzeszów-Jasionka Airport (Jasionka, PL)",50.109791,22.024155,1.3
SZZ,"Solidarity Szczecin–Goleniów Airport (Szczecin(Glewice), PL)",53.584702,14.9022,1.3
SZY,"Olsztyn-Mazury Airport (Szymany, PL)",53.481899,20.9377,1.0
WAW,"Warsaw Chopin Airport (Warsaw, PL)",52.165699,20.9671,1.3
WRO,"Copernicus Wrocław Airport (Wrocław, PL)",51.103719,16.882096,1.3
IEG,"Zielona Góra-Babimost Airport (Nowe Kramsko, PL)",52.1385,15.7986,1.0
RNB,"Ronneby Airport (Ronneby, SE)",56.266701,15.265,1.0
GOT,"Göteborg Landvetter Airport (Göteborg, SE)",57.6628,12.2798,1.3
JKG,"Jönköping Airport (Jönköping, SE)",57.757598876953125,14.068699836730957,1.0
GSE,"Säve Airport (Göteborg, SE)",57.7747,11.8704,1.0
KVB,"Skövde Airport (Skövde, SE)",58.456402,13.9727,1.0
THN,"Trollhättan-Vänersborg Airport (Trollhättan, SE)",58.31809997558594,12.345000267028809,1.0
KSK,"Karlskoga Airport (Karlskoga, SE)",59.345901,14.4959,1.0
MXX,"Mora Airport (Mora, SE)",60.957901,14.5114,1.0
NYO,"Stockholm Skavsta Airport (Nyköping, SE)",58.789656,16.911479,1.3
SCR,"Scandinavian Mountains Airport (Malung-Sälen, SE)",61.16508,12.83352,1.3
KID,"Kristianstad Airport (Kristianstad, SE)",55.9217,14.0855,1.0
KLR,"Kalmar Airport (Kalmar, SE)",56.685501,16.2876,1.0
MMX,"Malmö Sturup Airport (Malmö, SE)",55.535564,13.376327,1.3
HAD,"Halmstad Airport (Halmstad, SE)",56.69110107421875,12.820199966430664,1.0
VXO,"Växjö Kronoberg Airport (Växjö, SE)",56.929100036621094,14.727999687194824,1.0
GEV,"Gällivare Airport (Gällivare, SE)",67.13240051269531,20.814599990844727,1.0
KRF,"Kramfors-Sollefteå Höga Kusten Airport (Nyland, SE)",63.048599,17.7689,1.0
LYC,"Lycksele Airport (Lycksele, SE)",64.548302,18.7162,1.0
SDL,"Sundsvall-Härnösand Airport (Sundsvall/ Härnösand, SE)",62.528099060058594,17.443899154663086,1.0
OER,"Örnsköldsvik Airport (Örnsköldsvik, SE)",63.40829849243164,18.989999771118164,1.0
KRN,"Kiruna Airport (Kiruna, SE)",67.821999,20.3368,1.3
SFT,"Skellefteå Airport (Skellefteå, SE)",64.62480163574219,21.076900482177734,1.0
UME,"Umeå Airport (Umeå, SE)",63.791801,20.282801,1.3
VHM,"Vilhelmina South Lapland Airport (Vilhelmina, SE)",64.579102,16.833599,1.0
AJR,"Arvidsjaur Airport (Arvidsjaur, SE)",65.59030151367188,19.28190040588379,1.0
SOO,"Söderhamn Airport (Söderhamn, SE)",61.261501,17.0991,1.0
OSD,"Åre Östersund Airport (Östersund, SE)",63.193546,14.504168,1.0
ORB,"Örebro Airport (Örebro, SE)",59.22370147705078,15.038000106811523,1.0
KSD,"Karlstad Airport (Karlstad, SE)",59.444698,13.3374,1.0
VST,"Stockholm Västerås Airport (Stockholm / Västerås, SE)",59.589401,16.6336,1.3
LLA,"Luleå Airport (Luleå, SE)",65.5438,22.122,1.3
ARN,"Stockholm-Arlanda Airport (Stockholm, SE)",59.64849,17.928829,1.3
BMA,"Stockholm-Bromma Airport (Stockholm, SE)",59.354401,17.9417,1.0
BLE,"Dala Airport (Borlange, SE)",60.422001,15.5152,1.0
GVX,"Gävle Sandviken Airport (Gävle / Sandviken, SE)",60.5933,16.951401,1.0
LPI,"Linköping City Airport (Linköping, SE)",58.404909,15.684499,1.3
NRK,"Norrköping Airport (Norrköping, SE)",58.586299896240234,16.250600814819336,1.0
TYF,"Torsby Airport (Torsby, SE)",60.1576,12.9913,1.0
EKT,"Eskilstuna Airport (Eskilstuna, SE)",59.351101,16.708401,1.0
VBY,"Visby Airport (Visby, SE)",57.6628,18.346201,1.3
AGH,"Ängelholm-Helsingborg Airport (Ängelholm, SE)",56.29610061645508,12.847100257873535,1.0
SQO,"Storuman Airport (Storuman, SE)",64.960899,17.6966,1.0
SPM,"Spangdahlem Air Base (Trier, DE)",49.976507,6.698413,1.0
RMS,"Ramstein Air Base (Ramstein-Miesenbach, DE)",49.436901,7.60028,1.0
FRZ,"Fritzlar Army Airfield (Fritzlar, DE)",51.1146,9.286,1.0
FCN,"Sea-Airport Cuxhaven/Nordholz / Nordholz Naval Airbase (Wurster Nordseeküste, DE)",53.767689,8.659201,1.0
GKE,"Geilenkirchen Air Base (Geilenkirchen, DE)",50.9608,6.04242,1.0
RLG,"Rostock-Laage Airport (Laage, DE)",53.918201,12.2783,1.0
WBG,"Schleswig Air Base (Jagel, DE)",54.459301,9.51633,1.0
WIE,"Wiesbaden Army Airfield (Wiesbaden, DE)",50.049800872802734,8.325400352478027,1.0
IGS,"Ingolstadt Manching Airport (Manching, DE)",48.7156982421875,11.534000396728516,1.0
LPX,"Liepāja International Airport (Liepāja, LV)",56.517502,21.096901,1.3
RIX,"Riga International Airport (Riga, LV)",56.920752,23.970711,1.3
KUN,"Kaunas International Airport (Kaunas, LT)",54.963965,24.08582,1.3
PLQ,"Palanga International Airport (Palanga, LT)",55.973202,21.093901,1.3
PNV,"Panevėžys Air Base (Panevėžys, LT)",55.729400634765625,24.460800170898438,1.0
SQQ,"Šiauliai International Airport (Šiauliai, LT)",55.89390182495117,23.395000457763672,1.0
VNO,"Vilnius International Airport (Vilnius, LT)",54.634102,25.285801,1.3
ALJ,"Alexander Bay Airport (Alexander Bay, ZA)",-28.575001,16.5333,1.0
AGZ,"Aggeneys Airport (Aggeneys, ZA)",-29.281799,18.8139,1.0
BIY,"Bisho Airport (Bisho, ZA)",-32.897099,27.2791,1.0
BFN,"Bram Fischer International Airport (Bloemfontein, ZA)",-29.092699,26.302401,1.3
CPT,"Cape Town International Airport (Cape Town, ZA)",-33.97403,18.604333,1.3
ELS,"King Phalo Airport (East London, ZA)",-33.035599,27.825899,1.3
FCB,"Ficksburg Sentraoes Airport (Ficksburg, ZA)",-28.82309913635254,27.908899307250977,1.0
GCJ,"Grand Central Airport (Midrand, ZA)",-25.986299514799995,28.1401004791,1.0
GRJ,"George Airport (George, ZA)",-34.0056,22.378902,1.3
QRA,"Rand Airport (Johannesburg, ZA)",-26.2425,28.151199,1.0
HRS,"Harrismith Airport (Harrismith, ZA)",-28.2351,29.106199,1.0
HDS,"Eastgate Airport / Air Force Base Hoedspruit (Hoedspruit, ZA)",-24.361864,31.052921,1.0
KXE,"P C Pelser Airport (Klerksdorp, ZA)",-26.871099,26.718,1.0
KIM,"Kimberley Airport (Kimberley, ZA)",-28.805401,24.764872,1.3
MQP,"Kruger Mpumalanga International Airport (Mbombela, ZA)",-25.383327,31.105325,1.3
KMH,"Johan Pienaar Airport (Kuruman, ZA)",-27.456596,23.411946,1.0
KLZ,"Kleinsee Airport (Kleinsee, ZA)",-29.6884002686,17.093999862700002,1.0
HLA,"Lanseria International Airport (Johannesburg, ZA)",-25.938964,27.926642,1.3
LMR,"Lime Acres Finsch Mine Airport (Lime Acres, ZA)",-28.36009979248047,23.43910026550293,1.0
DUR,"King Shaka International Airport (Durban, ZA)",-29.6144444444,31.1197222222,1.3
SDB,"Langebaanweg Airport (Langebaanweg, ZA)",-32.968898773199996,18.1602993011,1.0
LAY,"Ladysmith Airport (Ladysmith, ZA)",-28.5816993713,29.749700546299998,1.0
AAM,"Malamala Airport (Malamala, ZA)",-24.816866,31.544085,1.0
MGH,"Margate Airport (Margate, ZA)",-30.8574008942,30.343000412,1.0
MBD,"Mmabatho International Airport (Mafeking, ZA)",-25.798400878900004,25.548000335699996,1.0
MZQ,"Mkuze Airport (Mkuze, ZA)",-27.626101,32.0443,1.0
NCS,"Newcastle Airport (Newcastle, ZA)",-27.7705993652,29.976900100699996,1.0
OUH,"Oudtshoorn Airport (Oudtshoorn, ZA)",-33.6069984436,22.188999176,1.0
JNB,"O.R. Tambo International Airport (Johannesburg, ZA)",-26.140081,28.246801,1.3
PLZ,"Chief Dawid Stuurman International Airport (Gqeberha (Port Elizabeth), ZA)",-33.989715,25.617353,1.3
PBZ,"Plettenberg Bay Airport (Plettenberg Bay, ZA)",-34.08816,23.328723,1.0
PHW,"Hendrik Van Eck Airport (Phalaborwa, ZA)",-23.937200546299998,31.1553993225,1.0
JOH,"Port St Johns Airport (Port St Johns, ZA)",-31.60612,29.52175,1.0
PZB,"Pietermaritzburg Airport (Pietermaritzburg, ZA)",-29.649000167799997,30.3987007141,1.0
NTY,"Pilanesberg International Airport (Pilanesberg, ZA)",-25.333799,27.173401,1.0
PTG,"Polokwane International Airport (Polokwane, ZA)",-23.845269,29.458615,1.3
PCF,"Potchefstroom Airport (Potchefstroom, ZA)",-26.670999527,27.0818996429,1.0
UTW,"Queenstown Airport (Queenstown, ZA)",-31.92020034790039,26.882200241088867,1.0
RCB,"Richards Bay Airport (Richards Bay, ZA)",-28.740999221800003,32.0920982361,1.0
ROD,"Robertson Airport (Robertson, ZA)",-33.812199,19.9028,1.0
SBU,"Springbok Airport (Springbok, ZA)",-29.689300537109375,17.939599990844727,1.0
ZEC,"Secunda Airport (Secunda, ZA)",-26.52409935,29.170099258399997,1.0
SIS,"Sishen Airport (Sishen, ZA)",-27.6486,22.9993,1.0
SZK,"Skukuza Airport (Skukuza, ZA)",-24.96085,31.588587,1.0
LTA,"Tzaneen Airport (Tzaneen, ZA)",-23.8244,30.3293,1.0
ULD,"Prince Mangosuthu Buthelezi Airport (Ulundi, ZA)",-28.3206005096,31.4165000916,1.0
UTN,"Upington Airport (Upington, ZA)",-28.400246,21.263592,1.0
UTT,"K. D. Matanzima Airport (Mthatha, ZA)",-31.546363184900002,28.6733551025,1.0
VRU,"Vryburg Airport (Vryburg, ZA)",-26.982401,24.7288,1.0
VIR,"Virginia Airport (Durban, ZA)",-29.770599,31.058399,1.0
VRE,"Vredendal Airport (Vredendal, ZA)",-31.641000747680664,18.5447998046875,1.0
PRY,"Wonderboom Airport (Pretoria, ZA)",-25.6539,28.224199,1.0
WKF,"Waterkloof Air Force Base (Pretoria, ZA)",-25.829999923699997,28.222499847399998,1.0
FRW,"Phillip Gaonwe Matante International Airport (Francistown, BW)",-21.159183,27.468826,1.3
JWA,"Jwaneng Airport (Jwaneng, BW)",-24.602301,24.691,1.0
BBK,"Kasane International Airport (Kasane, BW)",-17.831653,25.166195,1.3
MUB,"Maun International Airport (Maun, BW)",-19.970491,23.431409,1.3
GBE,"Sir Seretse Khama International Airport (Gaborone, BW)",-24.555201,25.9182,1.3
SXN,"Sua Pan Airport (Sowa, BW)",-20.5534,26.115801,1.0
PKW,"Selebi Phikwe Airport (Selebi Phikwe, BW)",-22.0583,27.8288,1.0
BZV,"Maya-Maya International Airport (Brazzaville, CG)",-4.2517,15.253,1.3
OLL,"Oyo Ollombo Airport (Oyo, CG)",-1.226666,15.91,1.0
FTX,"Owando Airport (Owando, CG)",-0.524566,15.93782,1.0
OUE,"Ouesso Airport (, CG)",1.61599,16.037901,1.0
DIS,"Ngot Nzoungou Airport (Dolisie, CG)",-4.20635,12.6599,1.0
PNR,"Antonio Agostinho-Neto International Airport (Pointe Noire, CG)",-4.81603,11.8866,1.3
MTS,"Matsapha International Airport (Manzini, SZ)",-26.528919,31.307577,1.0
SHO,"King Mswati III International Airport (Mpaka, SZ)",-26.358611,31.716944,1.3
BGF,"Bangui M'Poko International Airport (Bangui, CF)",4.39848,18.518801,1.3
BBT,"Berbérati Airport (Berbérati, CF)",4.2215800285339355,15.786399841308594,1.0
BSG,"Bata International Airport (Bata, GQ)",1.90547,9.80568,1.3
GEM,"President Obiang Nguema International Airport (Mengomeyén, GQ)",1.676437,11.024904,1.0
SSG,"Malabo International Airport (Malabo, GQ)",3.75527,8.70872,1.3
ASI,"RAF Ascension Island (Cat Hill, SH)",-7.970179,-14.392744,1.0
HLE,"Saint Helena International Airport (Jamestown, SH)",-15.958898,-5.646066,1.0
MRU,"Sir Seewoosagur Ramgoolam International Airport (Plaine Magnien, MU)",-20.430201,57.683601,1.3
RRG,"Sir Charles Gaetan Duval Airport (Port Mathurin, MU)",-19.756696,63.359326,1.0
NKW,"Naval Support Facility Diego Garcia (Diego Garcia, IO)",-7.31327,72.411102,1.0
TKC,"Tiko Airport (Tiko, CM)",4.08919000626,9.360529899600001,1.0
DLA,"Douala International Airport (Douala, CM)",4.00608,9.71948,1.3
MVR,"Salak Airport (Maroua, CM)",10.451399803161621,14.257399559020996,1.0
FOM,"Foumban Nkounja Airport (Foumban, CM)",5.63692,10.7508,1.0
NGE,"N'Gaoundéré Airport (N'Gaoundéré, CM)",7.3570098876953125,13.559200286865234,1.0
GOU,"Garoua International Airport (Garoua, CM)",9.334785,13.372129,1.3
BFX,"Bafoussam Airport (Bafoussam, CM)",5.536920070650001,10.354599952700001,1.0
BPC,"Bamenda Airport (Bamenda, CM)",6.03924,10.1226,1.0
YAO,"Yaoundé Ville Airport (Yaoundé, CM)",3.83604,11.5235,1.0
NSI,"Yaoundé Nsimalen International Airport (Yaoundé, CM)",3.72256,11.5533,1.3
CGJ,"Kasompe Airport (Chingola, ZM)",-12.5728,27.8939,1.0
LVI,"Harry Mwanga Nkumbula International Airport (Livingstone, ZM)",-17.821524,25.819642,1.3
LUN,"Kenneth Kaunda International Airport (Lusaka, ZM)",-15.330833,28.452722,1.3
MFU,"Mfuwe International Airport (Mfuwe, ZM)",-13.2589,31.9366,1.3
MNR,"Mongu Airport (Mongu, ZM)",-15.2545,23.1623,1.0
NLA,"Simon Mwansa Kapwepwe International Airport (Ndola, ZM)",-12.96513,28.515624,1.3
KIW,"Southdowns Airport (Kitwe, ZM)",-12.9005,28.1499,1.0
HAH,"Prince Said Ibrahim International Airport (Moroni, KM)",-11.5337,43.2719,1.3
NWA,"Mohéli Bandar Es Eslam Airport (Fomboni, KM)",-12.298096,43.766496,1.0
AJN,"Ouani Airport (Ouani, KM)",-12.131047,44.430044,1.0
DZA,"Dzaoudzi Pamandzi International Airport (Dzaoudzi, YT)",-12.809319,45.281815,1.3
RUN,"Roland Garros Airport (Sainte-Marie, RE)",-20.890087,55.518894,1.3
ZSE,"Saint-Pierre Pierrefonds Airport (Saint-Pierre, RE)",-21.319362,55.422506,1.3
TNR,"Ivato International Airport (Antananarivo, MG)",-18.7969,47.478802,1.3
ZVA,"Miandrivazo Airport (Miandrivazo, MG)",-19.562799,45.450802,1.0
SMS,"Sainte Marie Airport (Vohilava, MG)",-17.093901,49.8158,1.0
TMM,"Toamasina Ambalamanasy Airport (Toamasina, MG)",-18.113537,49.392262,1.3
MOQ,"Morondava Airport (Morondava, MG)",-20.2847,44.3176,1.0
DIE,"Arrachart Airport (Antisiranana, MG)",-12.3494,49.291698,1.0
WMR,"Mananara Nord Airport (Mananara Nord, MG)",-16.1639,49.7738,1.0
ZWA,"Andapa Airport (, MG)",-14.651700019836426,49.620601654052734,1.0
ANM,"Antsirabe Airport (Antsirabe, MG)",-14.9994,50.320202,1.0
HVA,"Analalava Airport (Analalava, MG)",-14.629514,47.763555,1.0
MJN,"Amborovy Airport (Mahajanga, MG)",-15.666842,46.351233,1.3
NOS,"Nosy Be International Airport (Nosy Be, MG)",-13.3121,48.3148,1.3
BPY,"Besalampy Airport (Besalampy, MG)",-16.74453,44.482484,1.0
WMN,"Maroantsetra Airport (Maroantsetra, MG)",-15.437742,49.689081,1.0
SVB,"Sambava Airport (Sambava, MG)",-14.2786,50.174702,1.0
VOH,"Vohemar Airport (Vohemar, MG)",-13.3758,50.0028,1.0
WAI,"Ambalabe Airport (Antsohihy, MG)",-14.8988,47.9939,1.0
FTU,"Tôlanaro Airport (Tôlanaro, MG)",-25.038099,46.9561,1.0
WFI,"Fianarantsoa Airport (Fianarantsoa, MG)",-21.441601,47.111698,1.0
WVK,"Manakara Airport (Manakara, MG)",-22.119699,48.021702,1.0
MNJ,"Mananjary Airport (Mananjary, MG)",-21.201799,48.358299,1.0
MXM,"Morombe Airport (Morombe, MG)",-21.753837,43.374753,1.0
TLE,"Toliara Airport (Toliara, MG)",-23.3834,43.7285,1.0
SSY,"Mbanza Congo Airport (Mbanza Congo, AO)",-6.269899845123291,14.246999740600586,1.0
BUG,"Benguela Airport (Benguela, AO)",-12.609,13.4037,1.0
NBJ,"Dr. Antonio Agostinho Neto International Airport (Luanda (Ícolo e Bengo), AO)",-9.050734,13.499078,1.3
CAB,"Cabinda Airport (Cabinda, AO)",-5.59839,12.188145,1.0
CBT,"Catumbela Airport (Catumbela, AO)",-12.4792,13.4869,1.0
DUE,"Dundo Airport (Chitato, AO)",-7.400889873504639,20.818500518798828,1.0
VPE,"Ngjiva Pereira Airport (Ngiva, AO)",-17.0435009003,15.683799743700002,1.0
NOV,"Albano Machado Airport (Huambo, AO)",-12.8089,15.7605,1.0
SVP,"Kuito Airport (Kuito, AO)",-12.404600143433,16.947399139404,1.0
LAD,"Quatro de Fevereiro International Airport (Luanda, AO)",-8.85837,13.2312,1.3
MEG,"Malanje Airport (Malanje, AO)",-9.525090217590332,16.312400817871094,1.0
SPP,"Menongue Airport (Menongue, AO)",-14.657600402832031,17.71980094909668,1.0
MSZ,"Welwitschia Mirabilis International Airport (Moçâmedes, AO)",-15.2612,12.1468,1.0
GXG,"Negage Airport (Negage, AO)",-7.754509925842285,15.287699699401855,1.0
PBN,"Porto Amboim Airport (Port Amboim, AO)",-10.722,13.7655,1.0
VHC,"Saurimo Airport (Saurimo, AO)",-9.68907,20.4319,1.0
SZA,"Soyo Airport (Soyo, AO)",-6.141089916229248,12.371800422668457,1.0
NDD,"Sumbe Airport (Sumbe, AO)",-11.1679,13.8475,1.0
SDD,"Lubango Mukanka International Airport (Lubango, AO)",-14.924839,13.576653,1.0
LUO,"Luena Airport (Luena, AO)",-11.7681,19.897699,1.0
UGO,"Uige Airport (Uige, AO)",-7.60307,15.0278,1.0
XGN,"Xangongo Airport (Xangongo, AO)",-16.755399703979492,14.965299606323242,1.0
KOU,"Koulamoutou Mabimbi Airport (Koulamoutou, GA)",-1.18461,12.4413,1.0
MJL,"Mouilla Ville Airport (Mouila, GA)",-1.84514,11.0567,1.0
OYE,"Oyem Airport (Oyem, GA)",1.5431100130081177,11.581399917602539,1.0
OKN,"Okondja Airport (Okondja, GA)",-0.665214,13.6731,1.0
LBQ,"Lambarene Airport (Lambarene, GA)",-0.704389,10.2457,1.0
BMM,"Bitam Airport (Bitam, GA)",2.07564,11.4932,1.0
POG,"Port Gentil International Airport (Port Gentil, GA)",-0.711739,8.75438,1.3
OMB,"Omboue Hospital Airport (Omboue, GA)",-1.57473,9.26269,1.0
MKU,"Makokou Airport (Makokou, GA)",0.5792109966278076,12.890899658203125,1.0
LBV,"Libreville Leon M'ba International Airport (Libreville, GA)",0.458951,9.41214,1.3
MVB,"M'Vengue El Hadj Omar Bongo Ondimba International Airport (Franceville, GA)",-1.65616,13.438,1.3
PCP,"Principe Airport (São Tomé & Príncipe, ST)",1.661155,7.411081,1.0
TMS,"São Tomé International Airport (São Tomé, ST)",0.378175,6.71215,1.3
BEW,"Beira International Airport (Beira, MZ)",-19.7964,34.9076,1.3
VPY,"Chimoio Airport (Chimoio, MZ)",-19.15130043029785,33.42900085449219,1.0
INH,"Inhambane Airport (Inhambane, MZ)",-23.8764,35.408501,1.0
VXC,"Lichinga Airport (Lichinga, MZ)",-13.274,35.2663,1.0
MPM,"Maputo Airport (Maputo, MZ)",-25.920799,32.572601,1.3
MUD,"Mueda Airport (Mueda, MZ)",-11.6729,39.563099,1.0
MZB,"Mocímboa da Praia Airport (Mocímboa da Praia, MZ)",-11.3618,40.3549,1.0
MNC,"Nacala International Airport (Nacala, MZ)",-14.4882,40.7122,1.0
APL,"Nampula Airport (Nampula, MZ)",-15.1056,39.281799,1.3
POL,"Pemba Airport (Pemba, MZ)",-12.993302,40.524867,1.0
UEL,"Quelimane Airport (Quelimane, MZ)",-17.855499267578125,36.86909866333008,1.0
TET,"Tete Airport (Tete, MZ)",-16.104799,33.640202,1.3
VNX,"Vilankulo Airport (Vilanculo, MZ)",-22.018400192260742,35.31330108642578,1.0
SEZ,"Seychelles International Airport (Victoria, SC)",-4.67434,55.521801,1.3
PRI,"Praslin Island Airport (Praslin Island, SC)",-4.319256,55.691561,1.0
AEH,"Abeche Airport (Abeche, TD)",13.847,20.844299,1.0
MQQ,"Moundou Airport (Moundou, TD)",8.628503,16.074241,1.0
NDJ,"N'Djamena International Airport (N'Djamena, TD)",12.1337,15.034,1.3
FYT,"Faya-Largeau Airport (Faya-Largeau, TD)",17.917101,19.111099,1.0
BUQ,"Joshua Mqabuko Nkomo International Airport (Bulawayo, ZW)",-20.016284,28.622897,1.3
BFO,"Buffalo Range Airport (Chiredzi, ZW)",-21.008101,31.5786,1.0
VFA,"Victoria Falls International Airport (Victoria Falls, ZW)",-18.097437,25.836867,1.3
HRE,"Robert Gabriel Mugabe International Airport (Harare, ZW)",-17.931801,31.0928,1.3
KAB,"Kariba Airport (Kariba, ZW)",-16.5198,28.885,1.0
MVZ,"Masvingo International Airport (Masvingo, ZW)",-20.0553,30.8591,1.0
GWE,"Josiah Tungamirai Air Force Base (Gweru, ZW)",-19.436718,29.861945,1.0
HWN,"Hwange National Park Airport (Gwayi River Farms, ZW)",-18.6299,27.021,1.0
BLZ,"Chileka International Airport (Blantyre, MW)",-15.677189,34.972319,1.3
DWA,"Dwangwa Airport (Dwangwa, MW)",-12.517527,34.131877,1.0
KGJ,"Karonga Airport (Karonga, MW)",-9.953571,33.893264,1.0
LLW,"Kamuzu International Airport (Lumbadzi, MW)",-13.7894,33.780998,1.3
ZZU,"Mzuzu Airport (Mzuzu, MW)",-11.4447,34.011799,1.0
MSU,"Moshoeshoe I International Airport (Maseru(Mazenod), LS)",-29.456277,27.554456,1.3
ADI,"Arandis Airport (Arandis, NA)",-22.461875,14.979322,1.0
GFY,"Grootfontein Airport (Grootfontein, NA)",-19.6022,18.1227,1.0
MPA,"Katima Mulilo Airport (Mpacha, NA)",-17.634258,24.176688,1.0
KMP,"Keetmanshoop Airport (Keetmanshoop, NA)",-26.539801,18.111401,1.0
LUD,"Luderitz Airport (Luderitz, NA)",-26.687400817871094,15.242899894714355,1.0
OND,"Ondangwa Airport (Ondangwa, NA)",-17.878201,15.9526,1.0
OMD,"Oranjemund Airport (Oranjemund, NA)",-28.585318,16.44638,1.0
NDU,"Rundu Airport (Rundu, NA)",-17.956499,19.7194,1.0
TSB,"Tsumeb Airport (Tsumeb, NA)",-19.262079,17.732509,1.0
WVB,"Walvis Bay International Airport (Walvis Bay(Rooikop), NA)",-22.979332,14.647102,1.3
ERS,"Eros Airport (Windhoek, NA)",-22.60492,17.079002,1.0
WDH,"Hosea Kutako International Airport (Windhoek, NA)",-22.4799,17.4709,1.3
FIH,"Ndjili International Airport (Kinshasa, CD)",-4.38575,15.4446,1.3
NLO,"Ndolo Airport (N'dolo, CD)",-4.32666015625,15.327500343323,1.0
FDU,"Bandundu Airport (Bandundu, CD)",-3.31132,17.381701,1.0
KKW,"Kikwit Airport (Kikwit, CD)",-5.03577,18.785601,1.0
MDK,"Mbandaka Airport (Mbandaka, CD)",0.0226000007242,18.2887001038,1.0
BDT,"Gbadolite Airport (Gbadolite, CD)",4.252745,20.975271,1.0
GMA,"Gemena Airport (Gemena, CD)",3.23537,19.771299,1.0
LIQ,"Lisala Airport (Lisala, CD)",2.17066,21.496901,1.0
FKI,"Bangoka International Airport (Kisangani, CD)",0.481639,25.337999,1.3
IRP,"Matari Airport (Isiro, CD)",2.82761,27.588301,1.0
BUX,"Bunia Airport (Bunia, CD)",1.565743,30.220685,1.0
BZU,"Buta Zega Airport (Buta, CD)",2.818058,24.793997,1.0
BKY,"Bukavu Kavumu Airport (Kamakombe, CD)",-2.30898,28.8088,1.0
GOM,"Goma International Airport (Goma, CD)",-1.666758,29.238037,1.3
KND,"Kindu Airport (Kindu, CD)",-2.91917991638,25.915399551399997,1.0
FBM,"Lubumbashi International Airport (Lubumbashi, CD)",-11.591494,27.530753,1.3
KWZ,"Kolwezi Airport (Kolwezi, CD)",-10.7659,25.505699,1.0
FMI,"Kalemie Airport (Kalemie, CD)",-5.87556,29.25,1.0
KGA,"Kananga Airport (Kananga, CD)",-5.90005,22.4692,1.0
MJM,"Mbuji Mayi Airport (Mbuji Mayi, CD)",-6.121240139010001,23.569000244099996,1.0
BKO,"Modibo Keita International Airport (Bamako, ML)",12.5335,-7.94994,1.3
GAQ,"Gao International Airport (Gao, ML)",16.248466,-0.005389,1.0
KYS,"Kayes Dag Dag Airport (Kayes, ML)",14.482521,-11.399335,1.0
MZI,"Mopti Airport (Sévaré, ML)",14.5128,-4.07956,1.0
TOM,"Tombouktou Airport (Timbuktu, ML)",16.730499,-3.00758,1.3
BJL,"Banjul International Airport (Banjul (Yundum), GM)",13.338,-16.652201,1.3
FUE,"Fuerteventura Airport (El Matorral, ES)",28.4527,-13.8638,1.3
VDE,"El Hierro Airport (El Hierro Island, ES)",27.8148,-17.8871,1.0
SPC,"La Palma Airport (Sta Cruz de la Palma, La Palma Island, ES)",28.626499,-17.7556,1.0
LPA,"Gran Canaria Airport (Gran Canaria Island, ES)",27.9319,-15.3866,1.3
ACE,"César Manrique-Lanzarote Airport (San Bartolomé, ES)",28.945499,-13.6052,1.3
TFS,"Tenerife Sur Airport (Tenerife, ES)",28.0445,-16.5725,1.3
TFN,"Tenerife Norte-Ciudad de La Laguna Airport (Tenerife, ES)",28.482752,-16.341707,1.3
MLN,"Melilla Airport (Melilla, ES)",35.2798,-2.95626,1.0
KBS,"Bo Airport (Bo, SL)",7.9444,-11.761,1.0
KEN,"Kenema Airport (Kenema, SL)",7.896364,-11.174126,1.0
FNA,"Lungi International Airport (Freetown (Lungi-Town), SL)",8.61644,-13.1955,1.3
WYE,"Yengema Airport (Yengema, SL)",8.61047,-11.0454,1.0
OXB,"Osvaldo Vieira International Airport (Bissau, GW)",11.894262,-15.653596,1.3
JJU,"Qaqortoq Airport (Qaqortoq, GL)",60.76383,-46.065001,1.0
SNI,"Greenville/Sinoe Airport (Greenville, LR)",5.032124,-9.064236,1.0
MLW,"Spriggs Payne Airport (Monrovia, LR)",6.28906,-10.7587,1.0
ROB,"Roberts International Airport (Monrovia, LR)",6.23379,-10.3623,1.3
AGA,"Al Massira Airport (Agadir (Temsia), MA)",30.322478,-9.412003,1.3
TTA,"Tan Tan Airport (Tan Tan, MA)",28.447563,-11.161749,1.0
OZG,"Zagora Airport (Zagora, MA)",30.265788,-5.860808,1.3
UAR,"Bouarfa Airport (Bouarfa, MA)",32.514306,-1.983056,1.0
FEZ,"Fes Saïss International Airport (Saïss, MA)",33.927299,-4.97796,1.3
ERH,"Moulay Ali Cherif Airport (Errachidia, MA)",31.9475002289,-4.39833021164,1.0
MEK,"Bassatine Airport (Meknes, MA)",33.879101,-5.51512,1.0
OUD,"Oujda Angads Airport (Ahl Angad, MA)",34.789558,-1.926041,1.3
SMW,"Smara Airport (Smara, EH)",26.731987,-11.683655,1.0
BEM,"Beni Mellal Airport (Oulad Yaich, MA)",32.401895,-6.315905,1.3
RBA,"Rabat-Salé Airport (Rabat, MA)",34.051498,-6.75152,1.3
VIL,"Dakhla Airport (Dakhla, EH)",23.7183,-15.932,1.3
ESU,"Essaouira-Mogador Airport (Essaouira, MA)",31.397499,-9.68167,1.0
EUN,"Laayoune Hassan I International Airport (El Aaiún, EH)",27.142467,-13.224947,1.3
CMN,"Mohammed V International Airport (Casablanca, MA)",33.3675,-7.58997,1.3
NDR,"Nador Al Aaroui International Airport (Al Aaroui, MA)",34.9888,-3.02821,1.3
RAK,"Marrakesh Menara Airport (Marrakesh, MA)",31.604807,-8.035788,1.3
NNA,"Kenitra Air Base (Kenitra, MA)",34.298901,-6.59588,1.0
OZZ,"Ouarzazate International Airport (Ouarzazate, MA)",30.9391,-6.90943,1.3
AHU,"Cherif Al Idrissi Airport (Al Hoceima, MA)",35.177101,-3.83952,1.0
TTU,"Sania Ramel Airport (Tétouan, MA)",35.594299,-5.32002,1.3
TNG,"Tangier Ibn Battuta Airport (Tangier, MA)",35.731741,-5.921459,1.3
DSS,"Blaise Diagne International Airport (Dakar, SN)",14.670878,-17.072829,1.3
ZIG,"Ziguinchor Airport (Ziguinchor, SN)",12.55559,-16.283298,1.0
CSK,"Cap Skirring Airport (Cap Skirring, SN)",12.39533,-16.748,1.0
KLC,"Kaolack Airport (Kaolack, SN)",14.146900177001953,-16.051300048828125,1.0
DKR,"Léopold Sédar Senghor International Airport (Dakar, SN)",14.742337,-17.479222,1.3
MAX,"Ouro Sogui Airport (Ouro Sogui, SN)",15.5936,-13.3228,1.0
XLS,"Saint Louis Airport (Saint Louis, SN)",16.049814,-16.461039,1.0
BXE,"Bakel Airport (Bakel, SN)",14.847299575805664,-12.468299865722656,1.0
KGG,"Kédougou Airport (Kédougou, SN)",12.57229995727539,-12.22029972076416,1.0
TUD,"Tambacounda Airport (Tambacounda, SN)",13.7368,-13.6531,1.0
NKC,"Nouakchott–Oumtounsy International Airport (Nouakchott, MR)",18.31,-15.969722,1.3
ATR,"Atar International Airport (Atar, MR)",20.505823,-13.043744,1.0
NDB,"Nouadhibou International Airport (Nouadhibou, MR)",20.932404,-17.030199,1.3
OUZ,"Tazadit Airport (Zouérate, MR)",22.757345,-12.482228,1.0
CKY,"Ahmed Sékou Touré International Airport (Conakry, GN)",9.57689,-13.612,1.3
SID,"Amílcar Cabral International Airport (Espargos, CV)",16.7414,-22.9494,1.3
BVC,"Aristides Pereira International Airport (Rabil, CV)",16.136499,-22.888901,1.3
MMO,"Maio Airport (Vila do Maio, CV)",15.155900001525879,-23.213699340820312,1.0
RAI,"Nelson Mandela International Airport (Praia, CV)",14.941126,-23.484728,1.3
SNE,"Preguiça Airport (Preguiça, CV)",16.588852,-24.284132,1.0
VXE,"Cesaria Evora International Airport (São Pedro, CV)",16.833363,-25.055308,1.3
ADD,"Addis Ababa Bole International Airport (Addis Ababa, ET)",8.97789,38.799301,1.3
AMH,"Arba Minch Airport (Arba Minch, ET)",6.03939,37.5905,1.0
AXU,"Axum Airport (Axum, ET)",14.1468,38.7728,1.0
BJR,"Bahir Dar Airport (Bahir Dar, ET)",11.6081,37.321602,1.0
DIR,"Aba Tenna Dejazmach Yilma International Airport (Dire Dawa, ET)",9.623549,41.855027,1.3
GMB,"Gambela Airport (Gambela, ET)",8.12876,34.563099,1.0
GDQ,"Gondar Airport (Azezo, ET)",12.5199,37.433998,1.0
GDE,"Gode Airport (Gode, ET)",5.93513011932,43.5786018372,1.0
QHR,"Harar Meda Airport (Debre Zeyit, ET)",8.7163,39.0059,1.0
JIJ,"Gerad Wilwal International Airport (Jijiga, ET)",9.331907,42.911811,1.3
BCO,"Jinka Airport (Jinka, ET)",5.749655,36.560165,1.0
JIM,"Jimma Airport (Jimma, ET)",7.66609001159668,36.81660079956055,1.0
ABK,"Kebri Dahar Airport (Kebri Dahar, ET)",6.732577,44.241339,1.0
AWA,"Hawassa International Airport (Hawassa, ET)",7.100611,38.396455,1.3
MQX,"Mekele Alula Aba Nega Airport (Mekele, ET)",13.4674,39.533501,1.0
ASO,"Asosa Airport (Asosa, ET)",10.018500328063965,34.586299896240234,1.0
BJM,"Bujumbura Melchior Ndadaye International Airport (Bujumbura, BI)",-3.32402,29.318501,1.3
GID,"Gitega Airport (Gitega, BI)",-3.417209,29.911308,1.0
BSA,"Bender Qassim International Airport (Bosaso, SO)",11.275235,49.139231,1.3
HGA,"Egal International Airport (Hargeisa, SO)",9.514082,44.083469,1.3
BBO,"Berbera Airport (Berbera, SO)",10.385035,44.936723,1.0
KMU,"Kismayo Airport (Kismayo, SO)",-0.377353,42.459202,1.0
MGQ,"Aden Adde International Airport (Mogadishu, SO)",2.01444,45.304699,1.3
JIB,"Djibouti-Ambouli Airport (Djibouti City, DJ)",11.5473,43.1595,1.3
RDL,"Bardawil International Airport (El Hassana, EG)",30.410714,33.15535,1.0
DBB,"El Alamein International Airport (El Alamein, EG)",30.924324,28.46161,1.3
AAC,"El Arish International Airport (El Arish, EG)",31.055324,33.827964,1.3
ATZ,"Asyut International Airport (Asyut, EG)",27.045962,31.01276,1.3
HBE,"Alexandria International Airport (Alexandria, EG)",30.93249,29.696437,1.3
ABS,"Abu Simbel Airport (Abu Simbel, EG)",22.375924,31.611734,1.0
CAI,"Cairo International Airport (Cairo, EG)",30.111534,31.396694,1.3
CCE,"Capital International Airport (New Cairo, EG)",30.06465,31.839974,1.0
HRG,"Hurghada International Airport (Hurghada, EG)",27.176776,33.796692,1.3
EGH,"El Jora Airport (El Jora, EG)",31.078138,34.153131,1.0
LXR,"Luxor International Airport (Luxor, EG)",25.671018,32.706446,1.3
RMF,"Marsa Alam International Airport (Marsa Alam, EG)",25.555548,34.59245,1.3
MUH,"Mersa Matruh International Airport (Marsa Matruh, EG)",31.324313,27.22227,1.3
PSD,"Port Said International Airport (Port Said, EG)",31.279285,32.240582,1.3
SKV,"Saint Catherine International Airport (Saint Catherine, EG)",28.684292,34.064409,1.0
HMB,"Suhaj International Airport (Suhaj, EG)",26.342515,31.743017,1.3
SSH,"Sharm El Sheikh International Airport (Sharm El Sheikh, EG)",27.977272,34.394717,1.3
ASW,"Aswan International Airport (Aswan, EG)",23.961075,32.820382,1.3
SPX,"Sphinx International Airport (Al Jiza, EG)",30.108179,30.895728,1.3
TCP,"Taba International Airport (Taba, EG)",29.594496,34.775752,1.0
ASM,"Asmara International Airport (Asmara, ER)",15.2919,38.910702,1.0
MSW,"Massawa International Airport (Massawa, ER)",15.67,39.370098,1.0
ASA,"Assab International Airport (Assab, ER)",13.0718,42.645,1.0
JUB,"Juba International Airport (Juba, SS)",4.87201,31.601101,1.3
ASV,"Amboseli Airport (Ol Tukai, KE)",-2.644786,37.252922,1.0
EDL,"Eldoret International Airport (Eldoret, KE)",0.404458,35.238899,1.3
NBO,"Jomo Kenyatta International Airport (Nairobi, KE)",-1.318886,36.928233,1.3
KIS,"Kisumu International Airport (Kisumu, KE)",-0.086139,34.728901,1.3
KTL,"Kitale Airport (Kitale, KE)",0.971989,34.958599,1.0
LKG,"Lokichogio Airport (Lokichogio, KE)",4.20412,34.348202,1.0
LOK,"Lodwar Airport (Lodwar, KE)",3.12197,35.6087,1.0
LAU,"Manda Airport (Lamu, KE)",-2.252431,40.912892,1.0
MYD,"Malindi International Airport (Malindi, KE)",-3.22931,40.1017,1.0
MBA,"Moi International Airport (Mombasa, KE)",-4.03483,39.5942,1.3
MRE,"Mara Serena Lodge Airstrip (Serena, KE)",-1.404588,35.008349,1.0
NUU,"Nakuru Lanet Airport (Nakuru, KE)",-0.298419,36.159193,1.0
NYK,"Nanyuki Civil Airport (Gathiuru, KE)",-0.062352,37.041296,1.0
WIL,"Nairobi Wilson Airport (Nairobi, KE)",-1.32172,36.8148,1.0
WJR,"Wajir Airport (Wajir, KE)",1.73324,40.091599,1.0
SRX,"Sirt International Airport / Ghardabiya Airbase (Sirt, LY)",31.058578,16.597095,1.3
GHT,"Ghat Airport (Ghat, LY)",25.1455993652,10.142600059500001,1.0
AKF,"Kufra Airport (Kufra, LY)",24.178699493408203,23.31399917602539,1.0
BEN,"Benina International Airport (Benina, LY)",32.096802,20.269501,1.3
MJI,"Mitiga International Airport (Tripoli, LY)",32.89177,13.287878,1.3
LAQ,"Al Abraq International Airport (Al Albraq, LY)",32.789036,21.954864,1.3
SEB,"Sabha Airport (Sabha, LY)",26.992452,14.466162,1.0
LMQ,"Marsa al Brega Airport (Marsa al Brega, LY)",30.378099,19.576401,1.0
LTD,"Ghadames Airport (Ghadames, LY)",30.145484,9.702095,1.0
GYI,"Gisenyi Airport (Gisenyi, RW)",-1.6772,29.2589,1.0
KGL,"Kigali International Airport (Kigali, RW)",-1.96863,30.1395,1.3
KME,"Kamembe Airport (Kamembe, RW)",-2.462239980697632,28.907899856567383,1.0
DOG,"Dongola Airport (Dongola, SD)",19.153666,30.430069,1.0
ELF,"El Fasher Airport (El Fasher, SD)",13.614899635314941,25.324600219726562,1.0
KSL,"Kassala Airport (Kassala, SD)",15.387499809265137,36.328800201416016,1.0
MWE,"Merowe Airport (Merowe, SD)",18.443333,31.843333,1.0
UYL,"Nyala Airport (Nyala, SD)",12.0535,24.9562,1.0
EBD,"El-Obeid Airport (El-Obeid, SD)",13.1532,30.2327,1.0
PZU,"Port Sudan New International Airport (Port Sudan, SD)",19.434558,37.234125,1.3
KRT,"Khartoum International Airport (Khartoum, SD)",15.5895,32.5532,1.3
MAK,"Malakal International Airport (Malakal, SS)",9.558739,31.651937,1.0
WUU,"Wau Airport (Wau, SS)",7.72583,27.975,1.0
ARK,"Arusha Airport (Arusha, TZ)",-3.3677899837493896,36.63330078125,1.0
DAR,"Julius Nyerere International Airport (Dar es Salaam, TZ)",-6.873499,39.207288,1.3
DOD,"Dodoma Airport (Dodoma, TZ)",-6.170559,35.756036,1.0
MBI,"Songwe Airport (Mbeya, TZ)",-8.919942,33.273981,1.0
IRI,"Iringa Airport (Nduli, TZ)",-7.66863,35.752102,1.0
JRO,"Kilimanjaro International Airport (Arusha, TZ)",-3.427049,37.07353,1.3
LKY,"Lake Manyara Airport (Lake Manyara National Park, TZ)",-3.37631,35.818298,1.0
MYW,"Mtwara Airport (Mtwara, TZ)",-10.336204,40.181997,1.0
MWZ,"Mwanza International Airport (Mwanza, TZ)",-2.446563,32.936049,1.3
PMA,"Pemba Airport (Chake Chake, TZ)",-5.25726,39.811401,1.0
TGT,"Tanga Airport (Tanga, TZ)",-5.09236,39.071201,1.0
ZNZ,"Abeid Amani Karume International Airport (Zanzibar, TZ)",-6.22202,39.224899,1.3
RUA,"Arua Airport (Arua, UG)",3.049152,30.911714,1.0
EBB,"Entebbe International Airport (Entebbe, UG)",0.042386,32.443501,1.3
ULU,"Gulu Airport (Gulu, UG)",2.8055601119995117,32.27180099487305,1.0
SRT,"Soroti Airport (Soroti, UG)",1.7276899814605713,33.622798919677734,1.0
HZU,"Chengdu Huaizhou Airport (Chengdu (Jintang), CN)",30.677339,104.529397,1.0
IBL,"Indigo Bay Lodge Airport (Bazaruto Island, MZ)",-21.708,35.452801,1.0
DHX,"Dhoho International Airport (Kediri, ID)",-7.749527,111.946831,1.0
UGU,"Bilorai Airport (Bilogai, ID)",-3.739503,137.031183,1.0
AYJ,"Maharshi Valmiki International Airport (Faizabad, IN)",26.747736,82.163664,1.0
SDW,"Sindhudurg Airport (Chipi, IN)",16.002552,73.529846,1.0
NMI,"Navi Mumbai International Airport (Navi Mumbai, IN)",18.984597,73.065253,1.3
RQY,"Rashtrakavi Kuvempu Airport (Shimoga, IN)",13.858024,75.618868,1.0
HGI,"Itanagar Donyi Polo Hollongi Airport (Hollongi, IN)",26.96683,93.638792,1.0
DXN,"Noida International Airport (Gautam Buddha Nagar, IN)",28.179868,77.611843,1.3
AHA,"Maa Mahamaya Airport (Ambikapur, IN)",22.98753,83.19612,1.0
BLD,"Boulder City Municipal Airport (Boulder City, US)",35.947161,-114.858799,1.0
MFH,"Mesquite Airport (Mesquite, US)",36.833105,-114.055928,1.0
ABE,"Lehigh Valley International Airport (Allentown/Bethlehem, US)",40.651773,-75.442797,1.0
ABI,"Abilene Regional Airport (Abilene, US)",32.4113006592,-99.68190002440001,1.0
ABQ,"Albuquerque International Sunport (Albuquerque, US)",35.039976,-106.608925,1.3
ABR,"Aberdeen Regional Airport (Aberdeen, US)",45.449100494384766,-98.42179870605469,1.0
ABY,"Southwest Georgia Regional Airport (Albany, US)",31.532946,-84.196215,1.0
ACK,"Nantucket Memorial Airport (Nantucket, US)",41.25310135,-70.06020355,1.0
ACT,"Waco Regional Airport (Waco, US)",31.611299514770508,-97.23049926757812,1.0
ACV,"California Redwood Coast-Humboldt County Airport (Arcata/Eureka, US)",40.978101,-124.109,1.0
ACY,"Atlantic City International Airport (Atlantic City, US)",39.456201,-74.577511,1.0
ADT,"Ada Regional Airport (Ada, US)",34.805214,-96.671988,1.0
ADW,"Joint Base Andrews (Camp Springs, US)",38.810799,-76.866997,1.0
AEX,"Alexandria International Airport (Alexandria, US)",31.325828,-92.546702,1.0
AFW,"Perot Field/Fort Worth Alliance Airport (Fort Worth, US)",32.99044,-97.31947,1.0
AGC,"Allegheny County Airport (Pittsburgh, US)",40.354401,-79.930199,1.0
AGS,"Augusta Regional At Bush Field (Augusta, US)",33.3699,-81.9645,1.0
AHN,"Athens Ben Epps Airport (Athens, US)",33.948842,-83.325634,1.0
AIA,"Alliance Municipal Airport (Alliance, US)",42.052543,-102.803965,1.0
AKC,"Akron Fulton International Airport (Akron, US)",41.037355,-81.46784,1.0
ALB,"Albany International Airport (Albany, US)",42.748299,-73.801697,1.3
ALI,"Alice International Airport (Alice, US)",27.7409,-98.026901,1.0
ALM,"Alamogordo White Sands Regional Airport (Alamogordo, US)",32.837818,-105.993149,1.0
ALN,"St Louis Regional Airport (Alton/St Louis, US)",38.89030075069999,-90.0459976196,1.0
ALO,"Waterloo Regional Airport (Waterloo, US)",42.557098388671875,-92.40029907226562,1.0
ALS,"San Luis Valley Regional Airport/Bergman Field (Alamosa, US)",37.434898,-105.866997,1.0
ALW,"Walla Walla Regional Airport (Walla Walla, US)",46.09489822,-118.288002,1.0
AMA,"Rick Husband Amarillo International Airport (Amarillo, US)",35.217857,-101.706444,1.0
ANB,"Anniston Regional Airport (Anniston, US)",33.5882,-85.8581,1.0
AND,"Anderson Regional Airport (Anderson, US)",34.4945983887,-82.70939636230001,1.0
AOO,"Altoona Blair County Airport (Altoona, US)",40.296398,-78.32,1.0
APA,"Centennial Airport (Denver, US)",39.57009888,-104.848999,1.0
APF,"Naples Municipal Airport (Naples, US)",26.1525993347,-81.7752990723,1.0
APG,"Phillips Army Air Field (Aberdeen, US)",39.466202,-76.1688,1.0
APN,"Alpena County Regional Airport (Alpena, US)",45.0780983,-83.56030273,1.0
ARA,"Acadiana Regional Airport (New Iberia, US)",30.0378,-91.883904,1.0
ART,"Watertown International Airport (Watertown, US)",43.991901,-76.021698,1.0
ASE,"Aspen-Pitkin County Airport (Sardy Field) (Aspen, US)",39.223202,-106.869003,1.0
AST,"Astoria Regional Airport (Astoria, US)",46.158000946,-123.878997803,1.0
ATL,"Hartsfield Jackson Atlanta International Airport (Atlanta, US)",33.6367,-84.428101,1.3
ATW,"Appleton International Airport (Appleton, US)",44.258515,-88.519,1.0
ATY,"Watertown Regional Airport (Watertown, US)",44.91400146,-97.15470123,1.0
AUG,"Augusta State Airport (Augusta, US)",44.320598602299995,-69.7973022461,1.0
AUS,"Austin Bergstrom International Airport (Austin, US)",30.197535,-97.662015,1.3
AUW,"Wausau Downtown Airport (Wausau, US)",44.9262008667,-89.6266021729,1.0
AVL,"Asheville Regional Airport (Asheville, US)",35.435488,-82.541853,1.0
AVP,"Wilkes-Barre/Scranton International Airport (Wilkes-Barre/Scranton, US)",41.337064,-75.724232,1.0
AXN,"Chandler Field (Alexandria, US)",45.866299,-95.394699,1.0
AZO,"Kalamazoo/Battle Creek International Airport (Kalamazoo, US)",42.232105,-85.549637,1.0
BAB,"Beale Air Force Base (Beale Air Force Base, US)",39.136101,-121.436996,1.0
BAD,"Barksdale Air Force Base (Bossier City, US)",32.501801,-93.662697,1.0
BAF,"Westfield-Barnes Regional Airport (Westfield, US)",42.157799,-72.715599,1.0
CLU,"Columbus Municipal Airport (Columbus, US)",39.262386,-85.895576,1.0
BBD,"Curtis Field (Brady, US)",31.178931,-99.324732,1.0
BKG,"Branson Airport (Branson, US)",36.532082,-93.200544,1.0
BCE,"Bryce Canyon Airport (Bryce Canyon, US)",37.706401825,-112.144996643,1.0
BCT,"Boca Raton Airport (Boca Raton, US)",26.3785,-80.107697,1.0
BDE,"Baudette International Airport (Baudette, US)",48.728401,-94.612198,1.0
BDL,"Bradley International Airport (Hartford, US)",41.938555,-72.688016,1.3
BDR,"Igor I Sikorsky Memorial Airport (Bridgeport, US)",41.163502,-73.126198,1.0
BED,"Laurence G Hanscom Field (Bedford, US)",42.470001,-71.289001,1.0
BFD,"Bradford Regional Airport (Bradford, US)",41.8031005859375,-78.64009857177734,1.0
BFF,"Western Neb. Rgnl/William B. Heilig Airport (Scottsbluff, US)",41.87400055,-103.5960007,1.0
BFI,"King County International Airport - Boeing Field (Seattle, US)",47.527042,-122.29995,1.0
BFL,"Meadows Field (Bakersfield, US)",35.433601,-119.056999,1.0
BFM,"Mobile Downtown Airport (Mobile, US)",30.626800537100003,-88.06809997559999,1.0
BGM,"Greater Binghamton/Edwin A Link field (Binghamton, US)",42.20869827,-75.97979736,1.0
BGR,"Bangor International Airport (Bangor, US)",44.806364,-68.826668,1.0
BHB,"Hancock County-Bar Harbor Airport (Bar Harbor, US)",44.45000076,-68.3615036,1.0
BHM,"Birmingham-Shuttlesworth International Airport (Birmingham, US)",33.562877,-86.750712,1.3
BIF,"Biggs Army Air Field (Fort Bliss) (Fort Bliss/El Paso, US)",31.84950066,-106.3799973,1.0
BIH,"Eastern Sierra Regional Airport (Bishop, US)",37.3731,-118.363998,1.0
BIL,"Billings Logan International Airport (Billings, US)",45.808932,-108.541242,1.0
BIS,"Bismarck Municipal Airport (Bismarck, US)",46.772734,-100.746874,1.0
BIX,"Keesler Air Force Base (Biloxi, US)",30.4104003906,-88.92440032959999,1.0
BJC,"Rocky Mountain Metropolitan Airport (Denver, US)",39.908798,-105.116997,1.0
BJI,"Bemidji Regional Airport (Bemidji, US)",47.50939941,-94.93370056,1.0
BKE,"Baker City Municipal Airport (Baker City, US)",44.837299346900004,-117.808998108,1.0
BFK,"Buckley Space Force Base (Aurora, US)",39.701698,-104.751999,1.0
BKL,"Burke Lakefront Airport (Cleveland, US)",41.51750183105469,-81.68329620361328,1.0
BKW,"Raleigh County Memorial Airport (Beaver, US)",37.7873,-81.124199,1.0
BLF,"Mercer County Airport (Bluefield, US)",37.295799,-81.207703,1.0
BLH,"Blythe Airport (Blythe, US)",33.6192016602,-114.717002869,1.0
BLI,"Bellingham International Airport (Bellingham, US)",48.79280090332031,-122.53800201416016,1.0
BLV,"Scott AFB/Midamerica Airport (Belleville, US)",38.5452,-89.835197,1.0
BMG,"Monroe County Airport (Bloomington, US)",39.145999908447266,-86.61669921875,1.0
BMI,"Central Illinois Regional Airport at Bloomington-Normal (Bloomington/Normal, US)",40.4771,-88.915901,1.0
BNA,"Nashville International Airport (Nashville, US)",36.1245,-86.6782,1.3
BNO,"Burns Municipal Airport (Burns, US)",43.590463,-118.955154,1.0
BOI,"Boise Air Terminal/Gowen Field (Boise, US)",43.5644,-116.223,1.3
BOS,"Boston Logan International Airport (Boston, US)",42.36197,-71.0079,1.3
BPI,"Miley Memorial Field (Big Piney, US)",42.58509827,-110.1110001,1.0
WMH,"Ozark Regional Airport (Mountain Home, US)",36.3689002991,-92.47049713130001,1.0
BPT,"Jack Brooks Regional Airport (Beaumont/Port Arthur, US)",29.9508,-94.020699,1.0
BQK,"Brunswick Golden Isles Airport (Brunswick, US)",31.258801,-81.466499,1.0
BRD,"Brainerd Lakes Regional Airport (Brainerd, US)",46.402861,-94.129727,1.0
BRL,"Southeast Iowa Regional Airport (Burlington, US)",40.783199310302734,-91.12550354003906,1.0
BRO,"Brownsville South Padre Island International Airport (Brownsville, US)",25.907238,-97.425235,1.0
BTL,"Battle Creek Executive Airport at Kellogg Field (Battle Creek, US)",42.307301,-85.251503,1.0
BTM,"Bert Mooney Airport (Butte, US)",45.95479965209961,-112.49700164794922,1.0
BTR,"Baton Rouge Metropolitan Airport (Baton Rouge, US)",30.533199,-91.149597,1.0
BTV,"Patrick Leahy Burlington International Airport (Burlington, US)",44.471901,-73.153297,1.0
BUF,"Buffalo Niagara International Airport (Buffalo, US)",42.940498,-78.732201,1.3
BUR,"Hollywood Burbank/Bob Hope Airport (Burbank, US)",34.202834,-118.35805,1.3
BFP,"Beaver County Airport (Beaver Falls, US)",40.772499,-80.391403,1.0
BVY,"Beverly Regional Airport (Beverly / Danvers, US)",42.584202,-70.916496,1.0
BWG,"Bowling Green Warren County Regional Airport (Bowling Green, US)",36.964500427199994,-86.41970062259999,1.0
BWI,"Baltimore/Washington International Thurgood Marshall Airport (Baltimore, US)",39.1754,-76.668297,1.3
NHZ,"Brunswick Executive Airport (Brunswick, US)",43.89220047,-69.93859863,1.0
BYH,"Arkansas International Airport (Blytheville, US)",35.9642982483,-89.94400024410001,1.0
BYI,"Burley Municipal Airport (Burley, US)",42.542598724399994,-113.772003174,1.0
BYS,"Bicycle Lake Army Air Field (Fort Irwin/Barstow, US)",35.2804985046,-116.629997253,1.0
BZN,"Bozeman Yellowstone International Airport (Bozeman, US)",45.778853,-111.153711,1.0
CAE,"Columbia Metropolitan Airport (Columbia, US)",33.938172,-81.123022,1.0
CAK,"Akron Canton Regional Airport (Akron, US)",40.916099548339844,-81.44219970703125,1.0
CAR,"Caribou Municipal Airport (Caribou, US)",46.871498,-68.017899,1.0
CBM,"Columbus Air Force Base (Columbus, US)",33.643799,-88.443802,1.0
CCR,"Buchanan Field (Concord, US)",37.9897,-122.056999,1.0
CCY,"Northeast Iowa Regional Airport (Charles City, US)",43.0726013184,-92.6108016968,1.0
CDC,"Cedar City Regional Airport (Cedar City, US)",37.70100021362305,-113.0989990234375,1.0
CDR,"Chadron Municipal Airport (Chadron, US)",42.837601,-103.095001,1.0
CDS,"Childress Municipal Airport (Childress, US)",34.4337997437,-100.288002014,1.0
CEC,"Jack Mc Namara Field Airport (Crescent City, US)",41.778929,-124.236403,1.0
CEF,"Westover Metropolitan Airport / Westover Air Reserve Base (Chicopee, US)",42.194,-72.534798,1.0
CEW,"Bob Sikes Airport (Crestview, US)",30.778799057,-86.522102356,1.0
CEZ,"Cortez Municipal Airport (Cortez, US)",37.303001,-108.627998,1.0
CGF,"Cuyahoga County Airport (Cleveland, US)",41.5651016235,-81.4863967896,1.0
CGI,"Cape Girardeau Regional Airport (Cape Girardeau, US)",37.2253,-89.570801,1.0
CHA,"Chattanooga Metropolitan Airport (Lovell Field) (Chattanooga, US)",35.035301,-85.203796,1.0
CHO,"Charlottesville Albemarle Airport (Charlottesville, US)",38.13859939575195,-78.4529037475586,1.0
CHS,"Charleston International Airport (Charleston, US)",32.896159,-80.038151,1.3
CID,"The Eastern Iowa Airport (Cedar Rapids, US)",41.884701,-91.7108,1.0
CIU,"Chippewa County International Airport (Kincheloe, US)",46.242038,-84.462082,1.0
CKB,"North Central West Virginia Airport (Bridgeport, US)",39.2966,-80.228104,1.0
CLE,"Cleveland Hopkins International Airport (Cleveland, US)",41.411701,-81.8498,1.3
CLL,"Easterwood Field (College Station, US)",30.5886,-96.3638,1.0
CLM,"William R Fairchild International Airport (Port Angeles, US)",48.120201,-123.5,1.0
CLT,"Charlotte Douglas International Airport (Charlotte, US)",35.2140007019043,-80.94309997558594,1.3
CMH,"John Glenn Columbus International Airport (Columbus, US)",39.998001,-82.891899,1.3
CMI,"University of Illinois Willard Airport (Savoy, US)",40.039819,-88.276249,1.0
CMX,"Houghton County Memorial Airport (Hancock, US)",47.168399810791016,-88.48909759521484,1.0
CNM,"Cavern City Air Terminal (Carlsbad, US)",32.337501525878906,-104.26300048828125,1.0
CNU,"Chanute Martin Johnson Airport (Chanute, US)",37.668173,-95.486727,1.0
CNY,"Canyonlands Regional Airport (Moab, US)",38.755001,-109.754997,1.0
COD,"Yellowstone Regional Airport (Cody, US)",44.520199,-109.024002,1.0
COE,"Coeur D'Alene Airport - Pappy Boyington Field (Coeur d'Alene, US)",47.7743,-116.82,1.0
COF,"Patrick Space Force Base (Cocoa Beach, US)",28.2349,-80.6101,1.0
CON,"Concord Municipal Airport (Concord, US)",43.20270157,-71.50229645,1.0
COS,"City of Colorado Springs Municipal Airport (Colorado Springs, US)",38.805801,-104.700996,1.3
COU,"Columbia Regional Airport (Columbia, US)",38.8181,-92.219597,1.0
CPR,"Casper-Natrona County International Airport (Casper, US)",42.907381,-106.461609,1.0
CRE,"Grand Strand Airport (North Myrtle Beach, US)",33.8116989136,-78.72389984130001,1.0
CRG,"Jacksonville Executive at Craig Airport (Jacksonville, US)",30.3362998962,-81.51439666750001,1.0
CRP,"Corpus Christi International Airport (Corpus Christi, US)",27.770399,-97.501198,1.0
CLD,"McClellan-Palomar Airport (Carlsbad, US)",33.1283,-117.279999,1.0
CRW,"Yeager Airport (Charleston, US)",38.3731,-81.593201,1.0
CSG,"Columbus Airport (Columbus, US)",32.516415,-84.939602,1.0
CSV,"Crossville Memorial Airport Whitson Field (Crossville, US)",35.95131,-85.08499,1.0
CTB,"Cut Bank International Airport (Cut Bank, US)",48.608657,-112.378183,1.0
CUB,"Jim Hamilton L.B. Owens Airport (Columbia, US)",33.970500946,-80.9952011108,1.0
CVG,"Cincinnati Northern Kentucky International Airport (Cincinnati / Covington, US)",39.048801,-84.667801,1.3
CVN,"Clovis Municipal Airport (Clovis, US)",34.426594,-103.078794,1.0
CVO,"Corvallis Municipal Airport (Corvallis, US)",44.49720001,-123.2900009,1.0
CVS,"Cannon Air Force Base (Clovis, US)",34.382801,-103.321999,1.0
CWA,"Central Wisconsin Airport (Mosinee, US)",44.777448,-89.670238,1.0
CXO,"Conroe-North Houston Regional Airport (Houston, US)",30.351801,-95.414497,1.0
CSN,"Carson Airport (Carson City, US)",39.194331,-119.734312,1.0
CYS,"Cheyenne Regional Jerry Olson Field (Cheyenne, US)",41.155701,-104.811997,1.0
DAA,"Davison Army Air Field (Fort Belvoir, US)",38.715000152600005,-77.1809997559,1.0
DAB,"Daytona Beach International Airport (Daytona Beach, US)",29.18255,-81.059464,1.0
DAG,"Barstow Daggett Airport (Daggett, US)",34.85369873,-116.7870026,1.0
DAL,"Dallas Love Field (Dallas, US)",32.844776,-96.847653,1.3
DAN,"Danville Regional Airport (Danville, US)",36.572899,-79.336098,1.0
DAY,"James M. Cox Dayton International Airport (Dayton, US)",39.902401,-84.219398,1.0
DBQ,"Dubuque Regional Airport (Dubuque, US)",42.402,-90.709503,1.0
DCA,"Ronald Reagan Washington National Airport (Washington, US)",38.8521,-77.037697,1.3
DDC,"Dodge City Regional Airport (Dodge City, US)",37.76340103149414,-99.9655990600586,1.0
DEC,"Decatur Airport (Decatur, US)",39.834598541259766,-88.8656997680664,1.0
DEN,"Denver International Airport (Denver, US)",39.860027,-104.673792,1.3
DET,"Coleman A. Young Municipal Airport (Detroit, US)",42.40919876,-83.00990295,1.0
DFW,"Dallas Fort Worth International Airport (Dallas-Fort Worth, US)",32.896801,-97.038002,1.3
DHN,"Dothan Regional Airport (Dothan, US)",31.321300506591797,-85.44960021972656,1.0
DHT,"Dalhart Municipal Airport (Dalhart, US)",36.0225982666,-102.54699707,1.0
DIK,"Dickinson Theodore Roosevelt Regional Airport (Dickinson, US)",46.797533,-102.801905,1.0
DLF,"Laughlin Air Force Base (Del Rio, US)",29.359501,-100.778002,1.0
DLH,"Duluth International Airport (Duluth, US)",46.841873,-92.198746,1.0
DLS,"Columbia Gorge Regional Airport (Dallesport / The Dalles, US)",45.620979,-121.170777,1.0
DMA,"Davis Monthan Air Force Base (Tucson, US)",32.1665000916,-110.883003235,1.0
DMN,"Deming Municipal Airport (Deming, US)",32.262298584,-107.721000671,1.0
DNL,"Daniel Field (Augusta, US)",33.4664993286,-82.0393981934,1.0
DOV,"Dover Civil Air Terminal/Dover Air Force Base (Dover, US)",39.129501,-75.466003,1.0
DPA,"Dupage Airport (Chicago/West Chicago, US)",41.90779877,-88.24859619,1.0
DRA,"Desert Rock Airport (Mercury, US)",36.6194,-116.032997,1.0
DRI,"Beauregard Regional Airport (DeRidder, US)",30.831699,-93.339897,1.0
DRO,"Durango La Plata County Airport (Durango, US)",37.151501,-107.753998,1.0
DRT,"Del Rio International Airport (Del Rio, US)",29.3742008209,-100.927001953,1.0
DSM,"Des Moines International Airport (Des Moines, US)",41.534027,-93.656719,1.3
DSI,"Destin Executive Airport (Destin, US)",30.400101,-86.471497,1.0
DTW,"Detroit Metropolitan Wayne County Airport (Detroit, US)",42.21377,-83.353786,1.3
DUA,"Durant Regional Airport - Eaker Field (Durant, US)",33.939675,-96.395072,1.0
DUG,"Bisbee Douglas International Airport (Douglas Bisbee, US)",31.464139,-109.60456,1.0
DUJ,"DuBois Regional Airport (Dubois, US)",41.17829895,-78.8986969,1.0
DVL,"Devils Lake Regional Airport (Devils Lake, US)",48.115454,-98.908796,1.0
DXR,"Danbury Municipal Airport (Danbury, US)",41.371656,-73.482227,1.0
DYS,"Dyess Air Force Base (Abilene, US)",32.420799,-99.854599,1.0
EAR,"Kearney Regional Airport (Kearney, US)",40.727001,-99.006798,1.0
EAT,"Pangborn Memorial Airport (Wenatchee, US)",47.398899,-120.207001,1.0
EAU,"Chippewa Valley Regional Airport (Eau Claire, US)",44.86579895019531,-91.48429870605469,1.0
ECG,"Elizabeth City Regional Airport & Coast Guard Air Station (Elizabeth City, US)",36.260601,-76.174599,1.0
ECP,"Northwest Florida Beaches International Airport (Panama City Beach, US)",30.357106,-85.795414,1.0
EDW,"Edwards Air Force Base (Edwards, US)",34.910781,-117.886391,1.0
EED,"Needles Airport (Needles, US)",34.7663002014,-114.623001099,1.0
EEN,"Dillant Hopkins Airport (Keene, US)",42.898399,-72.270798,1.0
EFD,"Ellington Airport (Houston, US)",29.607299804700002,-95.1587982178,1.0
EGE,"Eagle County Regional Airport (Eagle, US)",39.64260101,-106.9179993,1.0
EGI,"Duke Field (Crestview, US)",30.65040016,-86.52290344,1.0
EKA,"Murray Field (Eureka, US)",40.803398,-124.112999,1.0
EKN,"Elkins-Randolph County Regional Airport (Elkins, US)",38.889759,-79.857651,1.0
EKO,"Elko Regional Airport (Elko, US)",40.82490158081055,-115.79199981689453,1.0
ELD,"South Arkansas Regional Airport at Goodwin Field (El Dorado, US)",33.221001,-92.813301,1.0
ELM,"Elmira Corning Regional Airport (Elmira/Corning, US)",42.1599006652832,-76.8916015625,1.0
LYU,"Ely Municipal Airport (Ely, US)",47.82450104,-91.83070374,1.0
ELP,"El Paso International Airport (El Paso, US)",31.809908,-106.375607,1.3
ELY,"Ely Airport Yelland Field (Ely, US)",39.29970169,-114.8420029,1.0
END,"Vance Air Force Base (Enid, US)",36.339199,-97.916496,1.0
ENV,"Wendover Airport (Wendover, US)",40.7187004089,-114.03099823,1.0
ENW,"Kenosha Regional Airport (Kenosha, US)",42.59569931,-87.92780304,1.0
ERI,"Erie International Tom Ridge Field (Erie, US)",42.083127,-80.173867,1.0
ESC,"Delta County Airport (Escanaba, US)",45.723199,-87.088623,1.0
ESF,"Esler Army Airfield / Esler Regional Airport (Alexandria, US)",31.394266,-92.294082,1.0
EUG,"Eugene Airport (Eugene, US)",44.124599,-123.211998,1.0
EVV,"Evansville Regional Airport (Evansville, US)",38.0369987488,-87.5324020386,1.0
EVW,"Evanston-Uinta County Airport-Burns Field (Evanston, US)",41.27479935,-111.0350037,1.0
EWB,"New Bedford Regional Airport (New Bedford, US)",41.67610168457031,-70.95690155029297,1.0
EWN,"Coastal Carolina Regional Airport (New Bern, US)",35.0730018616,-77.04290008539999,1.0
EWR,"Newark Liberty International Airport (Newark, US)",40.6894,-74.170545,1.3
EYW,"Key West International Airport (Key West, US)",24.556119,-81.759579,1.0
FAF,"Felker Army Air Field (Newport News (Fort Eustis), US)",37.1325,-76.608803,1.0
FAR,"Hector International Airport (Fargo, US)",46.9207,-96.815804,1.0
FAT,"Fresno Yosemite International Airport (Fresno, US)",36.775767,-119.718018,1.3
FAY,"Fayetteville Regional Airport - Grannis Field (Fayetteville, US)",34.991199,-78.880302,1.0
FBG,"Simmons Army Air Field (Fort Bragg, US)",35.13180161,-78.93669891,1.0
FCS,"Butts AAF (Fort Carson) Air Field (Fort Carson, US)",38.67839813,-104.7570038,1.0
FDY,"Findlay Airport (Findlay, US)",41.013500213600004,-83.66870117190001,1.0
FFO,"Wright-Patterson Air Force Base (Dayton, US)",39.826099,-84.048302,1.0
FRD,"Friday Harbor Airport (Friday Harbor, US)",48.523654,-123.024645,1.0
FHU,"Sierra Vista Municipal Airport / Libby Army Air Field (Fort Huachuca / Sierra Vista, US)",31.587383,-110.348225,1.0
FKL,"Venango Regional Airport (Franklin, US)",41.3778991699,-79.8603973389,1.0
FLG,"Flagstaff Pulliam Airport (Flagstaff, US)",35.139757,-111.669826,1.0
FLL,"Fort Lauderdale Hollywood International Airport (Fort Lauderdale, US)",26.072599,-80.152702,1.3
FLO,"Florence Regional Airport (Florence, US)",34.18539810180664,-79.7238998413086,1.0
FME,"Fort Meade Executive Airport (Fort Meade(Odenton), US)",39.0854,-76.759399,1.0
FMN,"Four Corners Regional Airport (Farmington, US)",36.741199,-108.230003,1.0
FMY,"Page Field (Fort Myers, US)",26.58659935,-81.86329650879999,1.0
FNL,"Northern Colorado Regional Airport (Loveland, US)",40.44969,-105.011272,1.0
FNT,"Bishop International Airport (Flint, US)",42.969294,-83.743355,1.0
FOD,"Fort Dodge Regional Airport (Fort Dodge, US)",42.552624,-94.191237,1.0
FOE,"Topeka Regional Airport (Topeka, US)",38.950901,-95.663597,1.0
FPR,"Treasure Coast International Airport (Fort Pierce, US)",27.4951,-80.368301,1.0
FRG,"Republic Airport (East Farmingdale, US)",40.728576,-73.414267,1.0
FRI,"Marshall Army Air Field (Fort Riley (Junction City), US)",39.053021,-96.764202,1.0
FSD,"Sioux Falls Regional Airport (Sioux Falls, US)",43.585463,-96.741152,1.0
FSI,"Henry Post Army Air Field (Fort Sill, US)",34.649799,-98.402199,1.0
FSM,"Fort Smith Regional Airport (Fort Smith, US)",35.336601,-94.367401,1.0
FST,"Fort Stockton Pecos County Airport (Fort Stockton, US)",30.9157009125,-102.916000366,1.0
FTK,"Godman Army Air Field (Fort Knox, US)",37.907100677500004,-85.9720993042,1.0
FTW,"Fort Worth Meacham International Airport (Fort Worth, US)",32.819919,-97.360818,1.0
FTY,"Fulton County Airport Brown Field (Atlanta, US)",33.7790985107,-84.5214004517,1.0
FWA,"Fort Wayne International Airport (Fort Wayne, US)",40.978896,-85.194465,1.0
FXE,"Fort Lauderdale Executive Airport (Fort Lauderdale, US)",26.1972999573,-80.1707000732,1.0
FYV,"Drake Field (Fayetteville, US)",36.00510025024414,-94.17009735107422,1.0
GCC,"Northeast Wyoming Regional Airport (Gillette, US)",44.3489,-105.539001,1.0
GCK,"Garden City Regional Airport (Garden City, US)",37.9275016785,-100.723999023,1.0
GCN,"Grand Canyon National Park Airport (Grand Canyon - Tusayan, US)",35.9524,-112.147003,1.0
GDV,"Dawson Community Airport (Glendive, US)",47.137658,-104.80691,1.0
GEG,"Spokane International Airport (Spokane, US)",47.6199,-117.533997,1.3
GFK,"Grand Forks International Airport (Grand Forks, US)",47.949299,-97.176102,1.0
GFL,"Floyd Bennett Memorial Airport (Glens Falls, US)",43.3412017822,-73.6102981567,1.0
GGG,"East Texas Regional Airport (Longview, US)",32.38399887084961,-94.71150207519531,1.0
GGW,"Glasgow Valley County Airport Wokal Field (Glasgow, US)",48.212502,-106.614998,1.0
GJT,"Grand Junction Regional Airport (Grand Junction, US)",39.126663,-108.529387,1.0
GLD,"Goodland Municipal Airport (Goodland, US)",39.370701,-101.699753,1.0
GLH,"Mid Delta Regional Airport (Greenville, US)",33.482899,-90.985603,1.0
GLS,"Scholes International At Galveston Airport (Galveston, US)",29.265301,-94.860397,1.0
GMU,"Greenville Downtown Airport (Greenville, US)",34.847903,-82.350217,1.0
GNV,"Gainesville Regional Airport (Gainesville, US)",29.6900997162,-82.2717971802,1.0
GON,"Groton New London Airport (Groton, US)",41.330101,-72.045097,1.0
FCA,"Glacier Park International Airport (Kalispell, US)",48.310501,-114.255997,1.0
GPT,"Gulfport Biloxi International Airport (Gulfport, US)",30.405582,-89.069836,1.0
GRB,"Austin Straubel International Airport (Green Bay, US)",44.483459,-88.130805,1.0
GRF,"Gray Army Air Field (Fort Lewis/Tacoma, US)",47.07920074,-122.5810013,1.0
GRI,"Central Nebraska Regional Airport (Grand Island, US)",40.967498779296875,-98.30960083007812,1.0
GRK,"Killeen Regional Airport / Robert Gray Army Airfield (Fort Cavazos, US)",31.0672,-97.828903,1.0
GRR,"Gerald R. Ford International Airport (Grand Rapids, US)",42.880798,-85.522797,1.3
GSB,"Seymour Johnson Air Force Base (Goldsboro, US)",35.339401,-77.960602,1.0
GSO,"Piedmont Triad International Airport (Greensboro, US)",36.09937,-79.937262,1.3
GSP,"Greenville-Spartanburg International Airport (Greenville/Greer/Spartanburg, US)",34.895699,-82.218903,1.0
GTF,"Great Falls International Airport (Great Falls, US)",47.481998,-111.371002,1.0
GTR,"Golden Triangle Regional Airport (Columbus/W Point/Starkville, US)",33.450298,-88.5914,1.0
GUC,"Gunnison Crested Butte Regional Airport (Gunnison, US)",38.534672,-106.934566,1.0
GUP,"Gallup Municipal Airport (Gallup, US)",35.511653,-108.788166,1.0
GUS,"Grissom Air Reserve Base (Peru, US)",40.648102,-86.1521,1.0
GUY,"Guymon Municipal Airport (Guymon, US)",36.6851005554,-101.508003235,1.0
GWO,"Greenwood–Leflore Airport (Greenwood, US)",33.495025,-90.088204,1.0
PNX,"North Texas Regional Airport Perrin Field (Denison, US)",33.7141,-96.673698,1.0
GYY,"Gary/Chicago International Airport (Gary, US)",41.617087,-87.413206,1.0
DSY,"Dara Sakor International Airport (Ta Noun, KH)",10.914244,103.226652,1.3
KTI,"Techo International Airport (Phnom Penh (Boeng Khyang), KH)",11.359987,104.921272,1.3
HBG,"Hattiesburg Bobby L Chain Municipal Airport (Hattiesburg, US)",31.26479912,-89.25279999,1.0
HBR,"Hobart Regional Airport (Hobart, US)",34.991317,-99.051313,1.0
HDN,"Yampa Valley Airport (Hayden, US)",40.481201,-107.218002,1.0
MNZ,"Manassas Regional Airport/Harry P. Davis Field (Manassas, US)",38.721401,-77.515404,1.0
HFD,"Hartford Brainard Airport (Hartford, US)",41.736698150635,-72.649398803711,1.0
HGR,"Hagerstown Regional Richard A Henson Field (Hagerstown, US)",39.708771,-77.728014,1.0
HHR,"Jack Northrop Field Hawthorne Municipal Airport (Hawthorne, US)",33.922798,-118.334999,1.0
HIB,"Range Regional Airport (Hibbing, US)",47.384831,-92.836905,1.0
HIF,"Hill Air Force Base (Ogden, US)",41.12403,-111.973086,1.0
HII,"Lake Havasu City Airport (Lake Havasu City, US)",34.570506,-114.357745,1.0
HIO,"Portland Hillsboro Airport (Portland, US)",45.540401,-122.949997,1.0
HKY,"Hickory Regional Airport (Hickory, US)",35.74110031,-81.38950348,1.0
HLG,"Wheeling Ohio County Airport (Wheeling, US)",40.1749992371,-80.6463012695,1.0
HLN,"Helena Regional Airport (Helena, US)",46.6068,-111.983002,1.0
HMN,"Holloman Air Force Base (Alamogordo, US)",32.852501,-106.107002,1.0
HOB,"Lea County Regional Airport (Hobbs, US)",32.6875,-103.217003,1.0
HON,"Huron Regional Airport (Huron, US)",44.385201,-98.2285,1.0
HOP,"Campbell Army Airfield (Fort Campbell) (Fort Campbell, US)",36.674154,-87.48974,1.0
HOT,"Memorial Field Airport (Hot Springs, US)",34.4788,-93.096262,1.0
HOU,"William P. Hobby Airport (Houston, US)",29.645336,-95.276812,1.3
HPN,"Westchester County Airport (White Plains, US)",41.06700134277344,-73.70760345458984,1.0
HQM,"Bowerman Airport (Hoquiam, US)",46.971199035599994,-123.93699646,1.0
HRL,"Valley International Airport (Harlingen, US)",26.228500366210938,-97.65440368652344,1.0
HRO,"Boone County Airport (Harrison, US)",36.26150131225586,-93.15470123291016,1.0
HST,"Homestead Air Reserve Base (Homestead, US)",25.4886,-80.383598,1.0
HSV,"Huntsville International Airport (Huntsville, US)",34.636244,-86.774378,1.0
HTS,"Tri-State Airport / Milton J. Ferguson Field (Huntington, US)",38.366699,-82.557999,1.0
HUA,"Redstone Army Air Field (Redstone Arsnl Huntsville, US)",34.67869949,-86.68479919,1.0
HUF,"Terre Haute Regional Airport, Hulman Field (Terre Haute, US)",39.4515,-87.307602,1.0
HUL,"Houlton International Airport (Houlton, US)",46.1231002808,-67.792098999,1.0
HUT,"Hutchinson Municipal Airport (Hutchinson, US)",38.0654983521,-97.86060333250002,1.0
HVN,"Tweed New Haven Airport (New Haven, US)",41.262869,-72.887694,1.0
HVR,"Havre City County Airport (Havre, US)",48.541387,-109.762859,1.0
HWO,"North Perry Airport (Hollywood, US)",26.0012,-80.2407,1.0
HHH,"Hilton Head Airport (Hilton Head Island, US)",32.2244,-80.697502,1.0
HYA,"Cape Cod Gateway Airport (Hyannis, US)",41.6693,-70.280403,1.0
HYR,"Sawyer County Airport (Hayward, US)",46.025199890100005,-91.44429779050002,1.0
HYS,"Hays Regional Airport (Hays, US)",38.844521,-99.273148,1.0
JFN,"Northeast Ohio Regional Airport (Ashtabula, US)",41.778,-80.695503,1.0
IAB,"McConnell Air Force Base (Wichita, US)",37.621899,-97.268204,1.0
IAD,"Washington Dulles International Airport (Dulles, US)",38.9445,-77.455803,1.3
IAG,"Niagara Falls International Airport (Niagara Falls, US)",43.1073,-78.946198,1.0
IAH,"George Bush Intercontinental Airport (Houston, US)",29.9844,-95.3414,1.3
ICT,"Wichita Dwight D. Eisenhower National Airport (Wichita, US)",37.650314,-97.428583,1.0
IDA,"Idaho Falls Regional Airport (Idaho Falls, US)",43.514599,-112.070999,1.0
IFP,"Laughlin Bullhead International Airport (Bullhead City, US)",35.154726,-114.559322,1.0
IGM,"Kingman Airport (Kingman, US)",35.259499,-113.938004,1.0
IKK,"Greater Kankakee Airport (Kankakee, US)",41.07139968869999,-87.8462982178,1.0
ILG,"Wilmington Airport (Wilmington, US)",39.678699,-75.606499,1.0
ILM,"Wilmington International Airport (Wilmington, US)",34.272345,-77.905117,1.0
ILN,"Wilmington Airpark (Wilmington, US)",39.427898407,-83.792098999,1.0
IMT,"Ford Airport (Kingsford, US)",45.81911,-88.114557,1.0
IND,"Indianapolis International Airport (Indianapolis, US)",39.7173,-86.294403,1.3
INK,"Winkler County Airport (Wink, US)",31.7796,-103.200996,1.0
INL,"Falls International Airport (International Falls, US)",48.566200256347656,-93.4030990600586,1.0
INT,"Smith Reynolds Airport (Winston Salem, US)",36.13370132446289,-80.22200012207031,1.0
INW,"Winslow Lindbergh Regional Airport (Winslow, US)",35.021900177,-110.722999573,1.0
IPL,"Imperial County Airport (Imperial, US)",32.83539,-115.574026,1.0
IPT,"Williamsport Regional Airport (Williamsport, US)",41.242126,-76.92245,1.0
IRK,"Kirksville Regional Airport (Kirksville, US)",40.09349822998047,-92.5448989868164,1.0
ISM,"Kissimmee Gateway Airport (Orlando, US)",28.2898006439,-81.4371032715,1.0
ISO,"Kinston Regional Jetport At Stallings Field (Kinston, US)",35.331401825,-77.60880279540001,1.0
ISP,"Long Island MacArthur Airport (Islip, US)",40.796324,-73.101703,1.0
ITH,"Ithaca Tompkins Regional Airport (Ithaca, US)",42.49100112915039,-76.4583969116211,1.0
AZA,"Mesa Gateway Airport (Mesa, US)",33.3078,-111.654999,1.0
JAC,"Jackson Hole Airport (Jackson, US)",43.6073,-110.737999,1.0
JAN,"Jackson-Medgar Wiley Evers International Airport (Jackson, US)",32.311199,-90.075897,1.0
JAX,"Jacksonville International Airport (Jacksonville, US)",30.492469,-81.687813,1.3
JBR,"Jonesboro Municipal Airport (Jonesboro, US)",35.83169937133789,-90.64640045166016,1.0
JCT,"Kimble County Airport (Junction, US)",30.5112991333,-99.7634963989,1.0
JFK,"John F. Kennedy International Airport (New York, US)",40.639447,-73.779317,1.3
JHW,"Chautauqua County-Jamestown Airport (Jamestown, US)",42.15425,-79.254008,1.0
JLN,"Joplin Regional Airport (Joplin, US)",37.151798,-94.498299,1.0
JMS,"Jamestown Regional Airport (Jamestown, US)",46.92969894,-98.67819977,1.0
USA,"Concord-Padgett Regional Airport (Concord, US)",35.387798,-80.709099,1.0
JST,"John Murtha Johnstown Cambria County Airport (Johnstown, US)",40.31610107421875,-78.83390045166016,1.0
JXN,"Jackson County Airport/Reynolds Field (Jackson, US)",42.260509,-84.463019,1.0
KLS,"Southwest Washington Regional Airport (Kelso, US)",46.11800003049999,-122.898002625,1.0
LAA,"Southeast Colorado Regional Airport (Lamar, US)",38.066407,-102.691373,1.0
LAF,"Purdue University Airport (West Lafayette, US)",40.412875,-86.939363,1.0
LAL,"Lakeland Linder International Airport (Lakeland, US)",27.989267,-82.020715,1.0
LAN,"Capital Region International Airport (Lansing, US)",42.777582,-84.585721,1.0
LAR,"Laramie Regional Airport (Laramie, US)",41.31209945678711,-105.67500305175781,1.0
LAS,"Harry Reid International Airport (Las Vegas, US)",36.083361,-115.151817,1.3
LAW,"Lawton Fort Sill Regional Airport (Lawton, US)",34.567699,-98.416603,1.0
LAX,"Los Angeles International Airport (Los Angeles, US)",33.942501,-118.407997,1.3
LBB,"Lubbock Preston Smith International Airport (Lubbock, US)",33.663601,-101.822998,1.0
LBE,"Arnold Palmer Regional Airport (Latrobe, US)",40.275902,-79.4048,1.0
LBF,"North Platte Regional Airport Lee Bird Field (North Platte, US)",41.12620163,-100.6839981,1.0
LBL,"Liberal Mid-America Regional Airport (Liberal, US)",37.0442009,-100.9599991,1.0
LBT,"Lumberton Regional Airport (Lumberton, US)",34.610773,-79.05943,1.0
LJN,"Texas Gulf Coast Regional Airport (Angleton, US)",29.108601,-95.462097,1.0
LCH,"Lake Charles Regional Airport (Lake Charles, US)",30.126100540161133,-93.22329711914062,1.0
LCK,"Rickenbacker International Airport (Columbus, US)",39.813801,-82.927803,1.0
LEB,"Lebanon Municipal Airport (Lebanon, US)",43.626098632799994,-72.30419921880001,1.0
LEE,"Leesburg International Airport (Leesburg, US)",28.82309914,-81.80870056,1.0
LEX,"Blue Grass Airport (Lexington, US)",38.035066,-84.606738,1.0
LFI,"Langley Air Force Base (Hampton, US)",37.082901,-76.360497,1.0
LFK,"Angelina County Airport (Lufkin, US)",31.2339992523,-94.75,1.0
LFT,"Lafayette Regional Airport (Lafayette, US)",30.205299,-91.987602,1.0
LGA,"LaGuardia Airport (New York, US)",40.777199,-73.872597,1.3
LGB,"Long Beach International Airport (Long Beach, US)",33.816523,-118.149891,1.3
LGU,"Logan-Cache Airport (Logan, US)",41.7911987305,-111.851997375,1.0
LIT,"Bill & Hillary Clinton National Airport/Adams Field (Little Rock, US)",34.729222,-92.223591,1.0
LMT,"Crater Lake-Klamath Regional Airport (Klamath Falls, US)",42.156101,-121.733002,1.0
LND,"Hunt Field (Lander, US)",42.815201,-108.730003,1.0
LNK,"Lincoln Airport (Lincoln, US)",40.844882,-96.76178,1.0
LNS,"Lancaster Airport (Lancaster, US)",40.121700286865234,-76.29609680175781,1.0
LOL,"Derby Field (Lovelock, US)",40.0663986206,-118.565002441,1.0
LOU,"Bowman Field (Louisville, US)",38.2280006409,-85.6636962891,1.0
LOZ,"London-Corbin Airport/Magee Field (London, US)",37.0821990967,-84.08489990230001,1.0
LRD,"Laredo International Airport (Laredo, US)",27.5438,-99.461601,1.0
LRF,"Little Rock Air Force Base (Jacksonville, US)",34.916900634799994,-92.14969635010002,1.0
LRU,"Las Cruces International Airport (Las Cruces, US)",32.289398,-106.921997,1.0
LSE,"La Crosse Regional Airport (La Crosse, US)",43.879002,-91.256699,1.0
LSF,"Lawson Army Air Field (Fort Benning, US)",32.332546,-84.988003,1.0
LSV,"Nellis Air Force Base (Las Vegas, US)",36.2361984253,-115.033996582,1.0
LTS,"Altus Air Force Base (Altus, US)",34.667099,-99.266701,1.0
LUF,"Luke Air Force Base (Glendale, US)",33.535,-112.383003,1.0
LUK,"Cincinnati Municipal Airport Lunken Field (Cincinnati, US)",39.102357,-84.418945,1.0
LVM,"Mission Field (Livingston, US)",45.6994018555,-110.447998047,1.0
LVS,"Las Vegas Municipal Airport (Las Vegas, US)",35.654202,-105.141998,1.0
LWB,"Greenbrier Valley Airport (Lewisburg, US)",37.857914,-80.400438,1.0
LWM,"Lawrence Municipal Airport (Lawrence, US)",42.717201232899995,-71.1233978271,1.0
LWS,"Lewiston Nez Perce County Airport (Lewiston, US)",46.3745002746582,-117.01499938964844,1.0
LWT,"Lewistown Municipal Airport (Lewistown, US)",47.048429,-109.466143,1.0
LYH,"Lynchburg Regional Airport - Preston Glenn Field (Lynchburg, US)",37.326698,-79.200401,1.0
MAF,"Midland International Air and Space Port (Midland, US)",31.942499,-102.202003,1.0
MBG,"Mobridge Municipal Airport (Mobridge, US)",45.54650116,-100.4079971,1.0
MBS,"MBS International Airport (Freeland, US)",43.533181,-84.083104,1.0
MCB,"McComb-Pike County Airport / John E Lewis Field (McComb, US)",31.178499,-90.471901,1.0
MCC,"McClellan Airfield (Sacramento, US)",38.667599,-121.401001,1.0
MCE,"Merced Regional Macready Field (Merced, US)",37.284698,-120.514,1.0
MCF,"MacDill Air Force Base (Tampa, US)",27.8493,-82.521202,1.0
MCI,"Kansas City International Airport (Kansas City, US)",39.301699,-94.713893,1.3
MCK,"McCook Ben Nelson Regional Airport (McCook, US)",40.207787,-100.592794,1.0
MCN,"Middle Georgia Regional Airport (Macon, US)",32.69279861450195,-83.64920043945312,1.0
MCO,"Orlando International Airport (Orlando, US)",28.429399490356445,-81.30899810791016,1.3
MCW,"Mason City Municipal Airport (Mason City, US)",43.159801,-93.329716,1.0
MDH,"Southern Illinois Airport (Murphysboro, US)",37.778099,-89.251999,1.0
MDT,"Harrisburg International Airport (Harrisburg, US)",40.192838,-76.762333,1.0
MDW,"Chicago Midway International Airport (Chicago, US)",41.785999,-87.752403,1.3
MEI,"Key Field / Meridian Regional Airport (Meridian, US)",32.3326,-88.7519,1.0
MEM,"Memphis International Airport (Memphis, US)",35.043845,-89.97634,1.3
MER,"Castle Airport (Merced, US)",37.38050079,-120.5680008,1.0
MFD,"Mansfield Lahm Regional Airport (Mansfield, US)",40.82139968869999,-82.5166015625,1.0
MFE,"McAllen Miller International Airport (McAllen, US)",26.176141,-98.237965,1.0
MFR,"Rogue Valley International-Medford Airport (Medford, US)",42.374199,-122.873001,1.0
MGC,"Michigan City Municipal Airport (Michigan City, US)",41.7033,-86.821198,1.0
MGE,"Dobbins Air Reserve Base (Marietta, US)",33.915401,-84.516296,1.0
MGM,"Montgomery Regional (Dannelly Field) Airport (Montgomery, US)",32.300598,-86.393997,1.0
MGW,"Morgantown Municipal Airport Walter L. (Bill) Hart Field (Morgantown, US)",39.643305,-79.917598,1.0
MHK,"Manhattan Regional Airport (Manhattan, US)",39.14099884033203,-96.6707992553711,1.0
MHR,"Sacramento Mather Airport (Sacramento, US)",38.554744,-121.297989,1.0
MHT,"Manchester-Boston Regional Airport (Manchester, US)",42.932598,-71.435699,1.0
MHV,"Mojave Air &  Space Port (Mojave, US)",35.056391,-118.145342,1.0
MIA,"Miami International Airport (Miami, US)",25.796011,-80.289751,1.3
MIB,"Minot Air Force Base (Minot, US)",48.4156,-101.358002,1.0
MIE,"Delaware County Johnson Field (Muncie, US)",40.242298,-85.395897,1.0
MIV,"Millville Municipal Airport (Millville, US)",39.367802,-75.072197,1.0
MKC,"Charles B. Wheeler Downtown Airport (Kansas City, US)",39.123199,-94.592796,1.0
MKE,"General Mitchell International Airport (Milwaukee, US)",42.947201,-87.896599,1.3
MKG,"Muskegon County Airport (Muskegon, US)",43.169498,-86.238197,1.0
MKL,"McKellar-Sipes Regional Airport (Jackson, US)",35.599899,-88.915604,1.0
MLB,"Melbourne Orlando International Airport (Melbourne, US)",28.102009,-80.641088,1.0
MLC,"Mc Alester Regional Airport (Mc Alester, US)",34.882401,-95.783501,1.0
MLI,"Quad City International Airport (Moline, US)",41.448502,-90.5075,1.0
MLS,"Miles City Airport - Frank Wiley Field (Miles City, US)",46.427268,-105.885372,1.0
MLU,"Monroe Regional Airport (Monroe, US)",32.510899,-92.037697,1.0
MMH,"Mammoth Yosemite Airport (Mammoth Lakes, US)",37.625381,-118.84306,1.0
MMT,"Mc Entire Joint National Guard Base (Eastover, US)",33.92079926,-80.80130005,1.0
MMU,"Morristown Municipal Airport (Morristown, US)",40.799062,-74.414949,1.0
MOB,"Mobile Regional Airport (Mobile, US)",30.6912,-88.242798,1.0
MOD,"Modesto City Co-Harry Sham Field (Modesto, US)",37.625801,-120.954002,1.0
MOT,"Minot International Airport (Minot, US)",48.25801,-101.279123,1.0
MPV,"Edward F Knapp State Airport (Barre/Montpelier, US)",44.20349884,-72.56230164,1.0
MQY,"Smyrna Airport (Smyrna, US)",36.0089988708,-86.5201034546,1.0
MRB,"Eastern WV Regional Airport/Shepherd Field (Martinsburg, US)",39.40190125,-77.98459625,1.0
MRY,"Monterey Regional Airport (Monterey, US)",36.586777,-121.844183,1.0
MSL,"Northwest Alabama Regional Airport (Muscle Shoals, US)",34.745123,-87.612981,1.0
MSN,"Dane County Regional Truax Field (Madison, US)",43.1399,-89.337502,1.0
MSO,"Missoula Montana Airport (Missoula, US)",46.915816,-114.091107,1.0
MSP,"Minneapolis–Saint Paul International Airport / Wold–Chamberlain Field (Minneapolis, US)",44.880081,-93.221741,1.3
MSS,"Massena International Airport Richards Field (Massena, US)",44.936157,-74.844304,1.0
MSY,"Louis Armstrong New Orleans International Airport (New Orleans, US)",29.993401,-90.264673,1.3
MTC,"Selfridge Air National Guard Base Airport (Mount Clemens, US)",42.613463,-82.836919,1.0
MTH,"Florida Keys Marathon International Airport (Marathon, US)",24.726006,-81.05138,1.0
MTJ,"Montrose Regional Airport (Montrose, US)",38.5098,-107.893997,1.0
MTN,"Martin State Airport (Baltimore, US)",39.325699,-76.413803,1.0
MUI,"Muir Army Air Field (Fort Indiantown Gap) Airport (Fort Indiantown Gap(Annville), US)",40.435214,-76.568661,1.0
MUO,"Mountain Home Air Force Base (Mountain Home, US)",43.043598,-115.872002,1.0
MWA,"Veterans Airport of Southern Illinois (Marion, US)",37.751208,-89.016568,1.0
MWH,"Grant County International Airport (Moses Lake, US)",47.20769882,-119.3199997,1.0
MWL,"Mineral Wells Regional Airport (Mineral Wells, US)",32.781601,-98.060204,1.0
MXF,"Maxwell Air Force Base (Montgomery, US)",32.3829,-86.365799,1.0
MYL,"McCall Municipal Airport (McCall, US)",44.888837,-116.101112,1.0
MYR,"Myrtle Beach International Airport (Myrtle Beach, US)",33.679699,-78.928299,1.3
MYV,"Yuba County Airport (Marysville, US)",39.09780121,-121.5699997,1.0
NBG,"New Orleans NAS JRB/Alvin Callender Field (New Orleans, US)",29.82530022,-90.03500366,1.0
NEL,"Lakehurst Maxfield Field Airport (Lakehurst, US)",40.03329849,-74.353302,1.0
NEW,"Lakefront Airport (New Orleans, US)",30.042400360107,-90.028297424316,1.0
NFL,"Fallon Naval Air Station (Fallon, US)",39.41659927,-118.7009964,1.0
FWH,"NAS Fort Worth JRB / Carswell Field (Fort Worth, US)",32.769199,-97.441498,1.0
NGP,"Naval Air Station Corpus Christi Truax Field (Corpus Christi, US)",27.6926,-97.2911,1.0
NGU,"Norfolk Naval Station (Chambers Field) (Norfolk, US)",36.937599,-76.289299,1.0
NHK,"Patuxent River Naval Air Station (Trapnell Field) (Patuxent River, US)",38.285999,-76.411797,1.0
NIP,"Jacksonville Naval Air Station (Towers Field) (Jacksonville, US)",30.2358,-81.680603,1.0
NJK,"El Centro NAF Airport (Vraciu Field) (El Centro, US)",32.829201,-115.671996,1.0
NKX,"Miramar Marine Corps Air Station - Mitscher Field (San Diego, US)",32.86840057,-117.1429977,1.0
NLC,"Lemoore Naval Air Station (Reeves Field) Airport (Lemoore, US)",36.33300018,-119.9520035,1.0
NPA,"Naval Air Station Pensacola Forrest Sherman Field (Pensacola, US)",30.352699,-87.318604,1.0
NQA,"Millington-Memphis Airport (Millington, US)",35.356701,-89.8703,1.0
NQI,"Kingsville Naval Air Station (Kingsville, US)",27.5072002411,-97.8097000122,1.0
NQX,"Naval Air Station Key West/Boca Chica Field (Key West, US)",24.57579994,-81.68890381,1.0
NRB,"Naval Station Mayport / Admiral David L McDonald Field (Jacksonville, US)",30.3911,-81.424698,1.0
NSE,"Whiting Field Naval Air Station - North (Milton, US)",30.7241993,-87.02189636,1.0
NTD,"Point Mugu Naval Air Station (Naval Base Ventura Co) (Point Mugu, US)",34.120300293,-119.121002197,1.0
NTU,"Oceana Naval Air Station (Virginia Beach, US)",36.820702,-76.033501,1.0
NUQ,"Moffett Federal Airfield (Mountain View, US)",37.4161,-122.049004,1.0
NUW,"Whidbey Island Naval Air Station (Ault Field) (Oak Harbor, US)",48.351799,-122.655998,1.0
NYG,"Quantico Marine Corps Airfield / Turner Field (Quantico, US)",38.501701,-77.305298,1.0
YUM,"Yuma International Airport / Marine Corps Air Station Yuma (Yuma, US)",32.650938,-114.609375,1.0
NZY,"North Island Naval Air Station-Halsey Field (San Diego, US)",32.69919968,-117.2149963,1.0
OAJ,"Albert J Ellis Airport (Richlands, US)",34.829201,-77.612099,1.0
OAK,"San Francisco Bay Oakland International Airport (Oakland, US)",37.720085,-122.221184,1.3
OFF,"Offutt Air Force Base (Omaha, US)",41.119307,-95.90851,1.0
OFK,"Karl Stefan Memorial Airport (Norfolk, US)",41.985500335693,-97.435096740723,1.0
OGB,"Orangeburg Municipal Airport (Orangeburg, US)",33.456798553467,-80.859497070312,1.0
OGD,"Ogden Hinckley Airport (Ogden, US)",41.195899963379,-112.0120010376,1.0
OGS,"Ogdensburg International Airport (Ogdensburg, US)",44.6819,-75.4655,1.0
OCN,"Oceanside Municipal Airport (Oceanside, US)",33.217947,-117.351683,1.0
OKC,"OKC Will Rogers World Airport (Oklahoma City, US)",35.393388,-97.598248,1.3
OLF,"L M Clayton Airport (Wolf Point, US)",48.094501,-105.574997,1.0
OLM,"Olympia Regional Airport (Olympia, US)",46.969399,-122.903,1.0
OLS,"Nogales International Airport (Nogales, US)",31.4177,-110.848,1.0
OLU,"Columbus Municipal Airport (Columbus, US)",41.448145,-97.340174,1.0
OMA,"Eppley Airfield (Omaha, US)",41.3032,-95.894096,1.3
ONO,"Ontario Municipal Airport (Oregon, US)",44.0198,-117.013289,1.0
ONP,"Newport Municipal Airport (Newport, US)",44.580399,-124.057999,1.0
ONT,"Ontario International Airport (Ontario, US)",34.056,-117.600998,1.3
OPF,"Miami-Opa Locka Executive Airport (Miami, US)",25.907,-80.278397,1.0
NCO,"Quonset State Airport (North Kingstown, US)",41.597099304199,-71.412101745605,1.0
ORD,"Chicago O'Hare International Airport (Chicago, US)",41.9786,-87.9048,1.3
ORF,"Norfolk International Airport (Norfolk, US)",36.895341,-76.201,1.3
ORH,"Worcester Regional Airport (Worcester, US)",42.2673,-71.875702,1.0
ORL,"Orlando Executive Airport (Orlando, US)",28.5455,-81.332901,1.0
ESD,"Orcas Island Airport (Eastsound, US)",48.708199,-122.910004,1.0
OSH,"Wittman Regional Airport (Oshkosh, US)",43.98440170288086,-88.55699920654297,1.0
OSU,"The Ohio State University Airport - Don Scott Field (Columbus, US)",40.0798,-83.072998,1.0
OTH,"Southwest Oregon Regional Airport (North Bend, US)",43.41709899902344,-124.24600219726562,1.0
OTM,"Ottumwa Regional Airport (Ottumwa, US)",41.106368,-92.449837,1.0
OWB,"Owensboro Daviess County Airport (Owensboro, US)",37.74010086,-87.16680145,1.0
OWD,"Norwood Memorial Airport (Norwood, US)",42.1904983521,-71.1728973389,1.0
OCE,"Ocean City Municipal Airport (Ocean City, US)",38.310398,-75.124001,1.0
OXR,"Oxnard Airport (Oxnard, US)",34.200801849365,-119.20700073242,1.0
OZR,"Cairns AAF (Fort Rucker) Air Field (Fort Rucker/Ozark, US)",31.27569962,-85.71340179,1.0
PAE,"Seattle Paine Field International Airport (Everett, US)",47.9063,-122.281998,1.0
PAH,"Barkley Regional Airport (Paducah, US)",37.06079864501953,-88.7738037109375,1.0
PAM,"Tyndall Air Force Base (Panama City, US)",30.069599,-85.575401,1.0
PAO,"Palo Alto Airport (Palo Alto, US)",37.461102,-122.114998,1.0
PBF,"Pine Bluff Regional Airport, Grider Field (Pine Bluff, US)",34.174121,-91.935643,1.0
PBG,"Plattsburgh International Airport (Plattsburgh, US)",44.650902,-73.468102,1.0
PBI,"Palm Beach International Airport (West Palm Beach, US)",26.683201,-80.095596,1.3
PDK,"DeKalb Peachtree Airport (Atlanta, US)",33.87633,-84.30213,1.0
PDT,"Eastern Oregon Regional Airport at Pendleton (Pendleton, US)",45.695099,-118.841003,1.0
PDX,"Portland International Airport (Portland, US)",45.588699,-122.598,1.3
PGA,"Page Municipal Airport (Page, US)",36.924234,-111.447716,1.0
PGD,"Punta Gorda Airport (Punta Gorda, US)",26.9202,-81.990501,1.0
PGV,"Pitt-Greenville Airport (Greenville, US)",35.635535,-77.384262,1.0
PHF,"Newport News Williamsburg International Airport (Newport News, US)",37.131901,-76.492996,1.0
PHL,"Philadelphia International Airport (Philadelphia, US)",39.871899,-75.241096,1.3
PHX,"Phoenix Sky Harbor International Airport (Phoenix, US)",33.435302,-112.005905,1.3
PIA,"General Wayne A. Downing Peoria International Airport (Peoria, US)",40.663841,-89.692631,1.0
PIB,"Hattiesburg Laurel Regional Airport (Moselle, US)",31.4671,-89.337097,1.0
PIE,"St. Petersburg Clearwater International Airport (Pinellas Park, US)",27.9102,-82.687401,1.3
PIH,"Pocatello Regional Airport (Pocatello, US)",42.9098014831543,-112.59600067138672,1.0
PIR,"Pierre Regional Airport (Pierre, US)",44.38270187,-100.2860031,1.0
PIT,"Pittsburgh International Airport (Pittsburgh, US)",40.491501,-80.232903,1.3
PKB,"Mid Ohio Valley Regional Airport (Parkersburg (Williamstown), US)",39.3451,-81.439201,1.0
PLN,"Pellston Regional Airport of Emmet County Airport (Pellston, US)",45.57089996,-84.79669952,1.0
PMD,"Palmdale Regional Airport / USAF Plant 42 Airport (Palmdale, US)",34.629398,-118.084999,1.0
PWY,"Ralph Wenz Field (Pinedale, US)",42.79550171,-109.8069992,1.0
PNC,"Ponca City Regional Airport (Ponca City, US)",36.73199844,-97.09980011,1.0
PNE,"Northeast Philadelphia Airport (Philadelphia, US)",40.082406,-75.010614,1.0
PNS,"Pensacola International Airport (Pensacola, US)",30.472718,-87.186639,1.3
POB,"Pope Field (Fort Bragg, US)",35.170898,-79.014503,1.0
POE,"Polk Army Air Field (Fort Polk, US)",31.0447998,-93.1917038,1.0
POU,"Dutchess County Airport (Poughkeepsie, US)",41.6265983581543,-73.88420104980469,1.0
PQI,"Presque Isle International Airport (Presque Isle, US)",46.688999,-68.0448,1.0
PRB,"Paso Robles Municipal Airport (Paso Robles, US)",35.67290115,-120.6269989,1.0
PRC,"Prescott Regional Airport - Ernest A. Love Field (Prescott, US)",34.653502,-112.419883,1.0
PRX,"Cox Field (Paris, US)",33.636600494385,-95.450798034668,1.0
PSC,"Tri Cities Airport (Pasco, US)",46.264702,-119.119003,1.0
PSM,"Portsmouth International Airport at Pease (Portsmouth, US)",43.0779,-70.823303,1.0
PSP,"Palm Springs International Airport (Palm Springs, US)",33.8297,-116.507004,1.3
PTK,"Oakland County International Airport (Pontiac, US)",42.665500640869,-83.420097351074,1.0
PUB,"Pueblo Memorial Airport (Pueblo, US)",38.289101,-104.497002,1.0
PUW,"Pullman-Moscow Regional Airport (Pullman, US)",46.741601,-117.11163,1.0
PVD,"Rhode Island T. F. Green International Airport (Providence/Warwick, US)",41.725038,-71.425668,1.3
PVU,"Provo Municipal Airport (Provo, US)",40.218894,-111.722445,1.0
PWK,"Chicago Executive Airport (Chicago/Prospect Heights/Wheeling, US)",42.114222,-87.901494,1.0
PWM,"Portland International Jetport (Portland, US)",43.646198,-70.309303,1.3
PWT,"Bremerton National Airport (Bremerton, US)",47.490200042725,-122.76499938965,1.0
RAL,"Riverside Municipal Airport (Riverside, US)",33.9519,-117.445,1.0
RAP,"Rapid City Regional Airport (Rapid City, US)",44.0452995300293,-103.05699920654297,1.0
RBL,"Red Bluff Municipal Airport (Red Bluff, US)",40.1506996155,-122.251998901,1.0
RCA,"Ellsworth Air Force Base (Rapid City, US)",44.14500046,-103.1039963,1.0
RDD,"Redding Municipal Airport (Redding, US)",40.50899887,-122.2929993,1.0
RDG,"Reading Regional Airport (Carl A Spaatz Field) (Reading, US)",40.378502,-75.965202,1.0
RDM,"Roberts Field (Redmond, US)",44.254101,-121.150002,1.0
RDR,"Grand Forks Air Force Base (Grand Forks, US)",47.961101532,-97.4011993408,1.0
RDU,"Raleigh-Durham International Airport (Raleigh/Durham, US)",35.878659,-78.7873,1.3
RFD,"Chicago Rockford International Airport (Chicago/Rockford, US)",42.1954,-89.097198,1.0
RHI,"Rhinelander Oneida County Airport (Rhinelander, US)",45.63119888305664,-89.46749877929688,1.0
RIC,"Richmond International Airport (Richmond, US)",37.505199,-77.319702,1.3
RIL,"Garfield County Regional Airport (Rifle, US)",39.526299,-107.726997,1.0
RIV,"March Air Reserve Base (Riverside, US)",33.880699,-117.259003,1.0
RIW,"Central Wyoming Regional Airport (Riverton, US)",43.064201,-108.459999,1.0
RKD,"Knox County Regional Airport (Rockland, US)",44.060101,-69.099197,1.0
RKS,"Southwest Wyoming Regional Airport (Rock Springs, US)",41.5942,-109.065001,1.0
RME,"Griffiss International Airport (Rome, US)",43.23379898,-75.40699768,1.0
RMG,"Richard B Russell Airport (Rome, US)",34.3506011963,-85.15799713130001,1.0
RND,"Randolph Air Force Base (Universal City, US)",29.529699,-98.2789,1.0
RNH,"New Richmond Regional Airport (New Richmond, US)",45.1483,-92.538101,1.0
RNO,"Reno Tahoe International Airport (Reno, US)",39.4991,-119.767998,1.3
ROA,"Roanoke–Blacksburg Regional Airport (Roanoke, US)",37.3255,-79.975403,1.0
ROC,"Frederick Douglass Greater Rochester International Airport (Rochester, US)",43.1189,-77.672401,1.3
ROW,"Roswell Air Center Airport (Roswell, US)",33.301601,-104.530998,1.0
RSL,"Russell Municipal Airport (Russell, US)",38.872100830078,-98.811798095703,1.0
RST,"Rochester International Airport (Rochester, US)",43.908298,-92.5,1.0
RSW,"Southwest Florida International Airport (Fort Myers, US)",26.534685,-81.752816,1.3
RUT,"Rutland - Southern Vermont Regional Airport (Rutland, US)",43.5294,-72.9496,1.0
RVS,"Tulsa Riverside Airport (Tulsa, US)",36.0396,-95.984596,1.0
RWF,"Redwood Falls Municipal Airport (Redwood Falls, US)",44.547199,-95.082298,1.0
RWI,"Rocky Mount Wilson Regional Airport (Rocky Mount, US)",35.8563,-77.891899,1.0
RWL,"Rawlins Municipal Airport/Harvey Field (Rawlins, US)",41.80559921,-107.1999969,1.0
SAC,"Sacramento Executive Airport (Sacramento, US)",38.5125007629,-121.492996216,1.0
SAF,"Santa Fe Municipal Airport (Santa Fe, US)",35.6171,-106.088997,1.0
SAN,"San Diego International Airport (San Diego, US)",32.733601,-117.190002,1.3
SAT,"San Antonio International Airport (San Antonio, US)",29.533701,-98.469803,1.3
SAV,"Savannah Hilton Head International Airport (Savannah, US)",32.126591,-81.19998,1.3
MQT,"Marquette/Sawyer International Airport (Gwinn, US)",46.351498,-87.395884,1.0
SBA,"Santa Barbara Municipal Airport (Santa Barbara, US)",34.426201,-119.839996,1.0
SBD,"San Bernardino International Airport (San Bernardino, US)",34.096717,-117.236596,1.3
SBN,"South Bend International Airport (South Bend, US)",41.708304,-86.316922,1.0
SBP,"San Luis County Regional Airport (San Luis Obispo, US)",35.236801147499996,-120.641998291,1.0
SBY,"Salisbury Ocean City Wicomico Regional Airport (Salisbury, US)",38.34049987792969,-75.51029968261719,1.0
SCH,"Schenectady County Airport (Schenectady, US)",42.852500915527,-73.928901672363,1.0
SCK,"Stockton Metropolitan Airport (Stockton, US)",37.893279,-121.238079,1.0
SDF,"Louisville Muhammad Ali International Airport (Louisville, US)",38.1706,-85.735076,1.3
SDM,"Brown Field Municipal Airport (San Diego, US)",32.572639,-116.980019,1.0
SDY,"Sidney - Richland Regional Airport (Sidney, US)",47.705141,-104.194422,1.0
SEA,"Seattle–Tacoma International Airport (Seattle, US)",47.447943,-122.310276,1.3
SFB,"Orlando Sanford International Airport (Orlando, US)",28.774277,-81.234626,1.3
SFF,"Felts Field (Spokane, US)",47.682899,-117.321925,1.0
SFO,"San Francisco International Airport (San Francisco, US)",37.619806,-122.374821,1.3
SGF,"Springfield Branson National Airport (Springfield, US)",37.245047,-93.388596,1.0
SGH,"Springfield-Beckley Municipal Airport (Springfield, US)",39.840301513672,-83.840202331543,1.0
UST,"Northeast Florida Regional Airport (St Augustine, US)",29.9592,-81.339798,1.0
SGR,"Sugar Land Regional Airport (Houston, US)",29.622299194336,-95.65650177002,1.0
SGU,"St George Regional Airport (St George, US)",37.036389,-113.510306,1.0
SHD,"Shenandoah Valley Regional Airport (Weyers Cave, US)",38.263802,-78.8964,1.0
SHR,"Sheridan County Airport (Sheridan, US)",44.76919937133789,-106.9800033569336,1.0
SHV,"Shreveport Regional Airport (Shreveport, US)",32.446602,-93.8256,1.0
SJC,"Norman Y. Mineta San Jose International Airport (San Jose, US)",37.362452,-121.929188,1.3
SJT,"San Angelo Regional Mathis Field (San Angelo, US)",31.35770034790039,-100.49600219726562,1.0
SKA,"Fairchild Air Force Base (Spokane, US)",47.615101,-117.655998,1.0
SKF,"Lackland Air Force Base (San Antonio, US)",29.38419914,-98.58110046,1.0
TSM,"Taos Regional Airport (Taos, US)",36.452494,-105.67749,1.0
SLC,"Salt Lake City International Airport (Salt Lake City, US)",40.78886,-111.979866,1.3
SLE,"Salem-Willamette Valley Airport/McNary Field (Salem, US)",44.9095,-123.002998,1.0
SLK,"Adirondack Regional Airport (Saranac Lake, US)",44.38691,-74.204629,1.0
SLN,"Salina Municipal Airport (Salina, US)",38.79100036621094,-97.6521987915039,1.0
SME,"Lake Cumberland Regional Airport (Somerset, US)",37.053398132299996,-84.6158981323,1.0
SMF,"Sacramento International Airport (Sacramento, US)",38.6954,-121.591003,1.3
SMN,"Lemhi County Airport (Salmon, US)",45.122233,-113.88196,1.0
SMO,"Santa Monica Municipal Airport (Santa Monica, US)",34.0158,-118.450996,1.0
SMX,"Santa Maria Public Airport Captain G Allan Hancock Field (Santa Maria, US)",34.898899,-120.457001,1.0
SNA,"John Wayne Orange County International Airport (Santa Ana, US)",33.675063,-117.869281,1.3
SNS,"Salinas Municipal Airport (Salinas, US)",36.662799835205,-121.60600280762,1.0
SNY,"Sidney Municipal Airport Lloyd W Carr Field (Sidney, US)",41.101299,-102.985001,1.0
SOW,"Show Low Regional Airport (Show Low, US)",34.264062,-110.007091,1.0
SPI,"Abraham Lincoln Capital Airport (Springfield, US)",39.844101,-89.677902,1.0
SPS,"Wichita Falls Municipal Airport / Sheppard Air Force Base (Wichita Falls, US)",33.9888,-98.491898,1.0
SQL,"San Carlos Airport (San Carlos, US)",37.51313,-122.250838,1.0
SRQ,"Sarasota Bradenton International Airport (Sarasota/Bradenton, US)",27.394631,-82.554359,1.3
RUI,"Sierra Blanca Regional Airport (Alto, US)",33.462799,-105.535004,1.0
SSC,"Shaw Air Force Base (Sumter, US)",33.972698,-80.470596,1.0
SSF,"Stinson Municipal Airport (San Antonio, US)",29.336999893188,-98.471099853516,1.0
SSI,"St Simons Island Airport (St Simons Island, US)",31.1518,-81.391296,1.0
STC,"Saint Cloud Regional Airport (Saint Cloud, US)",45.5466,-94.059898,1.0
STJ,"Rosecrans Memorial Airport (St Joseph, US)",39.771900177002,-94.909698486328,1.0
STL,"St. Louis Lambert International Airport (St Louis, US)",38.748697,-90.370003,1.3
STP,"Saint Paul Downtown Holman Field (Saint Paul, US)",44.93479,-93.060036,1.0
STS,"Charles M. Schulz Sonoma County Airport (Santa Rosa, US)",38.50899887,-122.8130035,1.0
SUN,"Friedman Memorial Airport (Hailey, US)",43.50439835,-114.2959976,1.0
SUS,"Spirit of St Louis Airport (St Louis, US)",38.662102,-90.652,1.0
SUU,"Travis Air Force Base (Fairfield, US)",38.262699,-121.927002,1.0
SUX,"Sioux Gateway Airport / Brigadier General Bud Day Field (Sioux City, US)",42.397605,-96.382237,1.0
SVC,"Grant County Airport (Silver City, US)",32.636701,-108.154736,1.0
SVN,"Hunter Army Air Field (Savannah, US)",32.00999832,-81.14569855,1.0
SWF,"New York Stewart International Airport (Newburgh, US)",41.50421,-74.108901,1.0
SWO,"Stillwater Regional Airport (Stillwater, US)",36.162132,-97.085581,1.0
SYR,"Syracuse Hancock International Airport (Syracuse, US)",43.11119842529297,-76.1063003540039,1.3
SZL,"Whiteman Air Force Base (Knob Noster, US)",38.730301,-93.547897,1.0
TBN,"Waynesville-St. Robert Regional Airport-Forney Field (Fort Leonard Wood, US)",37.7416,-92.140701,1.0
TCC,"Tucumcari Municipal Airport (Tucumcari, US)",35.182800293,-103.602996826,1.0
TCL,"Tuscaloosa National Airport (Tuscaloosa, US)",33.2206,-87.611397,1.0
TCM,"McChord Air Force Base (Tacoma, US)",47.137699,-122.475998,1.0
TCS,"Truth or Consequences Municipal Airport (Truth or Consequences, US)",33.2369,-107.272003,1.0
TEB,"Teterboro Airport (Teterboro, US)",40.850101,-74.060799,1.0
TEX,"Telluride Regional Airport (Telluride, US)",37.9538,-107.907997,1.0
TIK,"Tinker Air Force Base (Oklahoma City, US)",35.4147,-97.386597,1.0
TIW,"Tacoma Narrows Airport (Tacoma, US)",47.267407,-122.577295,1.0
TIX,"Space Coast Regional Airport (Titusville, US)",28.514799118042,-80.799201965332,1.0
TLH,"Tallahassee International Airport (Tallahassee, US)",30.401209,-84.35433,1.0
TMB,"Miami Executive Airport (Miami, US)",25.6479,-80.4328,1.0
TOI,"Troy Municipal Airport at N Kenneth Campbell Field (Troy, US)",31.860399,-86.012101,1.0
TOL,"Eugene F. Kranz Toledo Express Airport (Toledo, US)",41.5868,-83.8078,1.0
TOP,"Philip Billard Municipal Airport (Topeka, US)",39.069899,-95.622606,1.0
TPA,"Tampa International Airport (Tampa, US)",27.9755,-82.533203,1.3
TPH,"Tonopah Airport (Tonopah, US)",38.06019974,-117.086998,1.0
TPL,"Draughon Miller Central Texas Regional Airport (Temple, US)",31.1525,-97.407799,1.0
TRI,"Tri-Cities Regional TN/VA Airport (Blountville, US)",36.475201,-82.407401,1.0
TKF,"Truckee Tahoe Airport (Truckee, US)",39.318628,-120.140562,1.0
TRM,"Jacqueline Cochran Regional Airport (Palm Springs, US)",33.62670135498,-116.16000366211,1.0
TTD,"Portland Troutdale Airport (Portland, US)",45.54940032959,-122.40100097656,1.0
TTN,"Trenton Mercer Airport (Ewing Township, US)",40.276699,-74.813499,1.0
TUL,"Tulsa International Airport (Tulsa, US)",36.197084,-95.886225,1.3
TUP,"Tupelo Regional Airport (Tupelo, US)",34.26810073852539,-88.7698974609375,1.0
TUS,"Tucson International Airport (Tucson, US)",32.115004,-110.938053,1.3
TVC,"Cherry Capital Airport (Traverse City, US)",44.741402,-85.582199,1.0
TVF,"Thief River Falls Regional Airport (Thief River Falls, US)",48.065701,-96.184998,1.0
TVL,"Lake Tahoe Airport (South Lake Tahoe, US)",38.89390182495117,-119.99500274658203,1.0
TWF,"Joslin Field Magic Valley Regional Airport (Twin Falls, US)",42.4818,-114.487999,1.0
TXK,"Texarkana Regional Airport (Webb Field) (Texarkana, US)",33.453701,-93.990997,1.0
TYR,"Tyler Pounds Regional Airport (Tyler, US)",32.35409927368164,-95.40239715576172,1.0
TYS,"McGhee Tyson Airport (Knoxville/Maryville, US)",35.811001,-83.994003,1.3
UIN,"Quincy Regional Airport Baldwin Field (Quincy, US)",39.942699,-91.194603,1.0
UKI,"Ukiah Municipal Airport (Ukiah, US)",39.125999,-123.200996,1.0
SCE,"State College Regional Airport (State College, US)",40.849374,-77.84852,1.0
UOX,"University Oxford Airport (Oxford, US)",34.384300231934,-89.536796569824,1.0
HTV,"Huntsville Regional Airport (Huntsville, US)",30.7469005585,-95.5871963501,1.0
NPT,"Newport State Airport (Newport, US)",41.532207,-71.281039,1.0
VAD,"Moody Air Force Base (Valdosta, US)",30.9678001404,-83.1930007935,1.0
VBG,"Vandenberg Space Force Base (Lompoc, US)",34.737301,-120.584,1.0
VCT,"Victoria Regional Airport (Victoria, US)",28.85260009765625,-96.91850280761719,1.0
VEL,"Vernal Regional Airport (Vernal, US)",40.436214,-109.511661,1.0
VGT,"North Las Vegas Airport (Las Vegas, US)",36.209074,-115.193982,1.0
VIS,"Visalia Municipal Airport (Visalia, US)",36.318699,-119.392998,1.0
VLD,"Valdosta Regional Airport (Valdosta, US)",30.782499313354492,-83.27670288085938,1.0
VNY,"Van Nuys Airport (Van Nuys, US)",34.209801,-118.489998,1.0
VOK,"Volk Field (Camp Douglas, US)",43.938999,-90.253403,1.0
VPS,"Destin-Fort Walton Beach Airport (Valparaiso, US)",30.481315,-86.515839,1.0
VPZ,"Porter County Municipal Airport (Valparaiso, US)",41.45399857,-87.00710297,1.0
VQQ,"Cecil Airport (Jacksonville, US)",30.2187,-81.876701,1.0
VRB,"Vero Beach Regional Airport (Vero Beach, US)",27.6556,-80.417901,1.0
VTN,"Miller Field (Valentine, US)",42.856211,-100.549192,1.0
WJF,"General William J Fox Airfield (Lancaster, US)",34.7411,-118.219002,1.0
WMC,"Winnemucca Municipal Airport (Winnemucca, US)",40.8965988159,-117.805999756,1.0
WRB,"Robins Air Force Base (Warner Robins, US)",32.640099,-83.591904,1.0
WRI,"Mc Guire Air Force Base (Wrightstown, US)",40.0155983,-74.59169769,1.0
WRL,"Worland Municipal Airport (Worland, US)",43.965698,-107.950996,1.0
WST,"Westerly State Airport (Westerly, US)",41.349602,-71.803398,1.0
WWD,"Cape May County Airport (Wildwood, US)",39.008499145500004,-74.9083023071,1.0
WWR,"West Woodward Airport (Woodward, US)",36.438,-99.5226667,1.0
KWY,"Kiwayu Airport (Kiwayu, KE)",-1.960644,41.297156,1.0
WYS,"Yellowstone Airport (West Yellowstone, US)",44.6884,-111.117996,1.0
XNA,"Northwest Arkansas National Airport (Fayetteville/Springdale/Rogers, US)",36.281898,-94.306801,1.0
XWA,"Williston Basin International Airport (Williston, US)",48.260863,-103.75116,1.0
YIP,"Willow Run Airport (Detroit, US)",42.2379,-83.530403,1.0
YKM,"Yakima Air Terminal McAllister Field (Yakima, US)",46.56819916,-120.5439987,1.0
YKN,"Chan Gurney Municipal Airport (Yankton, US)",42.916698455811,-97.385902404785,1.0
YNG,"Youngstown Warren Regional Airport (Youngstown/Warren, US)",41.26070023,-80.67910004,1.0
ZZV,"Zanesville Municipal Airport (Zanesville, US)",39.9444007874,-81.89209747310001,1.0
BOR,"Bokeo International Airport (Ton Phueng, LA)",20.323986,100.165392,1.0
KFZ,"Kukës International Airport (Kukës, AL)",42.035802,20.415955,1.0
TIA,"Tirana International Airport Mother Teresa (Rinas, AL)",41.4147,19.7206,1.3
BOJ,"Burgas Airport (Burgas, BG)",42.569917,27.515173,1.3
GOZ,"Gorna Oryahovitsa Airport (Gorna Oryahovitsa, BG)",43.151402,25.7129,1.0
PDV,"Plovdiv International Airport (Plovdiv, BG)",42.067799,24.8508,1.3
SOF,"Sofia Airport (Sofia, BG)",42.696357,23.417671,1.3
VAR,"Varna Airport (Varna, BG)",43.232101,27.8251,1.3
ECN,"Ercan International Airport (Tymbou (Kirklar), CY)",35.153064,33.507352,1.3
GEC,"Lefkoniko Airport / Geçitkale Air Base (Lefkoniko (Geçitkale), CY)",35.23591,33.720088,1.0
LCA,"Larnaca International Airport (Larnaca, CY)",34.875099,33.624901,1.3
PFO,"Paphos International Airport (Paphos, CY)",34.717999,32.485699,1.3
AKT,"RAF Akrotiri (Akrotiri, CY)",34.590401,32.9879,1.0
DBV,"Dubrovnik Ruđer Bošković Airport (Dubrovnik, HR)",42.562247,18.265543,1.3
OSI,"Osijek Airport (Osijek(Klisa), HR)",45.462355,18.811278,1.0
PUY,"Pula Airport (Pula, HR)",44.893501,13.9222,1.3
RJK,"Rijeka Airport (Rijeka(Omišalj), HR)",45.216376,14.57085,1.3
BWK,"Brač Airport (Gornji Humac, HR)",43.284454,16.678362,1.0
SPU,"Split Saint Jerome Airport (Split, HR)",43.538898,16.298,1.3
ZAG,"Zagreb Franjo Tuđman International Airport (Velika Gorica, HR)",45.742901,16.0688,1.3
ZAD,"Zadar Airport (Zadar, HR)",44.096986,15.353565,1.3
ABC,"Albacete Airport / Los Llanos Air Base (Albacete, ES)",38.948502,-1.86352,1.0
ALC,"Alicante-Elche Miguel Hernández Airport (Alicante, ES)",38.2822,-0.558156,1.3
LEI,"Almería Airport (Almería, ES)",36.843899,-2.3701,1.0
OVD,"Asturias Airport (Ranón, ES)",43.563599,-6.03462,1.3
ODB,"Córdoba Airport (Córdoba, ES)",37.841999,-4.84888,1.0
BIO,"Bilbao Airport (Bilbao, ES)",43.301102,-2.91061,1.3
RGS,"Burgos Airport (Burgos, ES)",42.357601,-3.62076,1.0
BCN,"Josep Tarradellas Barcelona-El Prat Airport (Barcelona, ES)",41.2971,2.07846,1.3
BJZ,"Badajoz Airport (Badajoz, ES)",38.8913,-6.82133,1.0
CDT,"Castellón-Costa Azahar Airport (Castellón de la Plana, ES)",40.213889,0.073333,1.0
LCG,"A Coruña Airport (Culleredo, ES)",43.302101,-8.37726,1.0
ILD,"Lleida-Alguaire Airport (Lleida, ES)",41.728185,0.535023,1.0
GRO,"Girona-Costa Brava Airport (Girona, ES)",41.904639,2.761774,1.3
GRX,"F.G.L. Airport Granada-Jaén Airport (Granada, ES)",37.188702,-3.77736,1.0
IBZ,"Ibiza Airport (Ibiza (Eivissa), ES)",38.872898,1.37312,1.3
XRY,"Jerez Airport (Jerez de la Frontera, ES)",36.744598,-6.06011,1.0
LEN,"León Airport (La Virgen del Camino, ES)",42.590709,-5.653406,1.0
RJL,"Logroño-Agoncillo Airport (Logroño, ES)",42.460953,-2.322235,1.0
MAD,"Adolfo Suárez Madrid–Barajas Airport (Madrid, ES)",40.493407,-3.572249,1.3
AGP,"Málaga-Costa del Sol Airport (Málaga, ES)",36.6749,-4.49911,1.3
MAH,"Menorca Airport (Mahón (Maó), ES)",39.862598,4.21865,1.3
RMU,"Region of Murcia International Airport (Corvera, ES)",37.802852,-1.124884,1.3
OZP,"Moron Air Base (Morón, ES)",37.17490005493164,-5.615940093994141,1.0
PMI,"Palma de Mallorca Airport (Palma de Mallorca, ES)",39.551701,2.73881,1.3
PNA,"Pamplona Airport (Pamplona, ES)",42.77,-1.64633,1.0
CQM,"Ciudad Real International Airport (Ciudad Real, ES)",38.856479,-3.969944,1.0
REU,"Reus Airport (Reus, ES)",41.147509,1.168354,1.3
ROZ,"Rota Naval Station Airport (Rota, ES)",36.645198822,-6.34946012497,1.0
SLM,"Salamanca Airport (Salamanca, ES)",40.952099,-5.50199,1.0
EAS,"San Sebastián Airport (Hondarribia, ES)",43.356499,-1.79061,1.0
SCQ,"Santiago-Rosalía de Castro Airport (Santiago de Compostela, ES)",42.896301,-8.41514,1.3
LEU,"Pirineus - la Seu d'Urgel Airport (La Seu d'Urgell Pyrenees and Andorra, ES)",42.3386,1.40917,1.0
TEV,"Teruel Airport (Teruel, ES)",40.410269,-1.217366,1.0
TOJ,"Madrid–Torrejón Airport / Torrejón Air Base (Madrid, ES)",40.487875,-3.456808,1.0
VLC,"Valencia Airport (Valencia, ES)",39.489162,-0.480961,1.3
VLL,"Valladolid Airport (Valladolid, ES)",41.7061,-4.85194,1.0
VIT,"Vitoria Airport (Alava, ES)",42.882801,-2.72447,1.0
VGO,"Vigo Airport (Vigo, ES)",42.2318,-8.62677,1.0
SDR,"Seve Ballesteros-Santander Airport (Santander, ES)",43.427101,-3.82001,1.0
ZAZ,"Zaragoza Airport (Zaragoza, ES)",41.666199,-1.04155,1.3
SVQ,"Seville Airport (Seville, ES)",37.417999,-5.89311,1.3
CQF,"Calais Marck Airport (Calais, FR)",50.962101,1.95476,1.0
LTQ,"Le Touquet-Côte d'Opale Airport (Le Touquet-Paris-Plage, FR)",50.518284,1.621656,1.0
AGF,"Agen La Garenne airport (Agen, FR)",44.174171,0.59309,1.0
BOD,"Bordeaux–Mérignac Airport (Bordeaux, FR)",44.82865,-0.715356,1.3
EGC,"Bergerac Dordogne-Périgord airport (Bergerac, FR)",44.825298,0.518611,1.0
CNG,"Cognac-Châteaubernard (BA 709) Air Base (Cognac/Châteaubernard, FR)",45.658298,-0.3175,1.0
LRH,"La Rochelle Île de Ré Airport (La Rochelle, FR)",46.179199,-1.19528,1.0
PIS,"Poitiers-Biard Airport (Poitiers/Biard, FR)",46.5877,0.306666,1.0
MCU,"Montluçon-Guéret Airport (Lépaud, Creuse, FR)",46.222599,2.36396,1.0
LIG,"Limoges Airport (Limoges/Bellegarde, FR)",45.862801,1.17944,1.0
NIT,"Niort - Marais Poitevin Airport (Niort/Souché, FR)",46.313477,-0.394529,1.0
TLS,"Toulouse-Blagnac Airport (Toulouse/Blagnac, FR)",43.629101,1.36382,1.3
PUF,"Pau Pyrénées Airport (Pau/Pyrénées (Uzein), FR)",43.380001,-0.418611,1.0
LDE,"Tarbes-Lourdes-Pyrénées Airport (Tarbes/Lourdes/Pyrénées, FR)",43.178699,-0.006439,1.0
ANG,"Angoulême Brie-Champniers airport (Angoulême, FR)",45.729198,0.221456,1.0
PGX,"Périgueux-Bassillac Airport (Périgueux/Bassillac, FR)",45.198101,0.815556,1.0
BIQ,"Biarritz Pays Basque airport (Biarritz, FR)",43.468372,-1.523223,1.0
ZAO,"Cahors Lalbenque airport (Cahors, FR)",44.351398,1.47528,1.0
LBI,"Albi Le Sequestre airport (Albi, FR)",43.913898,2.11306,1.0
DCM,"Castres Mazamet Airport (Castres, FR)",43.556301,2.28918,1.0
RDZ,"Rodez–Aveyron Airport (Rodez/Marcillac, FR)",44.407902,2.48267,1.0
RYN,"Royan-Médis Airport (Royan/Médis, FR)",45.628101,-0.9725,1.0
RCO,"Rochefort-Saint-Agnant (BA 721) Airport (Rochefort/Saint-Agnant, FR)",45.887798,-0.983056,1.0
CMR,"Colmar Houssen airport (Colmar, FR)",48.109901,7.35901,1.0
DLE,"Dole Tavaux Airport (Dole, FR)",47.038955,5.427589,1.0
OBS,"Aubenas-South Ardèche Airport (Lanas, Ardèche, FR)",44.544367,4.372194,1.0
ETZ,"Metz-Nancy-Lorraine Airport (Goin, FR)",48.982101,6.25132,1.0
ANE,"Angers Marcé airport (Angers, FR)",47.560299,-0.312222,1.0
BIA,"Bastia-Poretta International airport (Bastia, FR)",42.5527,9.48373,1.3
CLY,"Calvi Sainte Catherine Airport (Calvi, FR)",42.530422,8.792984,1.0
FSC,"Figari Sud-Corse Airport (Figari, FR)",41.50185,9.097092,1.3
AJA,"Ajaccio Napoléon Bonaparte airport (Ajaccio, FR)",41.923599,8.80292,1.0
SOZ,"Solenzara (BA 126) Air Base (Solenzara, FR)",41.9244,9.406,1.0
AUF,"Auxerre Branches airport (Auxerre, FR)",47.850201,3.49711,1.0
CMF,"Chambéry Aix les Bains airport (Chambéry, FR)",45.6381,5.88023,1.0
CFE,"Clermont-Ferrand Auvergne airport (Clermont-Ferrand, FR)",45.786701,3.16917,1.3
BOU,"Bourges airport (Bourges, FR)",47.060158,2.369633,1.0
LYS,"Lyon Saint-Exupéry Airport (Colombier-Saugnieu, Rhône, FR)",45.725996,5.090139,1.3
SYT,"Saint-Yan Airport (L'Hôpital-le-Mercier, Saône-et-Loire, FR)",46.414019,4.014177,1.0
RNE,"Roanne-Renaison Airport (Saint-Léger-sur-Roanne, FR)",46.053818,3.999023,1.0
NCY,"Annecy Meythet airport (Annecy, FR)",45.928947,6.0987,1.0
GNB,"Grenoble Alpes Isère Airport (Grenoble, FR)",45.3629,5.32937,1.0
VAF,"Valence-Chabeuil Airport (Chabeuil, Drôme, FR)",44.9216,4.9699,1.0
VHY,"Vichy-Charmeil Airport (Charmeil, Allier, FR)",46.16969,3.403637,1.0
AUR,"Aurillac airport (Aurillac, FR)",44.891399,2.42194,1.0
CHR,"Châteauroux Déols airport (Châteauroux, FR)",46.860221,1.728326,1.0
LYN,"Lyon Bron Airport (Chassieu, Lyon, FR)",45.727947,4.943991,1.0
CEQ,"Cannes Mandelieu Airport (Cannes, FR)",43.547998,6.955176,1.0
EBU,"Saint-Étienne-Bouthéon Airport (Andrézieux-Bouthéon, Loire, FR)",45.5406,4.29639,1.0
CCF,"Carcassonne Salvaza Airport (Carcassonne, FR)",43.216,2.30632,1.0
MRS,"Marseille Provence Airport (Marignane, Bouches-du-Rhône, FR)",43.438088,5.2125,1.3
NCE,"Nice-Côte d'Azur Airport (Nice, Alpes-Maritimes, FR)",43.658401,7.21587,1.3
PGF,"Perpignan-Rivesaltes (Llabanère) Airport (Perpignan/Rivesaltes, FR)",42.740398,2.87067,1.0
CTT,"Le Castellet Airport (Le Castellet, Var, FR)",43.252499,5.78519,1.0
MPL,"Montpellier-Méditerranée Airport (Montpellier/Méditerranée, FR)",43.576199,3.96301,1.3
BZR,"Béziers Vias airport (Béziers, FR)",43.323502,3.3539,1.0
AVN,"Avignon Caumont airport (Avignon, FR)",43.907299,4.90183,1.0
MEN,"Mende-Brenoux Airfield (Mende/Brénoux, FR)",44.502102,3.53282,1.0
BVA,"Beauvais-Tillé airport (Beauvais, FR)",49.454399,2.11278,1.3
EVX,"Évreux-Fauville (BA 105) Air Base (Fauville, Eure, FR)",49.028702,1.21986,1.0
LEH,"Le Havre-Octeville Airport (Le Havre, FR)",49.534038,0.088406,1.0
XCR,"Chalons Vatry airport (Chalons en Champagne, FR)",48.77333,4.20611,1.0
URO,"Rouen Vallée de Seine Airport (Boos, FR)",49.384887,1.179142,1.0
TUF,"Tours Val de Loire Airport (Tours, Indre-et-Loire, FR)",47.432201,0.727606,1.0
LVA,"Laval-Entrammes Airport (Laval, Mayenne, FR)",48.032208,-0.743999,1.0
LBG,"Paris-Le Bourget International Airport (Paris, FR)",48.962276,2.436539,1.3
CSF,"Creil Air Base (Creil, FR)",49.253502,2.51914,1.0
CDG,"Charles de Gaulle International Airport (Paris (Roissy-en-France, Val-d'Oise), FR)",49.00896,2.554117,1.3
TNF,"Toussus-le-Noble Airport (Toussus-le-Noble, Yvelines, FR)",48.7519,2.10619,1.0
ORY,"Paris-Orly Airport (Paris (Orly, Val-de-Marne), FR)",48.729499,2.358963,1.3
POX,"Pontoise-Cormeilles Aerodrome (Cormeilles-en-Vexin, Val-d'Oise, FR)",49.096064,2.035543,1.0
VIY,"Vélizy-Villacoublay Air Base (Vélizy-Villacoublay, Yvelines, FR)",48.774406,2.203102,1.0
NVS,"Nevers-Fourchambault Airport (Marzy, Nièvre, FR)",47.002913,3.113114,1.0
LIL,"Lille Airport (Lesquin, FR)",50.566564,3.102429,1.3
HZB,"Merville-Calonne Airport (Merville, Nord, FR)",50.618401,2.64224,1.0
BES,"Brest Bretagne airport (Brest, FR)",48.447899,-4.41854,1.3
CER,"Cherbourg Manche airport (Cherbourg, FR)",49.650101,-1.47028,1.0
DNR,"Dinard Pleurtuit Saint-Malo airport (Dinard, FR)",48.5877,-2.07996,1.0
LBY,"La Baule-Escoublac Airport (La Baule-Escoublac, FR)",47.289398,-2.34639,1.0
GFR,"Granville Airport (Bréville-sur-Mer, Manche, FR)",48.883099,-1.56417,1.0
DOL,"Deauville Normandie airport (Deauville, FR)",49.365237,0.154481,1.0
LRT,"Lorient South Brittany (Bretagne Sud) Airport (Lorient/Lann/Bihoué, FR)",47.760601,-3.44,1.0
EDM,"La Roche-sur-Yon Les Ajoncs Airport (La Roche-sur-Yon, FR)",46.7019,-1.37863,1.0
LDV,"Landivisiau Air Base (Landivisiau, FR)",48.5303,-4.15164,1.0
CFR,"Caen Carpiquet airport (Caen, FR)",49.17678,-0.454883,1.0
LME,"Le Mans-Arnage Airport (Le Mans, Sarthe, FR)",47.948604,0.201702,1.0
RNS,"Rennes-Saint-Jacques Airport (Saint-Jacques-de-la-Lande, Ille-et-Vilaine, FR)",48.0695,-1.73479,1.0
LAI,"Lannion Airport (Lannion, FR)",48.754398,-3.47166,1.0
UIP,"Quimper-Cornouaille Airport (Quimper/Pluguffan, FR)",47.973031,-4.169655,1.0
NTE,"Nantes Atlantique Airport (Nantes, FR)",47.153198,-1.61073,1.0
SBK,"Saint-Brieuc-Armor Airport (Trémuson, Côtes-d'Armor, FR)",48.538628,-2.853518,1.0
MXN,"Morlaix-Ploujean Airport (Morlaix/Ploujean, FR)",48.6031990051,-3.81577992439,1.0
VNE,"Vannes-Meucon Airport (Vannes/Meucon, FR)",47.723301,-2.71856,1.0
SNR,"Saint-Nazaire-Montoir Airport (Saint-Nazaire/Montoir, FR)",47.31142,-2.152634,1.0
BSL,"EuroAirport Basel–Mulhouse–Freiburg (Bâle / Mulhouse, FR)",47.60068,7.521117,1.3
DIJ,"Dijon Longvic airport (Dijon, FR)",47.268902,5.09,1.0
EPL,"Épinal Mirecourt Airport (Épinal, FR)",48.325001,6.06998,1.0
BVE,"Brive Souillac airport (Brive, FR)",45.039722,1.485556,1.0
ENC,"Nancy-Essey Airport (Tomblaine, Meurthe-et-Moselle, FR)",48.692101,6.23046,1.0
SXB,"Strasbourg Airport (Strasbourg, FR)",48.5383,7.62823,1.3
TLN,"Toulon-Hyères Airport (Hyères, Var, FR)",43.097301,6.14603,1.0
FNI,"Nîmes-Arles-Camargue Airport (Nîmes/Garons, FR)",43.757401,4.41635,1.0
FSP,"Saint-Pierre Pointe-Blanche Airport (Saint-Pierre, PM)",46.762651,-56.17499,1.0
PYR,"Andravida Air Base (Andravida, GR)",37.9207,21.292601,1.0
AXD,"Alexandroupoli Democritus Airport (Alexandroupolis, GR)",40.8559,25.956301,1.0
ATH,"Athens Eleftherios Venizelos International Airport (Spata-Artemida, GR)",37.936401,23.9445,1.3
VOL,"Nea Anchialos National Airport (Nea Anchialos, GR)",39.219601,22.7943,1.0
JKH,"Chios Island National Airport (Chios Island, GR)",38.34320068359375,26.140600204467773,1.0
IOA,"Ioannina King Pyrrhus National Airport (Ioannina, GR)",39.6964,20.8225,1.0
HER,"Heraklion International Nikos Kazantzakis Airport (Heraklion, GR)",35.339699,25.1803,1.3
EFL,"Kefallinia Airport (Kefallinia Island, GR)",38.12009811401367,20.500499725341797,1.0
KLX,"Kalamata Airport (Kalamata, GR)",37.06829833984375,22.02549934387207,1.0
KGS,"Kos International Airport ""Ippokratis"" (Kos Island, GR)",36.794523,27.09115,1.3
AOK,"Karpathos Airport (Karpathos Island, GR)",35.421398,27.146,1.0
CFU,"Corfu Ioannis Kapodistrias International Airport (Kerkyra (Corfu), GR)",39.60145,19.912179,1.3
KVA,"Kavala Alexander the Great International Airport (Kavala, GR)",40.9133,24.6192,1.3
KZI,"Kozani National Airport Filippos (Kozani, GR)",40.286098,21.840799,1.0
JMK,"Mykonos Island National Airport (Mykonos, GR)",37.435101,25.348101,1.0
MJT,"Mytilene International Airport (Mytilene, GR)",39.057406,26.598629,1.0
PVK,"Aktion National Airport (Preveza, GR)",38.925499,20.765301,1.0
RHO,"Rhodes International Airport ""Diagoras"" (Rhodes, GR)",36.405399,28.086201,1.3
GPA,"Patras Araxos Agamemnon Airport (Patras, GR)",38.1511,21.4256,1.0
CHQ,"Chania International Airport (Souda, GR)",35.531207,24.150673,1.3
JSI,"Skiathos Island National Airport (Skiathos, GR)",39.177101,23.5037,1.0
SMI,"Samos Airport (Samos Island, GR)",37.689999,26.911699,1.0
JTR,"Santorini International Airport (Santorini Island, GR)",36.400045,25.478638,1.3
JSH,"Sitia Airport (Crete Island, GR)",35.21609878540039,26.101299285888672,1.0
SKG,"Thessaloniki Macedonia International Airport (Thessaloniki, GR)",40.51928,22.970009,1.3
ZTH,"Zakynthos International Airport Dionysios Solomos (Zakynthos, GR)",37.7509,20.8843,1.0
BUD,"Budapest Liszt Ferenc International Airport (Budapest, HU)",47.43018,19.262393,1.3
DEB,"Debrecen International Airport (Debrecen, HU)",47.489469,21.616278,1.3
PEV,"Pécs-Pogány International Airport (Pécs, HU)",45.988891,18.242044,1.3
SOB,"Hévíz–Balaton Airport (Sármellék, HU)",46.686391,17.159084,1.0
CRV,"Crotone Sant'Anna Pythagoras Airport (Isola di Capo Rizzuto (KR), IT)",38.9972,17.0802,1.0
BRI,"Bari Karol Wojtyła International Airport (Bari, IT)",41.138901,16.760599,1.3
FOG,"Foggia Gino Lisa Airport (Foggia (FG), IT)",41.433596,15.534566,1.0
TAR,"Taranto-Grottaglie Marcello Arlotta Airport (Grottaglie, IT)",40.517502,17.4032,1.0
LCC,"Lecce Galatina Air Base / Galatina Fortunato Cesari Airport (Galatina (LE), IT)",40.239201,18.133301,1.0
PSR,"Abruzzo Airport (Pescara, IT)",42.431079,14.182981,1.3
BDS,"Brindisi Airport (Brindisi, IT)",40.6576,17.947001,1.3
SUF,"Lamezia Terme Sant'Eufemia International Airport (Lamezia Terme (CZ), IT)",38.906214,16.246007,1.3
CIY,"Comiso Airport (Comiso, IT)",36.99583,14.60889,1.0
CTA,"Catania-Fontanarossa Airport (Catania, IT)",37.466801,15.0664,1.3
LMP,"Lampedusa Airport (Lampedusa, IT)",35.497898,12.6181,1.0
PNL,"Pantelleria Airport (Pantelleria (TP), IT)",36.816502,11.9689,1.0
PMO,"Falcone–Borsellino Airport (Palermo, IT)",38.175999,13.091,1.3
REG,"Reggio Calabria Airport (Reggio Calabria, IT)",38.071201,15.6516,1.0
TPS,"Vincenzo Florio Airport Trapani-Birgi (Trapani (TP), IT)",37.9114,12.488,1.0
AHO,"Alghero-Fertilia Airport (Alghero, IT)",40.632099,8.29077,1.0
DCI,"Decimomannu Air Base (Decimomannu, IT)",39.354198,8.97248,1.0
CAG,"Cagliari Elmas Airport (Cagliari, IT)",39.251499,9.05428,1.3
OLB,"Olbia Costa Smeralda Airport (Olbia (SS), IT)",40.898953,9.518457,1.3
MXP,"Milan Malpensa International Airport (Ferno (VA), IT)",45.6306,8.72811,1.3
BGY,"Il Caravaggio International Airport (Orio al Serio (BG), IT)",45.669362,9.708851,1.3
TRN,"Turin Airport (Caselle Torinese (TO), IT)",45.200802,7.64963,1.3
GOA,"Genoa Cristoforo Colombo Airport (Genova (GE), IT)",44.412039,8.840732,1.3
LIN,"Milano Linate Airport (Segrate (MI), IT)",45.445099,9.27674,1.3
PMF,"Parma Airport (Parma (PR), IT)",44.826351,10.29705,1.0
AOT,"Aosta Corrado Gex Airport (Saint-Christophe (AO), IT)",45.738552,7.3683,1.0
CUF,"Cuneo International Airport (Levaldigi (CN), IT)",44.547458,7.623045,1.0
AVB,"Aviano Air Base (Aviano (PN), IT)",46.031898,12.596503,1.0
BZO,"Bolzano Airport (Bolzano (BZ), IT)",46.459245,11.326125,1.0
BLQ,"Bologna Guglielmo Marconi Airport (Bologna, IT)",44.5354,11.2887,1.3
TSF,"Treviso Airport (Treviso (TV), IT)",45.648399,12.1944,1.3
FRL,"Forlì-Luigi Ridolfi International Airport (Forlì (FC), IT)",44.194801,12.0701,1.0
VBS,"Brescia Gabriele d'Annunzio Airport (Montichiari (BS), IT)",45.428902,10.3306,1.0
TRS,"Trieste Airport (Ronchi dei Legionari/Trieste, IT)",45.827862,13.466672,1.3
RMI,"Federico Fellini International Airport (Rimini (RN), IT)",44.020024,12.612198,1.3
VRN,"Verona Villafranca Valerio Catullo Airport (Caselle (VR), IT)",45.394955,10.887303,1.3
AOI,"Marche Airport (Falconara Marittima (AN), IT)",43.616299,13.3623,1.0
VCE,"Venice Marco Polo Airport (Venezia (VE), IT)",45.505299,12.3519,1.3
CIA,"Ciampino–G. B. Pastine International Airport (Rome, IT)",41.798769,12.595331,1.3
FCO,"Rome–Fiumicino Leonardo da Vinci International Airport (Rome, IT)",41.804532,12.251998,1.3
QSR,"Salerno Costa d'Amalfi Airport (Salerno, IT)",40.620399,14.9113,1.0
EBA,"Marina di Campo Airport (Campo nell'Elba (LI), IT)",42.760871,10.239811,1.0
NAP,"Naples International Airport (Napoli, IT)",40.886002,14.2908,1.3
PSA,"Pisa International Airport (Pisa (PI), IT)",43.683899,10.3927,1.3
FLR,"Florence Airport, Peretola (Firenze (FI), IT)",43.808558,11.202822,1.3
GRS,"Grosseto Corrado Baccarini Air Base / Grosseto Airport (Grosseto (GR), IT)",42.759701,11.0719,1.0
PEG,"Perugia San Francesco d'Assisi – Umbria International Airport (Perugia (PG), IT)",43.095901,12.5132,1.3
LJU,"Ljubljana Jože Pučnik Airport (Zgornji Brnik, SI)",46.223701,14.4576,1.3
MBX,"Maribor Edvard Rusjan Airport (Maribor, SI)",46.4799,15.6861,1.0
POW,"Portorož Airport (Sečovlje, SI)",45.47201,13.615951,1.0
JCL,"České Budějovice South Bohemian Airport (České Budějovice, CZ)",48.948171,14.42832,1.3
UHE,"Kunovice Airport (Uherské Hradiště, CZ)",49.0294,17.439699,1.0
KLV,"Karlovy Vary Airport (Karlovy Vary, CZ)",50.202999,12.915,1.3
OSR,"Leoš Janáček Airport Ostrava (Mošnov, CZ)",49.696301,18.111099,1.3
PED,"Pardubice Airport (Pardubice, CZ)",50.015049,15.73981,1.3
PRV,"Přerov Air Base (Přerov, CZ)",49.4258,17.404699,1.0
PRG,"Václav Havel Airport Prague (Prague, CZ)",50.100874,14.259911,1.3
BRQ,"Brno-Tuřany Airport (Brno, CZ)",49.151276,16.693972,1.0
VOD,"Vodochody Airport (Vodochody, CZ)",50.216599,14.3958,1.0
TLV,"Ben Gurion International Airport (Tel Aviv, IL)",32.011398,34.8867,1.3
ETM,"Ramon International Airport (Eilat, IL)",29.727009,35.014116,1.3
HFA,"Uri Michaeli Haifa International Airport (Haifa, IL)",32.810219,35.043719,1.0
RPN,"Rosh Pina Airport (Rosh Pina, IL)",32.980999,35.571899,1.0
MTZ,"Bar Yehuda Airfield (Masada, IL)",31.328199,35.388599,1.0
VTM,"Nevatim Air Base (Beersheba, IL)",31.208299636799996,35.012298584,1.0
MLA,"Malta International Airport (Valletta, MT)",35.845932,14.491546,1.3
GRZ,"Graz Airport (Feldkirchen bei Graz, AT)",46.9911,15.4396,1.3
INN,"Innsbruck Airport (Innsbruck, AT)",47.260201,11.344,1.3
KLU,"Klagenfurt Airport (Klagenfurt am Wörthersee, AT)",46.642502,14.3377,1.3
LNZ,"Linz-Hörsching Airport (Linz, AT)",48.235362,14.188128,1.3
SZG,"Salzburg Airport (Salzburg, AT)",47.793301,13.0043,1.3
VIE,"Vienna International Airport (Vienna, AT)",48.110298,16.5697,1.3
SMA,"Santa Maria Airport (Vila do Porto, PT)",36.97140121459961,-25.17060089111328,1.0
BGC,"Bragança Airport (Bragança, PT)",41.8578,-6.70713,1.0
BYJ,"Beja Airport / Airbase (Beja, PT)",38.078899,-7.9324,1.0
CAT,"Cascais Airport (Cascais, PT)",38.724998,-9.35523,1.0
FLW,"Flores Airport (Santa Cruz das Flores, PT)",39.455299377441406,-31.131399154663086,1.0
FAO,"Faro - Gago Coutinho International Airport (Faro, PT)",37.015909,-7.970939,1.3
GRW,"Graciosa Airport (Santa Cruz da Graciosa, PT)",39.092201232910156,-28.029800415039062,1.0
HOR,"Horta Airport (Horta, PT)",38.519901275634766,-28.715900421142578,1.0
TER,"Lajes Airport (Praia da Vitória, PT)",38.761799,-27.090799,1.0
FNC,"Cristiano Ronaldo International Airport (Funchal, PT)",32.697812,-16.774613,1.3
PDL,"João Paulo II Airport (Ponta Delgada, PT)",37.7411994934,-25.6979007721,1.3
PIX,"Pico Airport (Pico Island, PT)",38.554298,-28.441299,1.0
PRM,"Portimão Airport (Portimão, PT)",37.1493,-8.58396,1.0
OPO,"Francisco de Sá Carneiro Airport (Porto, PT)",41.2481002808,-8.68138980865,1.3
PXO,"Porto Santo Airport (Vila Baleira, PT)",33.0733985901,-16.3500003815,1.0
LIS,"Lisbon Humberto Delgado Airport (Lisbon, PT)",38.7813,-9.13592,1.3
SJZ,"São Jorge Airport (Velas, PT)",38.665501,-28.1758,1.0
VRL,"Vila Real Airport (Vila Real, PT)",41.2743,-7.72047,1.0
VSE,"Aerodromo Goncalves Lobato (Viseu Airport) (Viseu, PT)",40.725498,-7.88899,1.0
BNX,"Banja Luka International Airport (Mahovljani, BA)",44.941399,17.297501,1.3
OMO,"Mostar International Airport (Mostar, BA)",43.282489,17.846101,1.3
SJJ,"Sarajevo International Airport (Sarajevo, BA)",43.8246,18.331499,1.3
TZL,"Tuzla International Airport (Dubrave Gornje, BA)",44.459858,18.723627,1.3
ARW,"Arad International Airport (Arad, RO)",46.176136,21.264322,1.0
BCM,"Bacău George Enescu International  Airport (Bacău, RO)",46.5219,26.910299,1.3
BAY,"Maramureș International Airport (Tăuții-Măgherăuș, RO)",47.658444,23.464445,1.0
BBU,"Bucharest Băneasa Aurel Vlaicu International Airport (Bucharest, RO)",44.503133,26.102944,1.3
GHV,"Brașov-Ghimbav International Airport (Brașov (Ghimbav), RO)",45.70558,25.522871,1.3
CND,"Mihail Kogălniceanu International Airport (Constanța, RO)",44.362202,28.4883,1.3
CLJ,"Avram Iancu Cluj International Airport (Cluj-Napoca, RO)",46.786042,23.685733,1.3
CSB,"Caransebeş Airport (Caransebeş, RO)",45.420142,22.252507,1.0
CRA,"Craiova International Airport (Craiova, RO)",44.3181,23.888599,1.3
IAS,"Iaşi International Airport (Iaşi, RO)",47.179633,27.621431,1.3
OMR,"Oradea International Airport (Oradea, RO)",47.025299,21.9025,1.3
OTP,"Bucharest Henri Coandă International Airport (Otopeni, RO)",44.571792,26.103285,1.3
SBZ,"Sibiu International Airport (Sibiu, RO)",45.785841,24.086666,1.3
SUJ,"Satu Mare International Airport (Satu Mare, RO)",47.7033,22.8857,1.0
SCV,"Suceava Ștefan cel Mare International Airport (Suceava, RO)",47.6875,26.354099,1.3
TCE,"Tulcea Danube Delta Airport (Mihail Kogălniceanu, RO)",45.0625,28.7143,1.0
TGM,"Târgu Mureş Transilvania International Airport (Recea, RO)",46.467701,24.4125,1.0
TSR,"Timișoara Traian Vuia International Airport (Timişoara, RO)",45.809898,21.3379,1.3
GVA,"Geneva International Airport (Geneva, CH)",46.238098,6.10895,1.3
SIR,"Sion Airport (Sion, CH)",46.219166,7.326944,1.0
EML,"Emmen Air Base (Emmen, CH)",47.092444,8.305184,1.0
VIP,"Payerne Air Base (Payerne, CH)",46.8432,6.91506,1.0
LUG,"Lugano Airport (Agno, CH)",46.004299,8.91058,1.0
BRN,"Bern Airport (Bern, CH)",46.912736,7.498819,1.0
ZRH,"Zürich Airport (Zurich, CH)",47.458056,8.548056,1.3
ACH,"Sankt Gallen Altenrhein Airport (St. Gallen, CH)",47.485001,9.56077,1.0
SMV,"Engadin Airport (Samedan, CH)",46.5341,9.88411,1.0
ESB,"Esenboğa International Airport (Ankara, TR)",40.128101,32.995098,1.3
ANK,"Etimesgut Air Base (Ankara, TR)",39.949798584,32.6885986328,1.0
ADA,"Adana Şakirpaşa Airport (Seyhan, TR)",36.982201,35.280399,1.3
UAB,"İncirlik Air Base (Sarıçam, TR)",37.002102,35.4259,1.0
AFY,"Afyon Air Base (Afyonkarahisar, TR)",38.726398,30.601101,1.0
AYT,"Antalya International Airport (Antalya, TR)",36.898701,30.800501,1.3
GZT,"Gaziantep Oğuzeli International Airport (Gaziantep, TR)",36.947201,37.478699,1.3
KFS,"Kastamonu Airport (Kastamonu, TR)",41.314201,33.795799,1.0
KYA,"Konya Airport (Konya, TR)",37.979,32.561901,1.3
ONQ,"Zonguldak Çaycuma Airport (Zonguldak, TR)",41.506401,32.0886,1.0
MLX,"Malatya Erhaç Airport (Malatya, TR)",38.435298919699996,38.0909996033,1.0
ASR,"Kayseri Erkilet International Airport (Kayseri, TR)",38.770401,35.495399,1.3
TJK,"Tokat Airport (Tokat, TR)",40.32472,36.39056,1.0
DNZ,"Çardak Airport (Denizli, TR)",37.7855987549,29.7012996674,1.0
NAV,"Nevşehir Kapadokya Airport (Nevşehir, TR)",38.7719,34.5345,1.3
ISL,"İstanbul Atatürk Airport (Istanbul(Bakırköy), TR)",40.971913,28.823714,1.3
BZI,"Balıkesir Airport (Balıkesir, TR)",39.619301,27.926001,1.0
BDM,"Bandırma Airport (Bandırma, TR)",40.318001,27.977699,1.0
CKZ,"Çanakkale Airport (Çanakkale, TR)",40.1376991272,26.4267997742,1.0
ESK,"Eskişehir Air Base (Eskişehir, TR)",39.7841,30.5821,1.0
ADB,"Adnan Menderes International Airport (Gaziemir, TR)",38.2924,27.157,1.3
IGL,"Çiğli Airbase (Çiğli, TR)",38.513,27.010099,1.0
USQ,"Uşak Airport (Uşak, TR)",38.681499,29.471701,1.0
KCO,"Cengiz Topel Airport (Kartepe, TR)",40.735001,30.0833,1.0
YEI,"Bursa Yenişehir Airport (Yenişehir, TR)",40.255199,29.562599,1.0
DLM,"Dalaman International Airport (Dalaman, TR)",36.7131,28.7925,1.3
TEQ,"Tekirdağ Çorlu Airport (Çorlu, TR)",41.138199,27.9191,1.0
AOE,"Hasan Polatkan Airport (Eskişehir, TR)",39.811644,30.519268,1.3
EZS,"Elazığ Airport (Elazığ, TR)",38.597974,39.28348,1.0
OGU,"Ordu–Giresun Airport (Ordu, TR)",40.966872,38.085995,1.0
DIY,"Diyarbakır Airport (Diyarbakır, TR)",37.893902,40.201,1.0
ERC,"Erzincan Airport (Erzincan, TR)",39.7102012634,39.527000427199994,1.0
ERZ,"Erzurum International Airport (Erzurum, TR)",39.956501,41.1702,1.0
KSY,"Kars Airport (Kars, TR)",40.562198638916016,43.1150016784668,1.0
TZX,"Trabzon International Airport (Trabzon, TR)",40.995098,39.7897,1.0
VAN,"Van Ferit Melen Airport (Van, TR)",38.46820068359375,43.332298278808594,1.0
BAL,"Batman Airport (Batman, TR)",37.929001,41.1166,1.0
MSR,"Muş Airport (Muş, TR)",38.747798919677734,41.66120147705078,1.0
SXZ,"Siirt Airport (Siirt, TR)",37.97890090942383,41.84040069580078,1.0
NOP,"Sinop Airport (Sinop, TR)",42.018313,35.071774,1.0
KCM,"Kahramanmaraş Airport (Kahramanmaraş, TR)",37.5388259888,36.9535217285,1.0
AJI,"Ağrı Airport (Ağrı, TR)",39.655642,43.025742,1.0
ADF,"Adıyaman Airport (Adıyaman, TR)",37.7314,38.468899,1.0
MQM,"Mardin Airport (Mardin, TR)",37.223300933800004,40.6316986084,1.0
GNY,"Şanlıurfa GAP Airport (Şanlıurfa, TR)",37.445663,38.895592,1.3
IGD,"Iğdır Airport (Iğdır, TR)",39.976627,43.876648,1.0
NKT,"Şırnak Şerafettin Elçi Airport (Şırnak, TR)",37.3647,42.0582,1.0
YKO,"Hakkari Yüksekova Airport (Hakkari, TR)",37.5497,44.2381,1.0
HTY,"Hatay Airport (Antakya, TR)",36.36079,36.285589,1.0
COV,"Çukurova International Airport (Tarsus, TR)",36.891478,35.071235,1.3
ISE,"Süleyman Demirel International Airport (Isparta, TR)",37.8554,30.368401,1.0
EDO,"Balıkesir Koca Seyit Airport (Edremit, TR)",39.552533,27.010192,1.3
BJV,"Milas Bodrum International Airport (Bodrum, TR)",37.249314,27.66401,1.3
GZP,"Gazipaşa-Alanya Airport (Gazipaşa, TR)",36.298832,32.297017,1.0
SZF,"Samsun-Çarşamba Airport (Samsun, TR)",41.253988,36.567546,1.0
SAW,"Istanbul Sabiha Gökçen International Airport (Pendik, Istanbul, TR)",40.898602,29.3092,1.3
IST,"İstanbul Airport (Istanbul, TR)",41.274874,28.732136,1.3
RZV,"Rize–Artvin Airport (Rize, TR)",41.179766,40.848802,1.3
BZY,"Bălți-Leadoveni International Airport (Bălți, MD)",47.837666,27.781108,1.0
RMO,"Chişinău International Airport (Chişinău, MD)",46.92774,28.931704,1.3
OHD,"Ohrid St. Paul the Apostle Airport (Ohrid, MK)",41.18,20.7423,1.3
SKP,"Skopje International Airport (Ilinden, MK)",41.958087,21.622581,1.3
GIB,"Gibraltar Airport (Gibraltar, GI)",36.151679,-5.34978,1.3
BCQ,"Brak Airport (Brak, LY)",27.653,14.272,1.0
BEG,"Belgrade Nikola Tesla Airport (Belgrade, RS)",44.818401,20.309099,1.3
BJY,"Batajnica Air Base (Zemun, RS)",44.935299,20.2575,1.0
KVO,"Morava Airport (Kraljevo, RS)",43.817519,20.586662,1.0
INI,"Niš Constantine the Great Airport (Niš, RS)",43.336538,21.856242,1.3
TGD,"Podgorica Airport / Podgorica Golubovci Airbase (Podgorica, ME)",42.359402,19.2519,1.3
TIV,"Tivat Airport (Tivat, ME)",42.404701,18.723301,1.0
UZC,"Ponikve Airport (Stapari, RS)",43.898899,19.697701,1.0
LZG,"Langzhong Gucheng Airport (Nanchong (Langzhong), CN)",31.50191,106.034417,1.0
BTS,"M. R. Štefánik Airport (Bratislava, SK)",48.1702,17.2127,1.3
KSC,"Košice International Airport (Košice, SK)",48.663101,21.2411,1.0
PZY,"Piešťany Airport (Piešťany, SK)",48.62519836425781,17.828399658203125,1.0
SLD,"Sliač Airport (Sliač, SK)",48.63779830932617,19.13409996032715,1.0
TAT,"Poprad-Tatry Airport (Poprad, SK)",49.070994,20.241394,1.0
ILZ,"Žilina-Dolný Hričov Airport (Dolný Hričov, SK)",49.233292,18.613386,1.0
GDT,"JAGS McCartney International Airport (Cockburn Town, TC)",21.4445,-71.142303,1.0
NCA,"North Caicos Airport (North Caicos, TC)",21.916094,-71.942954,1.0
PLS,"Providenciales International Airport (Providenciales, TC)",21.773697,-72.268321,1.3
XSC,"South Caicos Airport (South Caicos, TC)",21.515699,-71.528503,1.0
BRX,"Maria Montez International Airport (Barahona, DO)",18.25149917602539,-71.12039947509766,1.0
CBJ,"Cabo Rojo Airport (Cabo Rojo, DO)",17.929000854492188,-71.6447982788086,1.0
AZS,"Samaná El Catey International Airport (Samana, DO)",19.269259,-69.737405,1.0
JBQ,"La Isabela International Airport (La Isabela, DO)",18.572500228881836,-69.98560333251953,1.0
LRM,"Casa De Campo International Airport (La Romana, DO)",18.452222,-68.911111,1.3
PUJ,"Punta Cana International Airport (Punta Cana, DO)",18.567093,-68.364558,1.3
POP,"Gregorio Luperon International Airport (Puerto Plata, DO)",19.7579,-70.57,1.0
SDQ,"Las Américas International Airport (Santo Domingo, DO)",18.42970085144,-69.668899536133,1.3
STI,"Cibao International Airport (Santiago, DO)",19.40406,-70.604431,1.3
CBV,"Coban Airport (Coban, GT)",15.469,-90.4067,1.0
GUA,"La Aurora International Airport (Guatemala City, GT)",14.582896,-90.527515,1.3
PBR,"Puerto Barrios Airport (Puerto Barrios, GT)",15.7309,-88.583801,1.0
RUV,"Rubelsanto Airport (Rubelsanto, GT)",15.992,-90.445297,1.0
RER,"Retalhuleu Airport (Retalhuleu, GT)",14.521431,-91.697001,1.0
GSJ,"San José Airport (Puerto San José, GT)",13.9362,-90.8358,1.0
FRS,"Mundo Maya International Airport (San Benito, GT)",16.913707,-89.866143,1.0
LCE,"Golosón International Airport (La Ceiba, HN)",15.7425,-86.852997,1.0
SAP,"Ramón Villeda Morales International Airport (San Pedro Sula, HN)",15.4526,-87.923599,1.3
GJA,"La Laguna Airport (Guanaja, HN)",16.4454,-85.906601,1.0
RTB,"Juan Manuel Gálvez International Airport (Coxen Hole, HN)",16.316799,-86.523003,1.3
XPL,"Palmerola International Airport (Palmerola, HN)",14.3824,-87.621201,1.3
TEA,"Tela Airport (Tela, HN)",15.7759,-87.4758,1.0
TGU,"Toncontín Airport (Tegucigalpa, HN)",14.0609,-87.217201,1.0
TJI,"Trujillo Airport (Trujillo, HN)",15.926599,-85.938573,1.0
OCJ,"Ian Fleming International Airport (Boscobel, JM)",18.404079,-76.969754,1.0
KIN,"Norman Manley International Airport (Kingston, JM)",17.935699462890625,-76.7874984741211,1.3
MBJ,"Sangster International Airport (Montego Bay, JM)",18.50342,-77.91323,1.3
POT,"Ken Jones Airport (Ken Jones, JM)",18.1987991333,-76.53450012210001,1.0
KTP,"Tinson Pen Airport (Tinson Pen, JM)",17.98859977722168,-76.82379913330078,1.0
ACA,"General Juan N. Álvarez International Airport (Acapulco, MX)",16.757126,-99.753113,1.3
NTR,"Del Norte International Airport (Monterrey, MX)",25.865601,-100.237,1.0
AGU,"Aguascalientes International Airport (Aguascalientes, MX)",21.699589,-102.318372,1.3
HUX,"Bahías de Huatulco International Airport (Huatulco, MX)",15.775437,-96.260456,1.3
CVJ,"General Mariano Matamoros International Airport (Temixco, MX)",18.833922,-99.261818,1.0
ACN,"Ciudad Acuña International Airport (Ciudad Acuña, MX)",29.333662,-101.100555,1.0
CME,"Ciudad del Carmen International Airport (Ciudad del Carmen, MX)",18.651516,-91.799355,1.0
CUL,"Bachigualato Federal International Airport (Culiacán, MX)",24.76504,-107.475228,1.3
CTM,"Chetumal International Airport (Chetumal, MX)",18.504985,-88.328018,1.0
CEN,"Ciudad Obregón International Airport (Ciudad Obregón, MX)",27.39259910583496,-109.83300018310547,1.0
CPE,"Ingeniero Alberto Acuña Ongay International Airport (Campeche, MX)",19.815969,-90.500125,1.0
CJS,"Abraham González International Airport (Ciudad Juárez, MX)",31.636673,-106.428533,1.3
CUU,"General Roberto Fierro Villalobos International Airport (Chihuahua, MX)",28.702649,-105.963764,1.3
CVM,"General Pedro Jose Mendez International Airport (Ciudad Victoria, MX)",23.7033,-98.956497,1.0
CYW,"Captain Rogelio Castillo National Airport (Celaya, MX)",20.545998,-100.886539,1.0
CZM,"Cozumel International Airport (Cozumel, MX)",20.514922,-86.928538,1.3
DGO,"General Guadalupe Victoria International Airport (Durango, MX)",24.125468,-104.527938,1.0
TPQ,"Amado Nervo National Airport (Tepic, MX)",21.419833,-104.842472,1.0
ESE,"Ensenada International Airport / El Ciprés Air Base (Ensenada, MX)",31.794516,-116.602384,1.0
GDL,"Guadalajara International Airport (Guadalajara, MX)",20.523342,-103.310108,1.3
GYM,"General José María Yáñez International Airport (Guaymas, MX)",27.9689998626709,-110.92500305175781,1.0
HMO,"General Ignacio L. Pesqueira International Airport (Hermosillo, MX)",29.092811,-111.053015,1.3
CLQ,"Licenciado Miguel de la Madrid International Airport (Colima, MX)",19.277,-103.577002,1.0
SLW,"Plan de Guadalupe International Airport (Saltillo, MX)",25.53786,-100.928346,1.0
IZT,"General Antonio Cárdenas Rodríguez National Airport / Ixtepec Air Base (Ixtepec, MX)",16.445961,-95.093708,1.0
JAL,"El Lencero Airport (Emiliano Zapata, MX)",19.475107,-96.797008,1.0
LZC,"Lázaro Cárdenas Airport (Lázaro Cárdenas, MX)",18.001672,-102.220316,1.0
LMM,"Valle del Fuerte International Airport (Los Mochis, MX)",25.685503,-109.081159,1.0
BJX,"Guanajuato International Airport (Silao, MX)",20.992695,-101.480284,1.3
LAP,"Manuel Márquez de León International Airport (La Paz, MX)",24.072331,-110.362662,1.0
LTO,"Loreto International Airport (Loreto, MX)",25.989549,-111.348408,1.3
MAM,"General Servando Canales International Airport (Matamoros, MX)",25.7698993683,-97.5252990723,1.0
MID,"Manuel Crescencio Rejón International Airport (Mérida, MX)",20.930485,-89.645462,1.3
MXL,"General Rodolfo Sánchez Taboada International Airport (Mexicali, MX)",32.630629,-115.242805,1.0
MLM,"General Francisco J. Mujica International Airport (Morelia, MX)",19.849899,-101.025002,1.3
MTT,"Minatitlán/Coatzacoalcos International Airport (Cosoleacaque, MX)",18.103399,-94.580704,1.0
LOV,"Monclova International Airport (Monclova, MX)",26.9557,-101.470001,1.0
MEX,"Mexico City Benito Juárez International Airport (Mexico City, MX)",19.435822,-99.07033,1.3
MTY,"Monterrey International Airport (Monterrey, MX)",25.778521,-100.106989,1.3
MZT,"General Rafael Buelna International Airport (Mazatlàn, MX)",23.162823,-106.264517,1.3
NOG,"Nogales International Airport (Nogales, MX)",31.225756,-110.976934,1.0
NLD,"Quetzalcóatl International Airport (Nuevo Laredo, MX)",27.443899,-99.570503,1.0
OAX,"Xoxocotlán International Airport (Oaxaca, MX)",16.998773,-96.726092,1.3
PAZ,"El Tajín National Airport (Poza Rica, MX)",20.6026992798,-97.46080017090001,1.0
PBC,"Hermanos Serdán International Airport (Puebla, MX)",19.158465,-98.371582,1.3
PDS,"Piedras Negras International Airport (Piedras Negras, MX)",28.627873,-100.53524,1.0
UPN,"Uruapan - Licenciado y General Ignacio Lopez Rayon International Airport (Uruapan, MX)",19.3967,-102.039001,1.0
PVR,"Puerto Vallarta International Airport (Puerto Vallarta, MX)",20.679913,-105.254391,1.3
PXM,"Puerto Escondido International Airport (Puerto Escondido, MX)",15.876808,-97.0891,1.0
QRO,"Querétaro Intercontinental Airport (Querétaro, MX)",20.618779,-100.186449,1.3
REX,"General Lucio Blanco International Airport (Reynosa, MX)",26.0089,-98.2285,1.0
SJD,"Los Cabos International Airport (San José del Cabo, MX)",23.151919,-109.720731,1.3
CSW,"Cabo San Lucas International Airport (Cabo San Lucas, MX)",22.949072,-109.939479,1.0
NLU,"Felipe Ángeles International Airport (Mexico City, MX)",19.743824,-99.01507,1.3
SLP,"Ponciano Arriaga International Airport (San Luis Potosí, MX)",22.262026,-100.935692,1.0
TRC,"Francisco Sarabia Tinoco International Airport (Torreón, MX)",25.562265,-103.404608,1.0
TGZ,"Angel Albino Corzo International Airport (Tuxtla Gutiérrez, MX)",16.561611,-93.025731,1.0
TIJ,"General Abelardo L. Rodriguez International Airport (Tijuana, MX)",32.541043,-116.969976,1.3
TQO,"Felipe Carrillo Puerto International Airport Tulum (Tulum, MX)",20.172098,-87.660272,1.3
TAM,"General Francisco Javier Mina International Airport (Ciudad Madero, MX)",22.292622,-97.867058,1.0
TLC,"Adolfo López Mateos International Airport (Toluca, MX)",19.3369,-99.56583,1.3
TAP,"Tapachula International Airport (Tapachula, MX)",14.794549,-92.369871,1.0
CUN,"Cancún International Airport (Cancún, MX)",21.040817,-86.87347,1.3
VSA,"Carlos Rovirosa Pérez International Airport (Villahermosa, MX)",17.994283,-92.818199,1.3
VER,"General Heriberto Jara International Airport (Veracruz, MX)",19.139589,-96.188602,1.3
ZCL,"General Leobardo C. Ruiz International Airport (Zacatecas, MX)",22.894942,-102.687154,1.0
ZIH,"Ixtapa-Zihuatanejo International Airport (Ixtapa, MX)",17.601771,-101.460629,1.3
ZLO,"Playa de Oro International Airport (Manzanillo, MX)",19.1448,-104.558998,1.0
BEF,"Bluefields Airport (Bluefields, NI)",11.991,-83.774101,1.0
MGA,"Augusto C. Sandino (Managua) International Airport (Managua, NI)",12.1415,-86.168198,1.3
PUZ,"Puerto Cabezas Airport (Puerto Cabezas, NI)",14.047200202941895,-83.38670349121094,1.0
BOC,"Bocas del Toro ""Isla Colón"" International Airport (Isla Colón, PA)",9.34085,-82.250801,1.0
CTD,"Alonso Valderrama Airport (Chitré, PA)",7.98784,-80.409837,1.0
CHX,"Changuinola Captain Manuel Niño International Airport (Changuinola, PA)",9.458962,-82.515062,1.0
DAV,"Enrique Malek International Airport (David, PA)",8.388983,-82.436425,1.0
ONX,"Enrique Adolfo Jimenez Airport (Colón, PA)",9.35664,-79.867401,1.0
PAC,"Marcos A. Gelabert International Airport (Albrook, PA)",8.97334,-79.555603,1.0
SYP,"Ruben Cantu Airport (Santiago, PA)",8.085599899291992,-80.94529724121094,1.0
PTY,"Tocumen International Airport (Tocumen, PA)",9.07136,-79.383499,1.3
FON,"La Fortuna Arenal Airport (La Fortuna, CR)",10.469311,-84.579073,1.0
BAI,"Buenos Aires Airport (Punta Arenas, CR)",9.163949,-83.330171,1.0
BCL,"Barra del Colorado Airport (Pococi, CR)",10.7687,-83.585602,1.0
OTR,"Coto 47 Airport (Corredores, CR)",8.60156,-82.968754,1.0
GLF,"Golfito Airport (Golfito, CR)",8.65401,-83.182198,1.0
GPL,"Guapiles Airport (Pococi, CR)",10.2172002792,-83.79699707030001,1.0
LIR,"Daniel Oduber Quirós International Airport (Liberia, CR)",10.5933,-85.544403,1.3
LSL,"Los Chiles Airport (Los Chiles, CR)",11.0353,-84.7061,1.0
LIO,"Limón International Airport (Limón, CR)",9.95796,-83.022003,1.0
NOB,"Nosara Airport (Nicoya, CR)",9.976490020750001,-85.65299987790002,1.0
SJO,"Juan Santamaría International Airport (San José (Alajuela), CR)",9.99386,-84.208801,1.3
PJM,"Puerto Jimenez Airport (Puerto Jimenez, CR)",8.533329963684082,-83.30000305175781,1.0
PMZ,"Palmar Sur Airport (Palmar Sur, CR)",8.95103,-83.468597,1.0
SYQ,"Tobías Bolaños International Airport (San Jose, CR)",9.95705,-84.139801,1.0
XQP,"Quepos Managua Airport (Quepos, CR)",9.44316,-84.129799,1.0
UPL,"Upala Airport (Upala, CR)",10.8922,-85.016197,1.0
SAL,"El Salvador International Airport Saint Óscar Arnulfo Romero y Galdámez (San Salvador (San Luis Talpa), SV)",13.44447,-89.055784,1.3
ILS,"Ilopango International Airport (San Salvador, SV)",13.6995,-89.119904,1.0
CYA,"Antoine-Simon International Airport (Les Cayes, HT)",18.271099,-73.7883,1.0
CAP,"Cap Haitien International Airport (Cap Haitien, HT)",19.725547,-72.20071,1.3
JAK,"Jacmel Airport (Jacmel, HT)",18.2411,-72.518501,1.0
JEE,"Jérémie Airport (Carrefour Sanon, HT)",18.663099,-74.170303,1.0
PAP,"Toussaint Louverture International Airport (Port-au-Prince, HT)",18.580023,-72.292596,1.3
PAX,"Port-de-Paix Airport (Port-de-Paix, HT)",19.934045,-72.84801,1.0
BCA,"Gustavo Rizo Airport (Baracoa, CU)",20.365299224853516,-74.5062026977539,1.0
BYM,"Carlos Manuel de Cespedes Airport (Bayamo, CU)",20.3964,-76.621399,1.0
AVI,"Máximo Gómez Airport (Ciro Redondo, CU)",22.0271,-78.789597,1.0
CCC,"Jardines Del Rey Airport (Cayo Coco, CU)",22.461000442499998,-78.32839965820001,1.0
CFG,"Jaime Gonzalez Airport (Cienfuegos, CU)",22.149999618530273,-80.41419982910156,1.0
CYO,"Vilo Acuña International Airport (Cayo Largo del Sur, CU)",21.6165008545,-81.5459976196,1.0
CMW,"Ignacio Agramonte International Airport (Camaguey, CU)",21.419909,-77.848039,1.3
SCU,"Antonio Maceo International Airport (Santiago, CU)",19.97474,-75.835504,1.3
NBW,"Leeward Point Field (Guantanamo Bay Naval Station, CU)",19.9065,-75.2071,1.0
GAO,"Mariana Grajales Airport (Guantánamo, CU)",20.0853,-75.158302,1.0
HAV,"José Martí International Airport (Havana, CU)",22.989200592041016,-82.40910339355469,1.3
HOG,"Frank Pais International Airport (Holguin, CU)",20.785148,-76.315526,1.3
VRO,"Kawama Airport (Santa Marta, CU)",23.124001,-81.301598,1.0
MOA,"Orestes Acosta Airport (Moa, CU)",20.653900146484375,-74.92220306396484,1.0
MZO,"Sierra Maestra International Airport (Manzanillo, CU)",20.288605,-77.087545,1.0
GER,"Rafael Cabrera Airport (Nueva Gerona, CU)",21.834699630737305,-82.78379821777344,1.0
UPB,"Playa Baracoa Airport (Havana, CU)",23.032801,-82.579399,1.0
SNU,"Abel Santamaria International Airport (Santa Clara, CU)",22.492215,-79.943119,1.3
SNJ,"San Julián Air Base (Sandino, CU)",22.100525,-84.157376,1.0
SZJ,"Siguanea Airport (Isla de la Juventud, CU)",21.6425,-82.955101,1.0
TND,"Alberto Delgado Airport (Trinidad, CU)",21.7883,-79.9972,1.0
VRA,"Juan Gualberto Gomez International Airport (Matanzas, CU)",23.034401,-81.435303,1.3
VTU,"Hermanos Ameijeiras Airport (Las Tunas, CU)",20.9876,-76.935799,1.0
CYB,"Charles Kirkconnell International Airport (West End, KY)",19.687,-79.882797,1.0
LYB,"Edward Bodden Little Cayman Airfield (Blossom Village, KY)",19.660161,-80.088826,1.0
GCM,"Owen Roberts International Airport (George Town, KY)",19.292801,-81.357697,1.3
MAY,"Clarence A. Bain Airport (Mangrove Cay, BS)",24.287701,-77.684601,1.0
ASD,"Andros Town Airport (Andros Town, BS)",24.697901,-77.795601,1.0
TZN,"Congo Town Airport (Andros, BS)",24.158701,-77.589798,1.0
MHH,"Leonard M. Thompson International Airport (Marsh Harbour, BS)",26.510711,-77.084262,1.0
SAQ,"San Andros Airport (Andros Island, BS)",25.053800582885742,-78.04900360107422,1.0
AXP,"Spring Point Airport (Spring Point, BS)",22.441799,-73.970901,1.0
TCB,"Treasure Cay Airport (Treasure Cay, BS)",26.745300293,-77.3912963867,1.0
CCZ,"Chub Cay Airport (Chub Cay, BS)",25.417101,-77.880898,1.0
GHC,"Great Harbour Cay Airport (Bullocks Harbour, BS)",25.7383,-77.840103,1.0
BIM,"South Bimini Airport (South Bimini, BS)",25.6998996735,-79.2647018433,1.0
ATC,"Arthur's Town Airport (Arthur's Town, BS)",24.6294,-75.673797,1.0
TBI,"New Bight Airport (Cat Island, BS)",24.3153,-75.452301,1.0
CRI,"Colonel Hill Airport (Colonel Hill, BS)",22.7456,-74.182404,1.0
GGT,"Exuma International Airport (Moss Town, BS)",23.562599,-75.877998,1.0
ELH,"North Eleuthera Airport (North Eleuthera, BS)",25.475823,-76.680784,1.0
GHB,"Governor's Harbour Airport (Governor's Harbour, BS)",25.2847,-76.331001,1.0
NMC,"Normans Cay Airport (Normans Cay, BS)",24.594299,-76.820198,1.0
RSD,"Rock Sound International Airport (Rock Sound, BS)",24.89165,-76.177602,1.0
TYM,"Staniel Cay Airport (Staniel Cay, BS)",24.1691,-76.439102,1.0
FPO,"Grand Bahama International Airport (Freeport, BS)",26.557996,-78.695583,1.3
IGA,"Inagua Airport (Matthew Town, BS)",20.975,-73.666901,1.0
LGI,"Deadman's Cay Airport (Deadman's Cay, BS)",23.1790008545,-75.09359741210001,1.0
SML,"Stella Maris Airport (Stella Maris, BS)",23.582317,-75.268621,1.0
MYG,"Mayaguana Airport (Abraham Bay Settlement, BS)",22.379499,-73.013494,1.0
NAS,"Lynden Pindling International Airport (Nassau, BS)",25.039,-77.466202,1.3
DCT,"Duncan Town Airport (Duncan Town, BS)",22.181801,-75.7295,1.0
ZSA,"San Salvador International Airport (San Salvador, BS)",24.063041,-74.523233,1.3
BZE,"Philip S. W. Goldson International Airport (Belize City, BZ)",17.539951,-88.303556,1.3
PLJ,"Placencia Airport (Placencia, BZ)",16.536957,-88.361511,1.0
RAR,"Rarotonga International Airport (Avarua, CK)",-21.2027,-159.806,1.3
NAN,"Nadi International Airport (Nadi, FJ)",-17.761822,177.437843,1.3
SUV,"Nausori International Airport (Nausori, FJ)",-18.044226,178.561486,1.3
LBS,"Labasa Airport (Labasa, FJ)",-16.4667,179.339996,1.0
TBU,"Fua'amotu International Airport (Nuku'alofa, TO)",-21.241438,-175.149164,1.3
HPA,"Lifuka Island Airport (Lifuka, TO)",-19.777000427246094,-174.34100341796875,1.0
VAV,"Vava'u International Airport (Vava'u Island, TO)",-18.5853,-173.962006,1.3
PHG,"Port Harcourt City Airport / Port Harcourt Air Force Base (Port Harcourt, NG)",4.846111,7.021389,1.0
FUN,"Funafuti International Airport (Funafuti, TV)",-8.523885,179.196976,1.0
TRW,"Bonriki International Airport (South Tarawa, KI)",1.38164,173.147003,1.3
TBF,"Tabiteuea North Airport (, KI)",-1.22447,174.776001,1.0
IUE,"Niue International Airport (Alofi, NU)",-19.080109,-169.923493,1.0
NLH,"Ninglang Luguhu Airport (Ninglang, CN)",27.5403,100.7593,1.0
WLS,"Hihifo Airport (Wallis Island, WF)",-13.239445,-176.19865,1.3
PHH,"Pokhara International Airport (Pokhara, NP)",28.1838,84.0147,1.3
APW,"Faleolo International Airport (Apia, WS)",-13.83,-172.007996,1.3
PPG,"Pago Pago International Airport (Pago Pago, AS)",-14.331,-170.710007,1.3
PPT,"Fa'a'ā International Airport (Papeete, PF)",-17.553472,-149.606936,1.3
RUR,"Rurutu Airport (, PF)",-22.434099197387695,-151.36099243164062,1.0
TUB,"Tubuai Airport (, PF)",-23.365400314331055,-149.5240020751953,1.0
AAA,"Anaa Airport (Anaa, PF)",-17.3526,-145.509995,1.0
FGU,"Fangatau Airport (Fangatau, PF)",-15.820044,-140.888071,1.0
TIH,"Tikehau Airport (Tuherahera, PF)",-15.1196,-148.231003,1.0
REA,"Reao Airport (Reao, PF)",-18.46652,-136.43855,1.0
FAV,"Fakarava Airport (, PF)",-16.054100036621094,-145.65699768066406,1.0
XMH,"Manihi Airport (, PF)",-14.436800003051758,-146.07000732421875,1.0
GMR,"Totegegie Airport (, PF)",-23.07990074157715,-134.88999938964844,1.0
KKR,"Kaukura Airport (Raitahiti, PF)",-15.6633,-146.884995,1.0
MKP,"Makemo Airport (Makemo, PF)",-16.5839,-143.658005,1.0
TKP,"Takapoto Airport (, PF)",-14.709500312805176,-145.24600219726562,1.0
AXR,"Arutua Airport (, PF)",-15.248299598693848,-146.61700439453125,1.0
MVT,"Mataiva Airport (, PF)",-14.8681001663208,-148.7169952392578,1.0
AHE,"Ahe Airport (Ahe Atoll, PF)",-14.428099632263184,-146.2570037841797,1.0
TKX,"Takaroa Airport (, PF)",-14.45580005645752,-145.02499389648438,1.0
NHV,"Nuku Hiva Airport (Nuku Hiva, PF)",-8.7956,-140.229004,1.0
AUQ,"Hiva Oa-Atuona Airport (Hiva Oa Island, PF)",-9.76879024506,-139.011001587,1.0
BOB,"Bora Bora Airport (Motu Mute, PF)",-16.444400787353516,-151.75100708007812,1.0
RGI,"Rangiroa Airport (, PF)",-14.954299926757812,-147.66099548339844,1.0
HUH,"Huahine-Fare Airport (Fare, PF)",-16.687084,-151.021593,1.0
MOZ,"Moorea Temae Airport (Moorea-Maiao, PF)",-17.48979,-149.761777,1.0
HOI,"Hao Airport (Otepa, PF)",-18.0748,-140.945999,1.0
MAU,"Maupiti Airport (, PF)",-16.42650032043457,-152.24400329589844,1.0
RFP,"Raiatea Airport (Uturoa, PF)",-16.7229,-151.466003,1.0
ZGU,"Gaua Island Airport (Gaua Island, VU)",-14.2181,167.587006,1.0
SON,"Santo Pekoa International Airport (Luganville, VU)",-15.505000114399998,167.220001221,1.0
VLI,"Bauerfield International Airport (Port Vila, VU)",-17.699301,168.320007,1.3
TAH,"Whitegrass Airport (Tanna Island, VU)",-19.455099,169.223999,1.0
TGJ,"Tiga Airport (Tiga, NC)",-21.096407,167.80379,1.0
KNQ,"Koné Airport (Koné, NC)",-21.053551,164.838768,1.0
ILP,"Île des Pins Airport (Île des Pins, NC)",-22.5889,167.455994,1.0
LIF,"Lifou Airport (Lifou, NC)",-20.774563,167.239328,1.0
GEA,"Nouméa Magenta Airport (Nouméa, NC)",-22.257706,166.472822,1.0
MEE,"Maré Airport (Maré, NC)",-21.482438,168.038465,1.0
TOU,"Touho Airport (Touho, NC)",-20.790127,165.259524,1.0
UVE,"Ouvéa Airport (Ouvéa, NC)",-20.640932,166.573024,1.0
NOU,"La Tontouta International Airport (Nouméa (La Tontouta), NC)",-22.014601,166.212997,1.3
AKL,"Auckland International Airport (Auckland, NZ)",-37.01199,174.786331,1.3
TUO,"Taupo Airport (Taupo, NZ)",-38.73970031738281,176.08399963378906,1.0
AMZ,"Ardmore Airport (Manurewa, NZ)",-37.029701232910156,174.97300720214844,1.0
CHC,"Christchurch International Airport (Christchurch, NZ)",-43.489029,172.532065,1.3
CHT,"Inia William Tuuta Memorial Airport (Te One, NZ)",-43.81189,-176.46514,1.0
DUD,"Dunedin International Airport (Dunedin, NZ)",-45.929017,170.197758,1.0
GIS,"Gisborne Airport (Gisborne, NZ)",-38.6633,177.977997,1.0
GTN,"Glentanner Airport (Glentanner Station, NZ)",-43.906700134277344,170.1280059814453,1.0
HKK,"Hokitika Airfield (, NZ)",-42.713600158691406,170.98500061035156,1.0
HLZ,"Hamilton International Airport (Hamilton, NZ)",-37.866961,175.331952,1.0
KKE,"Kerikeri Airport (Kerikeri, NZ)",-35.259148,173.913317,1.0
KAT,"Kaitaia Airport (Awanui, NZ)",-35.069837,173.287053,1.0
ALR,"Alexandra Aerodrome (Alexandra, NZ)",-45.210495,169.371113,1.0
MON,"Mount Cook Airport (, NZ)",-43.764999,170.132996,1.0
TEU,"Manapouri Airport (, NZ)",-45.5331,167.649994,1.0
MRO,"Hood Airport (Masterton, NZ)",-40.974634,175.63454,1.0
NPL,"New Plymouth Airport (New Plymouth, NZ)",-39.00859832763672,174.1790008544922,1.0
NPE,"Hawke's Bay Airport (Napier, NZ)",-39.465801,176.869995,1.0
NSN,"Nelson Airport (Nelson, NZ)",-41.298302,173.220993,1.0
IVC,"Invercargill Airport (Invercargill, NZ)",-46.41239929199219,168.31300354003906,1.0
OHA,"RNZAF Base Ohakea (, NZ)",-40.20600128173828,175.38800048828125,1.0
OAM,"Oamaru Airport (, NZ)",-44.970001,171.082001,1.0
PMR,"Palmerston North Airport (Palmerston North, NZ)",-40.320599,175.617004,1.0
PPQ,"Paraparaumu Airport (, NZ)",-40.904701232910156,174.98899841308594,1.0
ZQN,"Queenstown Airport (Queenstown, NZ)",-45.019205,168.746379,1.3
ROT,"Rotorua Regional Airport (Rotorua, NZ)",-38.1092,176.317001,1.0
TRG,"Tauranga Airport (Tauranga, NZ)",-37.67190170288086,176.1959991455078,1.0
TIU,"Timaru Airport (, NZ)",-44.302799224853516,171.22500610351562,1.0
TWZ,"Pukaki Airport (Twitzel, NZ)",-44.2350006104,170.117996216,1.0
BHE,"Woodbourne Airport (Blenheim, NZ)",-41.5182991027832,173.8699951171875,1.0
WKA,"Wanaka Airport (Wanaka, NZ)",-44.722091,169.246287,1.0
WHK,"Whakatāne Airport (Whakatāne, NZ)",-37.922224,176.91696,1.0
WLG,"Wellington International Airport (Wellington, NZ)",-41.326839,174.806862,1.3
WIR,"Wairoa Airport (Wairoa, NZ)",-39.011862,177.404401,1.0
WRE,"Whangarei Airport (Whangarei, NZ)",-35.769253,174.363713,1.0
WSZ,"Westport Airport (Westport, NZ)",-41.737111,171.579033,1.0
WAG,"Wanganui Airport (Wanganui, NZ)",-39.963467,175.02444,1.0
HEA,"Herat - Khwaja Abdullah Ansari International Airport (Guzara, AF)",34.209999,62.228298,1.3
OAI,"Bagram Airfield (Bagram, AF)",34.946098,69.264999,1.0
JAA,"Jalalabad Airport (Jalalabad, AF)",34.399799,70.498596,1.0
KBL,"Kabul International Airport (Kabul, AF)",34.565899,69.212303,1.3
KDH,"Ahmad Shah Baba International Airport (Kandahar, AF)",31.505769,65.847963,1.3
KHT,"Khost International Airport (Khost, AF)",33.284605,69.80734,1.0
MMZ,"Maymana Zahiraddin Faryabi Airport (Maymana, AF)",35.930801,64.760902,1.0
MZR,"Mazar-i-Sharif International Airport (Mazar-i-Sharif, AF)",36.70412,67.210459,1.3
UND,"Kunduz Airport (Kunduz, AF)",36.6651,68.910797,1.0
BAH,"Bahrain International Airport (Manama, BH)",26.267295,50.63764,1.3
OCS,"Corisco International Airport (Corisco Island, GQ)",0.910937,9.33027,1.3
AHB,"Abha International Airport (Abha, SA)",18.2404,42.656601,1.3
HOF,"Al-Ahsa International Airport (Hofuf, SA)",25.285299,49.485199,1.3
ULH,"Al-Ula International Airport (Al-Ula, SA)",26.483634,38.117048,1.3
ABT,"King Saud Bin Abdulaziz (Al Baha) Airport (Al-Baha, SA)",20.298506,41.636153,1.0
BHH,"Bisha Airport (Bisha, SA)",19.9844,42.620899,1.0
DMM,"King Fahd International Airport (Ad Dammam, SA)",26.4691,49.798209,1.3
DWD,"Dawadmi Domestic Airport (Dawadmi, SA)",24.4499,44.121201,1.0
DHA,"King Abdulaziz Air Base (Dhahran, SA)",26.2654,50.152,1.3
GIZ,"Jizan Regional Airport / King Abdullah bin Abdulaziz Airport (Jizan, SA)",16.9011,42.5858,1.0
ELQ,"Prince Naif bin Abdulaziz International Airport (Qassim, SA)",26.302799,43.774399,1.3
URY,"Gurayat Domestic Airport (Gurayat, SA)",31.412413,37.278898,1.0
HAS,"Hail International Airport (Hail, SA)",27.437901,41.686298,1.3
JED,"King Abdulaziz International Airport (Jeddah, SA)",21.680241,39.157436,1.3
KMC,"King Khaled Military City Airport (King Khaled Military City, SA)",27.9009,45.528198,1.0
KMX,"King Khalid Air Base (Khamis Mushait, SA)",18.2973,42.803501,1.0
MED,"Prince Mohammad Bin Abdulaziz Airport (Medina, SA)",24.5534,39.705101,1.3
EAM,"Najran Domestic Airport (Najran, SA)",17.611401,44.419201,1.0
NUM,"Neom Bay Airport (Sharma, SA)",27.924261,35.29358,1.3
AQI,"Qaisumah–Hafar Al-Batin International Airport (Qaisumah, SA)",28.335726,46.127108,1.3
AKH,"Prince Sultan Air Base (Al Kharj, SA)",24.0627,47.580502,1.0
RAH,"Rafha Domestic Airport (Rafha, SA)",29.626399993896484,43.4906005859375,1.0
RUH,"King Khalid International Airport (Riyadh, SA)",24.9576,46.698799,1.3
RAE,"Arar Domestic Airport (Arar, SA)",30.906600952148438,41.13819885253906,1.0
SHW,"Sharurah Domestic Airport (Sharurah, SA)",17.4669,47.121399,1.0
AJF,"Al-Jawf International Airport (Al-Jawf, SA)",29.783301,40.100905,1.3
TUU,"Prince Sultan bin Abdulaziz International Airport (Tabuk, SA)",28.3711,36.624865,1.3
TIF,"Taif International Airport (Taif, SA)",21.484739,40.544074,1.3
TUI,"Turaif Domestic Airport (Turaif, SA)",31.692188,38.731544,1.0
WAE,"Wadi Al Dawasir Domestic Airport (Wadi Al Dawasir, SA)",20.504299,45.1996,1.0
EJH,"Al Wajh Domestic Airport (Al Wajh, SA)",26.198601,36.476398,1.0
YNB,"Prince Abdulmohsen Bin Abdulaziz International Airport (Yanbu, SA)",24.144199,38.0634,1.3
ABD,"Abadan Ayatollah Jami International Airport (Abadan, IR)",30.367887,48.230075,1.3
DEF,"Dezful Airport (Dezful, IR)",32.434399,48.397598,1.0
AKW,"Aghajari Airport (Omidiyeh, IR)",30.7444,49.6772,1.0
GCH,"Gachsaran Airport (Gachsaran, IR)",30.333869,50.833796,1.0
QMJ,"Shahid Asiyaee Airport (Masjed Soleyman, IR)",32.001719,49.268599,1.0
MRX,"Mahshahr Airport (Mahshahr, IR)",30.5562,49.151901,1.0
AWZ,"Qasem Soleimani International Airport (Ahvaz, IR)",31.3364,48.763789,1.3
AEU,"Abu Musa Island Airport (Abu Musa, IR)",25.8757,55.033001,1.0
BUZ,"Bushehr Airport (Bushehr, IR)",28.9447994232,50.8345985413,1.0
KNR,"Jam Airport (Jam, IR)",27.820499,52.3522,1.0
KIH,"Kish International Airport (Kish Island, IR)",26.525427,53.980462,1.3
BDH,"Bandar Lengeh International Airport (Bandar Lengeh, IR)",26.532283,54.82484,1.0
PGU,"Persian Gulf International Airport (Khiyaroo, IR)",27.379601,52.737701,1.0
KHK,"Khark Airport (Khark, IR)",29.260503,50.322193,1.0
SXI,"Siri Airport (Siri, IR)",25.908899,54.539398,1.0
LVP,"Lavan Airport (Lavan Airport, IR)",26.810742,53.354302,1.0
KSH,"Shahid Ashrafi Esfahani Airport (Kermanshah, IR)",34.3459014893,47.1581001282,1.0
IIL,"Ilam Airport (Ilam, IR)",33.58660125732422,46.40480041503906,1.0
KHD,"Khoram Abad Airport (, IR)",33.43539810180664,48.282901763916016,1.0
SDG,"Sanandaj Airport (, IR)",35.24589920043945,47.00920104980469,1.0
KKS,"Kashan Airport (Kashan, IR)",33.895302,51.577,1.0
IFN,"Isfahan Shahid Beheshti International Airport (Isfahan, IR)",32.755142,51.883877,1.3
CQD,"Shahrekord Airport (Shahrekord, IR)",32.2971992493,50.842201232899995,1.0
RAS,"Sardar-e-Jangal Airport (Rasht, IR)",37.323333,49.617778,1.0
HDM,"Hamadan Airport (Hamadan, IR)",34.866416,48.56069,1.0
NUJ,"Nojeh Air Base (Amirabad, IR)",35.211601,48.6534,1.0
IKA,"Imam Khomeini International Airport (Tehran, IR)",35.416099548339844,51.152198791503906,1.3
THR,"Mehrabad International Airport (Tehran, IR)",35.689175,51.314392,1.3
GZW,"Qazvin Airport (Qazvin, IR)",36.240101,50.0471,1.0
PYK,"Payam International Airport (Karaj, IR)",35.7761,50.826698,1.3
BND,"Bandar Abbas International Airport (Bandar Abbas, IR)",27.2183,56.3778,1.3
JYR,"Jiroft Airport (Jiroft, IR)",28.723519,57.675037,1.0
KER,"Ayatollah Hashemi Rafsanjani International Airport (Kerman, IR)",30.271276,56.949692,1.3
BXR,"Bam Airport (Bam, IR)",29.0842,58.450001,1.0
GSM,"Qeshm International Airport (Qeshm(Dayrestan), IR)",26.754639,55.902353,1.3
RJN,"Rafsanjan Airport (Rafsanjan, IR)",30.298345,56.048979,1.0
SYJ,"Sirjan Airport (Sirjan, IR)",29.5509,55.672699,1.0
XBJ,"Birjand International Airport (Birjand, IR)",32.896525,59.281258,1.3
CKT,"Sarakhs Airport (Sarakhs, IR)",36.501202,61.064899,1.0
MHD,"Mashhad International Airport (Mashhad, IR)",36.234821,59.642949,1.3
BJB,"Bojnord Airport (Bojnord, IR)",37.49300003051758,57.30820083618164,1.0
AFZ,"Sabzevar National Airport (Sabzevar, IR)",36.16809844970703,57.59519958496094,1.0
TCX,"Tabas Airport (Tabas, IR)",33.667801,56.8927,1.0
GBT,"Gorgan Airport (Gorgan, IR)",36.909400939899996,54.4012985229,1.0
NSH,"Nowshahr Airport (Nowshahr, IR)",36.664286,51.46273,1.0
RZR,"Ramsar Airport (Ramsar, IR)",36.90701,50.687316,1.0
SRY,"Sari Dasht-e Naz International Airport (Sari, IR)",36.644408,53.188761,1.0
FAZ,"Fasa Airport (Fasa, IR)",28.8918,53.723301,1.0
LRR,"Lar Airport (Lar, IR)",27.6747,54.383301,1.0
LFM,"Lamerd Airport (Lamerd, IR)",27.3727,53.188801,1.0
SYZ,"Shiraz Shahid Dastghaib International Airport (Shiraz, IR)",29.5392,52.589802,1.3
YES,"Yasuj Airport (Yasuj, IR)",30.702238,51.542988,1.0
ADU,"Ardabil Airport (Ardabil, IR)",38.3256988525,48.4244003296,1.0
OMH,"Urmia Airport (Urmia, IR)",37.6680984497,45.0686988831,1.0
TBZ,"Tabriz International Airport (Tabriz, IR)",38.1339,46.235001,1.3
IMQ,"Maku National Airport (Showt, IR)",39.191293,44.928505,1.0
JWN,"Zanjan Airport (Zanjan, IR)",36.7737007141,48.3594017029,1.0
AZD,"Shahid Sadooghi Airport (Yazd, IR)",31.9048995972,54.2765007019,1.0
ACZ,"Zabol Airport (Zabol, IR)",31.098301,61.5439,1.0
ZBR,"Chabahar Konarak International Airport (Konarak, IR)",25.44319,60.382167,1.0
ZAH,"Zahedan International Airport (Zahedan, IR)",29.4757,60.9062,1.3
IHR,"Iranshahr Airport (Iranshahr, IR)",27.236099,60.720001,1.0
AMM,"Queen Alia International Airport (Amman, JO)",31.7226009369,35.9931983948,1.3
ADJ,"Marka International (Amman Civil) Airport (Amman, JO)",31.9727,35.9916,1.3
AQJ,"King Hussein International Airport (Aqaba, JO)",29.611601,35.018101,1.3
XIJ,"Ahmed Al Jaber Air Base (Ahmed Al Jaber AB, KW)",28.9347991943,47.791900634799994,1.0
KWI,"Kuwait International Airport (Kuwait City, KW)",29.224487,47.969813,1.3
BEY,"Beirut Rafic Hariri International Airport (Beirut, LB)",33.819833,35.487443,1.3
KYE,"Rene Mouawad Air Base (Tripoli, LB)",34.589298,36.011299,1.0
DQM,"Duqm International Airport (Duqm, OM)",19.501944,57.634167,1.3
MNH,"Mussanah Airport (Al Masna'ah, OM)",23.640556,57.4875,1.0
AUH,"Zayed International Airport (Abu Dhabi, AE)",24.440966,54.649237,1.3
AZI,"Al Bateen Executive Airport (Abu Dhabi, AE)",24.427062,54.459866,1.3
AAN,"Al Ain International Airport (Al Ain, AE)",24.2617,55.6092,1.3
DHF,"Al Dhafra Air Base (, AE)",24.248199462900004,54.547698974599996,1.0
XSB,"Sir Bani Yas Airport (Sir Bani Yas, AE)",24.283611,52.580278,1.0
DXB,"Dubai International Airport (Dubai, AE)",25.24979,55.370992,1.3
NHD,"Al Minhad Air Base (Dubai, AE)",25.0268001556,55.3661994934,1.0
DWC,"Al Maktoum International Airport (Dubai(Jebel Ali), AE)",24.896171,55.16235,1.3
FJR,"Fujairah International Airport (Fujairah, AE)",25.108411,56.328061,1.3
RKT,"Ras Al Khaimah International Airport (Ras Al Khaimah, AE)",25.613501,55.938801,1.3
SHJ,"Sharjah International Airport (Sharjah, AE)",25.3286,55.5172,1.3
KHS,"Khasab Airport (Khasab, OM)",26.171,56.240601,1.0
MSH,"RAFO Masirah (Masirah, OM)",20.6754,58.890499,1.0
MCT,"Muscat International Airport (Muscat/Seeb, OM)",23.600218,58.285268,1.3
SLL,"Salalah International Airport (Salalah, OM)",17.0387,54.091301,1.3
OHS,"Suhar International Airport (Suhar, OM)",24.38604,56.62541,1.3
TTH,"Thumrait Air Base (Thumrait, OM)",17.666,54.024601,1.0
BHV,"Bahawalpur Airport (Bahawalpur, PK)",29.348100662231445,71.71800231933594,1.0
CJL,"Chitral Airport (Chitral, PK)",35.886213,71.799922,1.0
DEA,"Dera Ghazi Khan Airport (Dera Ghazi Khan, PK)",29.961000442504883,70.48590087890625,1.0
DSK,"Dera Ismael Khan Airport [IN-ACTIVE] (Dera Ismael Khan, PK)",31.909401,70.896599,1.0
LYP,"Faisalabad International Airport (Faisalabad, PK)",31.364923,72.995319,1.3
GWD,"New Gwadar International Airport (Gurandani, PK)",25.296733,62.498822,1.3
GIL,"Gilgit Airport (Gilgit, PK)",35.918800354003906,74.33360290527344,1.0
ISB,"Islamabad International Airport (Attock, PK)",33.549,72.82566,1.3
JAG,"Shahbaz Air Base (Jacobabad, PK)",28.28420066833496,68.44969940185547,1.0
KHI,"Jinnah International Airport (Karachi, PK)",24.9065,67.160797,1.3
LHE,"Allama Iqbal International Airport (Lahore, PK)",31.521601,74.403603,1.3
XJM,"Mangla Airport (Mangla, PK)",33.05009841918945,73.63839721679688,1.0
MWD,"Mianwali Air Base (Mianwali, PK)",32.5630989074707,71.5707015991211,1.0
MJD,"Moenjodaro Airport (Moenjodaro, PK)",27.335199,68.143097,1.0
ATG,"Minhas Air Base (Kamra, PK)",33.8690986633,72.4009017944,1.0
MUX,"Multan International Airport (Multan, PK)",30.203199,71.419098,1.3
WNS,"Shaheed Benazirabad Airport (Nawabashah, PK)",26.2194,68.390099,1.0
PJG,"Panjgur Airport (Panjgur, PK)",26.9545,64.1325,1.0
PSI,"Pasni Airport (Pasni, PK)",25.290501,63.3451,1.0
PEW,"Bacha Khan International Airport (Peshawar, PK)",33.9939,71.514603,1.3
UET,"Quetta International Airport (Quetta, PK)",30.2514,66.937798,1.3
RYK,"Shaikh Zaid Airport (Rahim Yar Khan, PK)",28.383899688720703,70.27960205078125,1.0
RAZ,"Rawalakot Airport (Rawalakot, PK)",33.849701,73.798103,1.0
KDU,"Skardu International Airport (Skardu, PK)",35.33866,75.538648,1.3
SKZ,"Begum Nusrat Bhutto International Airport Sukkur (Sukkur, PK)",27.722,68.791702,1.0
SYW,"Sehwan Sharif Airport (Sehwan Sharif, PK)",26.473101,67.717201,1.0
SGI,"Mushaf Air Base (Sargodha, PK)",32.04859924316406,72.66500091552734,1.0
SDT,"Saidu Sharif Airport (Saidu Sharif, PK)",34.813599,72.352798,1.0
SKT,"Sialkot International Airport (Sialkot, PK)",32.535941,74.364623,1.3
SUL,"Sui Airport (Sui, PK)",28.645099639892578,69.1769027709961,1.0
TUK,"Turbat International Airport (Turbat, PK)",25.984767,63.028856,1.3
PZH,"Zhob Airport (Fort Sandeman, PK)",31.358400344848633,69.4636001586914,1.0
IQA,"Al Asad Air Base (Hīt, IQ)",33.7855987549,42.4412002563,1.0
TQD,"Al Taqaddum Air Base (Al Habbaniyah, IQ)",33.33810043335,43.597099304199,1.0
BGW,"Baghdad International Airport / New Al Muthana Air Base (Baghdad, IQ)",33.262501,44.2346,1.3
OSM,"Mosul International Airport (Mosul, IQ)",36.305801,43.1474,1.3
EBL,"Erbil International Airport (Arbil, IQ)",36.236047,43.946615,1.3
KIK,"Kirkuk International Airport (Kirkuk, IQ)",35.469501,44.3489,1.3
BSR,"Basra International Airport (Basra, IQ)",30.549101,47.662102,1.3
NJF,"Al Najaf International Airport (Najaf, IQ)",31.991116,44.405019,1.3
RQW,"Qayyarah West Airport (Qayyarah, IQ)",35.7672,43.125099,1.0
ISU,"Jalal Talabani International Airport (Sulaymaniyah, IQ)",35.560487,45.315137,1.0
XNH,"Ali Air Base (Nasiriyah, IQ)",30.935801,46.090099,1.0
ALP,"Aleppo International Airport (Aleppo, SY)",36.181262,37.226869,1.3
DAM,"Damascus International Airport (Damascus, SY)",33.4114990234375,36.51559829711914,1.3
DEZ,"Deir ez-Zor Airport (Deir ez-Zor, SY)",35.2854,40.175999,1.0
KAC,"Qamishli International Airport (Qamishli, SY)",37.020599,41.191399,1.0
LTK,"Latakia International Airport (Latakia, SY)",35.4011,35.9487,1.0
PMS,"Palmyra Airport (Tadmur, SY)",34.5574,38.316898,1.0
DIA,"Doha International Airport (Doha, QA)",25.259431,51.565528,1.3
XJD,"Al Udeid Air Base (Ar Rayyan, QA)",25.1173000336,51.3149986267,1.0
DOH,"Hamad International Airport (Doha, QA)",25.273056,51.608056,1.3
ADE,"Aden International Airport (Aden, YE)",12.829564,45.029976,1.3
AXK,"Ataq Airport (Ataq, YE)",14.5513,46.826199,1.0
AAY,"Al Ghaydah International Airport (Al Ghaydah, YE)",16.193341,52.174186,1.0
RIY,"Riyan International Airport (Mukalla(Riyan), YE)",14.662241,49.375289,1.3
SAH,"Sanaa International Airport (Sanaa, YE)",15.4763,44.2197,1.3
SCT,"Socotra Airport (Mori, YE)",12.632093,53.906173,1.0
GXF,"Seiyun Hadhramaut International Airport (Seiyun, YE)",15.965887,48.788146,1.3
TAI,"Taiz International Airport (Taiz, YE)",13.686,44.139099,1.0
PAQ,"Warren ""Bud"" Woods Palmer Municipal Airport (Palmer, US)",61.594898,-149.08901,1.0
BTI,"Barter Island Long Range Radar Station Airport (Barter Island, US)",70.134003,-143.582001,1.0
BET,"Bethel Airport (Bethel, US)",60.77980042,-161.8379974,1.0
BIG,"Allen Army Airfield (Delta Junction Ft Greely, US)",63.994499,-145.722,1.0
BRW,"Wiley Post Will Rogers Memorial Airport (Utqiaġvik, US)",71.285402,-156.766008,1.0
CDB,"Cold Bay Airport (Cold Bay, US)",55.207871,-162.725029,1.0
CDV,"Merle K (Mudhole) Smith Airport (Cordova, US)",60.491798,-145.477997,1.0
CZF,"Cape Romanzof LRRS Airport (Cape Romanzof, US)",61.78030014,-166.0390015,1.0
DRG,"Deering Airport (Deering, US)",66.068901,-162.766914,1.0
ADK,"Adak Airport (Adak, US)",51.883564,-176.642783,1.0
DLG,"Dillingham Airport (Dillingham, US)",59.04470062,-158.5050049,1.0
ADQ,"Kodiak Airport (Kodiak, US)",57.75,-152.4940033,1.0
DUT,"Tom Madsen (Dutch Harbor) Airport (Unalaska, US)",53.89881,-166.544996,1.0
EDF,"Elmendorf Air Force Base (Anchorage, US)",61.251709,-149.807097,1.0
EHM,"Cape Newenham LRRS Airport (Cape Newenham, US)",58.646400451699996,-162.06300354,1.0
EIL,"Eielson Air Force Base (Fairbanks, US)",64.66570282,-147.102005,1.0
EMK,"Emmonak Airport (Emmonak, US)",62.78609848,-164.4909973,1.0
ENA,"Kenai Municipal Airport (Kenai, US)",60.570946,-151.245174,1.0
FAI,"Fairbanks International Airport (Fairbanks, US)",64.815102,-147.856003,1.0
FBK,"Ladd Army Airfield (Fairbanks, US)",64.837502,-147.613998,1.0
ABL,"Ambler Airport (Ambler, US)",67.105529,-157.855339,1.0
GAL,"Edward G. Pitka Sr Airport (Galena, US)",64.736198,-156.936997,1.0
GKN,"Gulkana Airport (Gulkana, US)",62.155859,-145.454662,1.0
GAM,"Gambell Airport (Gambell, US)",63.767694,-171.733303,1.0
GST,"Gustavus Airport (Gustavus, US)",58.4253006,-135.7070007,1.0
HCR,"Holy Cross Airport (Holy Cross, US)",62.18830108642578,-159.77499389648438,1.0
HSL,"Huslia Airport (Huslia, US)",65.697899,-156.350998,1.0
HNS,"Haines Airport (Haines, US)",59.243921,-135.523925,1.0
HOM,"Homer Airport (Homer, US)",59.644456,-151.479235,1.0
EGX,"Egegik Airport (Egegik, US)",58.184386,-157.374873,1.0
IAN,"Bob Baker Memorial Airport (Kiana, US)",66.976128,-160.439014,1.0
ILI,"Iliamna Airport (Iliamna, US)",59.754398,-154.910996,1.0
UTO,"Indian Mountain LRRS Airport (Utopia Creek, US)",65.992798,-153.703995,1.0
JNU,"Juneau International Airport (Juneau, US)",58.354935,-134.574416,1.0
AKN,"King Salmon Airport (King Salmon, US)",58.677845,-156.651965,1.0
AKP,"Anaktuvuk Pass Airport (Anaktuvuk Pass, US)",68.133598,-151.742996,1.0
KTN,"Ketchikan International Airport (Ketchikan, US)",55.35559845,-131.7140045,1.0
KLW,"Klawock Airport (Klawock, US)",55.579201,-133.076004,1.0
LUR,"Cape Lisburne LRRS Airport (Cape Lisburne, US)",68.875099,-166.110001,1.0
MCG,"McGrath Airport (McGrath, US)",62.95289993,-155.6060028,1.0
MRI,"Merrill Field (Anchorage, US)",61.212792,-149.843988,1.0
MYU,"Mekoryuk Airport (Mekoryuk, US)",60.372338,-166.269751,1.0
ANC,"Ted Stevens Anchorage International Airport (Anchorage, US)",61.179004,-149.992561,1.3
ANI,"Aniak Airport (Aniak, US)",61.581600189208984,-159.54299926757812,1.0
ENN,"Nenana Municipal Airport (Nenana, US)",64.548772,-149.074516,1.0
ANN,"Annette Island Airport (Metlakatla, US)",55.037663,-131.572609,1.0
ANV,"Anvik Airport (Anvik, US)",62.646702,-160.190994,1.0
OME,"Nome Airport (Nome, US)",64.51219940185547,-165.44500732421875,1.0
ORT,"Northway Airport (Northway, US)",62.9613,-141.929001,1.0
OTZ,"Ralph Wien Memorial Airport (Kotzebue, US)",66.88469696,-162.598999,1.0
STG,"St George Airport (St George, US)",56.577345,-169.663823,1.0
KPC,"Port Clarence Coast Guard Station (Port Clarence, US)",65.2537002563,-166.85899353,1.0
PSG,"Petersburg James A Johnson Airport (Petersburg, US)",56.80170059,-132.9450073,1.0
PTH,"Port Heiden Airport (Port Heiden, US)",56.957893,-158.630219,1.0
PTU,"Platinum Airport (Platinum, US)",59.017675,-161.827927,1.0
NUI,"Nuiqsut Airport (Nuiqsut, US)",70.209999,-151.005998,1.0
ARC,"Arctic Village Airport (Arctic Village, US)",68.1147,-145.578995,1.0
RBY,"Ruby Airport (Ruby, US)",64.727203,-155.470001,1.0
SVA,"Savoonga Airport (Savoonga, US)",63.686401,-170.492996,1.0
SCC,"Deadhorse Airport (Deadhorse, US)",70.19470215,-148.4649963,1.0
SDP,"Sand Point Airport (Sand Point, US)",55.313908,-160.522099,1.0
SIT,"Sitka Rocky Gutierrez Airport (Sitka, US)",57.04710006713867,-135.36199951171875,1.0
SNP,"St Paul Island Airport (St Paul Island, US)",57.166311,-170.222555,1.0
SVW,"Sparrevohn LRRS Airport (Sparrevohn, US)",61.09740067,-155.5740051,1.0
SXQ,"Soldotna Airport (Soldotna, US)",60.474935,-151.038471,1.0
SYA,"Eareckson Air Station (Shemya, US)",52.71229935,174.1139984,1.0
TKA,"Talkeetna Airport (Talkeetna, US)",62.320499420166,-150.09399414062,1.0
TLJ,"Tatalina LRRS Airport (Takotna, US)",62.894401550299996,-155.977005005,1.0
ATK,"Atqasuk Edward Burnell Sr Memorial Airport (Atqasuk, US)",70.46704,-157.436013,1.0
UNK,"Unalakleet Airport (Unalakleet, US)",63.888401,-160.798996,1.0
VDZ,"Valdez Pioneer Field (Valdez, US)",61.132712,-146.246567,1.0
SWD,"Seward Airport (Seward, US)",60.130478,-149.418612,1.0
WRG,"Wrangell Airport (Wrangell, US)",56.48429871,-132.3699951,1.0
AIN,"Wainwright Airport (Wainwright, US)",70.638,-159.994995,1.0
WWA,"Wasilla Airport (Wasilla, US)",61.571701,-149.539993,1.0
YAK,"Yakutat Airport (Yakutat, US)",59.508717,-139.660435,1.0
CIS,"Canton Island Airport (Abariringa, KI)",-2.7681200504300003,-171.710006714,1.0
FYU,"Fort Yukon Airport (Fort Yukon, US)",66.571651,-145.249987,1.0
ROP,"Rota International Airport (Rota Island, MP)",14.173267,145.241103,1.3
SPN,"Saipan International Airport (I Fadang, Saipan, MP)",15.119384,145.728848,1.0
UAM,"Andersen Air Force Base (Yigo, GU)",13.584,144.929998,1.0
GUM,"Antonio B. Won Pat International Airport (Hagåtña, GU)",13.485,144.797282,1.3
TIQ,"Francisco Manglona Borja / Tinian International Airport (Tinian Island, MP)",14.999207,145.619355,1.0
BKH,"Barking Sands Airport (Kekaha, US)",22.0228,-159.785004,1.0
HNM,"Hana Airport (Hana, US)",20.795601,-156.014008,1.0
JHM,"Kapalua Airport (Lahaina, US)",20.9629,-156.673004,1.0
JRF,"Kalaeloa Airport (Kapolei, US)",21.3074,-158.070009,1.0
KOA,"Ellison Onizuka Kona International Airport at Keāhole (Kailua-Kona, US)",19.738783,-156.045603,1.3
LIH,"Lihue Airport (Lihue, Kauai, US)",21.974393,-159.337146,1.3
MKK,"Molokai Airport (Kaunakakai, US)",21.152901,-157.095993,1.0
MUE,"Waimea Kohala Airport (Waimea (Kamuela), US)",20.001301,-155.667999,1.0
NGF,"Kaneohe Bay MCAS (Marion E. Carl Field) Airport (Kaneohe, US)",21.4505,-157.768005,1.0
HNL,"Daniel K. Inouye International Airport (Honolulu, Oahu, US)",21.318387,-157.92567,1.3
LNY,"Lanai Airport (Lanai City, US)",20.785675,-156.951324,1.0
OGG,"Kahului International Airport (Kahului, US)",20.896263,-156.431837,1.3
ITO,"Hilo International Airport (Hilo, US)",19.72135,-155.045428,1.0
MAJ,"Marshall Islands International Airport (Majuro Atoll, MH)",7.06511,171.271656,1.3
KWA,"Bucholz Army Air Field (Kwajalein, MH)",8.720120429992676,167.73199462890625,1.0
CXI,"Cassidy International Airport (Kiritimati, KI)",1.986278,-157.350011,1.3
MDY,"Henderson Field (Sand Island, UM)",28.2017,-177.380997,1.0
PIZ,"Point Lay LRRS Airport (Point Lay, US)",69.732903,-163.005005,1.0
TKK,"Chuuk International Airport (Weno Island, FM)",7.46187,151.843002,1.3
PNI,"Pohnpei International Airport (Pohnpei Island, FM)",6.985082,158.20992,1.0
ROR,"Roman Tmetuchl International Airport (Babelthuap Island, PW)",7.366965,134.544085,1.3
KSA,"Kosrae International Airport (Okat, FM)",5.35698,162.957993,1.3
YAP,"Yap International Airport (Yap Island, FM)",9.49891,138.082993,1.3
AWK,"Wake Island Airfield (Wake Island, UM)",19.282437,166.636637,1.0
KNH,"Kinmen Airport (Shang-I, TW)",24.4279,118.359001,1.0
LZN,"Matsu Nangan Airport (Matsu (Nangan), TW)",26.159656,119.958376,1.0
TTT,"Taitung Airport (Taitung City, TW)",22.754856,121.101794,1.0
KHH,"Kaohsiung International Airport (Kaohsiung (Xiaogang), TW)",22.577101,120.349998,1.3
CYI,"Chiayi Airport (Shuishang, TW)",23.462577,120.390544,1.0
HCN,"Hengchun Airport (Hengchun, TW)",22.0411,120.730003,1.0
KYD,"Lanyu Airport (Orchid Island, TW)",22.027000427246094,121.53500366210938,1.0
RMQ,"Taichung International Airport / Ching Chuang Kang Air Base (Taichung (Qingshui), TW)",24.2647,120.621002,1.3
MFK,"Matsu Beigan Airport (Matsu (Beigan), TW)",26.22414,120.002679,1.0
TNN,"Tainan International Airport / Tainan Air Base (Tainan (Rende), TW)",22.950399,120.206001,1.3
HSZ,"Hsinchu Air Base (Hsinchu City, TW)",24.8180007935,120.939002991,1.0
MZG,"Penghu Magong Airport (Huxi, TW)",23.568701,119.627998,1.3
TSA,"Taipei Songshan International Airport (Taipei (Songshan), TW)",25.067244,121.552822,1.3
TPE,"Taiwan Taoyuan International Airport (Taoyuan, TW)",25.0777,121.233002,1.3
HUN,"Hualien Chiashan Airport (Hualien City, TW)",24.023163,121.617991,1.3
NRT,"Narita International Airport (Narita, JP)",35.76858,140.388714,1.3
MMJ,"Shinshu-Matsumoto Airport (Matsumoto, JP)",36.166801,137.923004,1.0
IBR,"Ibaraki Airport (Omitama, JP)",36.181456,140.414434,1.3
IWO,"Ioto (Iwo Jima) Airbase (Ogasawara, JP)",24.784153,141.32261,1.0
KIX,"Kansai International Airport (Osaka, JP)",34.427299,135.244003,1.3
SHM,"Nanki Shirahama Airport (Shirahama, JP)",33.6622009277,135.363998413,1.0
UKB,"Kobe Airport (Kobe, JP)",34.632801,135.223999,1.3
TJH,"Konotori Tajima Airport (Toyooka, JP)",35.512798,134.787003,1.0
OBO,"Tokachi-Obihiro Airport (Obihiro, JP)",42.7332992554,143.216995239,1.0
CTS,"New Chitose Airport (Sapporo, JP)",42.774753,141.690414,1.3
HKD,"Hakodate Airport (Hakodate, JP)",41.77,140.822006,1.3
KUH,"Kushiro Airport (Kushiro, JP)",43.041,144.192993,1.0
MMB,"Memanbetsu Airport (Ōzora, JP)",43.8805999756,144.164001465,1.0
SHB,"Nakashibetsu Airport (Nakashibetsu, JP)",43.5774993896,144.960006714,1.0
OKD,"Sapporo Okadama Airport (Sapporo, JP)",43.117447,141.38134,1.0
WKJ,"Wakkanai Airport (Wakkanai, JP)",45.4042015076,141.800994873,1.0
AXJ,"Amakusa Airport (Amakusa, JP)",32.482498,130.158997,1.0
IKI,"Iki Airport (Iki, JP)",33.7490005493,129.785003662,1.0
UBJ,"Yamaguchi Ube Airport (Ube, JP)",33.93,131.279007,1.0
TSJ,"Tsushima Airport (Tsushima, JP)",34.2849006653,129.330993652,1.0
MBE,"Monbetsu Airport (Monbetsu, JP)",44.303901672399995,143.404006958,1.0
AKJ,"Asahikawa Airport (Higashikagura, JP)",43.670799,142.447006,1.0
OIR,"Okushiri Airport (Okushiri Island, JP)",42.0717010498,139.432998657,1.0
RIS,"Rishiri Airport (Rishiri, JP)",45.2420005798,141.186004639,1.0
KUM,"Yakushima Airport (Yakushima, JP)",30.385599,130.658997,1.0
FUJ,"Fukue Airport (Goto, JP)",32.666302,128.832993,1.0
FUK,"Fukuoka Airport (Fukuoka, JP)",33.585899353027344,130.4510040283203,1.3
TNE,"New Tanegashima Airport (Tanegashima, JP)",30.605100631699997,130.990997314,1.0
KOJ,"Kagoshima Airport (Kagoshima, JP)",31.8034,130.718994,1.3
KMI,"Miyazaki Airport (Miyazaki, JP)",31.877199,131.449005,1.3
OIT,"Oita Airport (Oita, JP)",33.479400634799994,131.736999512,1.0
KKJ,"Kitakyushu Airport (Kitakyushu, JP)",33.845901,131.035004,1.3
HSG,"Kyushu Saga International Airport (Saga, JP)",33.1497,130.302002,1.3
KMJ,"Kumamoto Airport (Kumamoto, JP)",32.837299,130.854996,1.3
NGS,"Nagasaki Airport (Nagasaki, JP)",32.916901,129.914001,1.3
NGO,"Chubu Centrair International Airport (Tokoname, JP)",34.858398,136.804993,1.3
ASJ,"Amami Airport (Amami, JP)",28.430599212646484,129.71299743652344,1.0
OKE,"Okinoerabu Airport (Wadomari, JP)",27.431604,128.705564,1.0
KKX,"Kikai Airport (Kikai, JP)",28.321300506599997,129.927993774,1.0
TKN,"Tokunoshima Airport (Amagi, JP)",27.836382,128.881356,1.0
NKM,"Nagoya Airport / JASDF Komaki Air Base (Nagoya, JP)",35.255759,136.924095,1.0
FKJ,"Fukui Airport (Fukui, JP)",36.142799,136.223999,1.0
QGU,"Gifu Airport (Gifu, JP)",35.3941,136.869995,1.0
KMQ,"Komatsu Airport / JASDF Komatsu Air Base (Kanazawa, JP)",36.393407,136.406895,1.3
OKI,"Oki Global Geopark Airport (Okinoshima, JP)",36.178388,133.323566,1.0
FSZ,"Mount Fuji Shizuoka Airport (Makinohara / Shimada, JP)",34.795022,138.190976,1.3
TOY,"Toyama Kitokito Airport (Toyama, JP)",36.648416,137.187359,1.0
NTQ,"Noto Satoyama Airport (Wajima, JP)",37.293098,136.962006,1.0
HIJ,"Hiroshima Airport (Hiroshima, JP)",34.4361,132.919006,1.3
OKJ,"Okayama Momotaro Airport (Okayama, JP)",34.756901,133.854996,1.3
IZO,"Izumo Enmusubi Airport (Izumo, JP)",35.413601,132.889999,1.0
YGJ,"Yonago Kitaro Airport / JASDF Miho Air Base (Yonago, JP)",35.492199,133.235992,1.0
IWK,"Iwakuni Kintaikyo Airport (Iwakuni, JP)",34.146333,132.247238,1.0
KCZ,"Kochi Ryoma Airport (Nankoku, JP)",33.545217,133.670166,1.3
MYJ,"Matsuyama Airport (Matsuyama, JP)",33.826893,132.700114,1.3
ITM,"Osaka Itami International Airport (Osaka, JP)",34.780853,135.440829,1.3
TTJ,"Tottori Sand Dunes Conan Airport (Tottori, JP)",35.530058,134.165023,1.0
TKS,"Tokushima Awaodori Airport / JMSDF Tokushima Air Base (Tokushima, JP)",34.132559,134.607816,1.3
TAK,"Takamatsu Airport (Takamatsu, JP)",34.214963,134.015454,1.3
IWJ,"Iwami Airport (Masuda, JP)",34.676399231,131.789993286,1.0
AOJ,"Aomori Airport (Aomori, JP)",40.733777,140.689477,1.3
GAJ,"Yamagata Airport (Higashine, JP)",38.4119,140.371002,1.0
SDS,"Sado Airport (Sado, JP)",38.0601997375,138.414001465,1.0
FKS,"Fukushima Airport (Sukagawa, JP)",37.22740173339844,140.43099975585938,1.0
HHE,"JMSDF Hachinohe Air Base / Hachinohe Airport (Hachinohe, JP)",40.551181,141.465428,1.0
HNA,"Iwate Hanamaki Airport (Hanamaki, JP)",39.4286,141.134995,1.0
AXT,"Akita Airport (Akita, JP)",39.615601,140.218994,1.0
MSJ,"Misawa Airport / Misawa Air Base (Misawa, JP)",40.703201,141.367996,1.0
KIJ,"Niigata Airport (Niigata, JP)",37.954166,139.112189,1.3
ONJ,"Odate Noshiro Airport (Kitaakita, JP)",40.191898,140.371002,1.0
SDJ,"Sendai Airport (Natori, JP)",38.139702,140.917007,1.3
SYO,"Shonai Airport (Shonai, JP)",38.812199,139.787003,1.0
NJA,"JMSDF Atsugi Air Base / Naval Air Facility Atsugi (Ayase / Yamato, JP)",35.454601,139.449997,1.0
HAC,"Hachijojima Airport (Hachijojima, JP)",33.114843,139.785645,1.0
OIM,"Oshima Airport (Izu Oshima, JP)",34.782001495399996,139.36000061,1.0
MYE,"Miyakejima Airport (Miyakejima, JP)",34.073600769,139.559997559,1.0
HND,"Tokyo Haneda International Airport (Tokyo, JP)",35.549678,139.786958,1.3
OKO,"Yokota Air Base (Fussa, JP)",35.748501,139.348007,1.0
MWX,"Muan International Airport (Muan (Piseo-ri), KR)",34.991406,126.382814,1.3
KWJ,"Gwangju Airport (Gwangju, KR)",35.123173,126.805444,1.0
KUV,"Gunsan Airport / Gunsan Air Base (Gunsan, KR)",35.903801,126.615997,1.0
RSU,"Yeosu Airport (Yeosu, KR)",34.84230041503906,127.61699676513672,1.0
KAG,"Gangneung Airport (K-18) (Gangneung, KR)",37.753601,128.943915,1.0
WJU,"Wonju Airport / Hoengseong Air Base (K-38/K-46) (Wonju, KR)",37.437113,127.960051,1.0
YNY,"Yangyang International Airport (Gonghang-ro, KR)",38.060481,128.669822,1.3
CJU,"Jeju International Airport (Jeju City, KR)",33.512058,126.492548,1.3
JDG,"Jeongseok Airport (Jeju Island, KR)",33.3996009827,126.711997986,1.0
PUS,"Gimhae International Airport (Busan, KR)",35.179501,128.938004,1.3
HIN,"Sacheon Airport / Sacheon Air Base (Sacheon, KR)",35.088591,128.071747,1.0
USN,"Ulsan Airport (Ulsan, KR)",35.59349823,129.352005005,1.0
ICN,"Incheon International Airport (Seoul, KR)",37.469101,126.450996,1.3
SSN,"Seoul Air Base (K-16) (Seongnam, KR)",37.444744,127.112718,1.0
OSN,"Osan Air Base (Pyeongtaek, KR)",37.091457,127.029448,1.0
GMP,"Gimpo International Airport (Seoul, KR)",37.5583,126.791,1.3
SWU,"Suwon Airport (Suwon, KR)",37.239399,127.007004,1.0
KPO,"Pohang Airport (G-815/K-3) (Pohang, KR)",35.987955,129.420383,1.0
JWO,"Jungwon Air Base/Chungju Airport (Gimseang-ro, KR)",37.03024,127.886353,1.0
TAE,"Daegu International Airport (Daegu, KR)",35.894394,128.656989,1.3
CJJ,"Cheongju International Airport/Cheongju Air Base (K-59/G-513) (Cheongju, KR)",36.71556,127.500289,1.3
YEC,"Yecheon Airbase (Yecheon-ri, KR)",36.630373,128.34971,1.0
OKA,"Naha International Airport (Naha, JP)",26.192437,127.639804,1.3
DNA,"Kadena Air Base (Okinawa, JP)",26.351667,127.769444,1.3
ISG,"New Ishigaki Airport (Ishigaki, JP)",24.396389,124.245,1.0
UEO,"Kumejima Airport (Kumejima, JP)",26.363445,126.71384,1.0
MMD,"Minamidaito Airport (Minamidaito, JP)",25.8465,131.263,1.0
MMY,"Miyako Airport (Miyakojima, JP)",24.782801,125.294998,1.0
IEJ,"Iejima Airport (Ie, JP)",26.722537,127.786801,1.0
KTD,"Kitadaito Airport (Kitadaitōjima, JP)",25.9447002411,131.32699585,1.0
SHI,"Shimojishima Airport (Miyakojima, JP)",24.8267,125.144997,1.0
TRA,"Tarama Airport (Tarama, JP)",24.653793,124.675453,1.0
RNJ,"Yoron Airport (Yoron, JP)",27.043847,128.401648,1.0
OGN,"Yonaguni Airport (Yonaguni, JP)",24.467298,122.979827,1.0
SFS,"Subic Bay International Airport / Naval Air Station Cubi Point (Olongapo, PH)",14.794833,120.271883,1.3
CRK,"Clark International Airport / Clark Air Base (Mabalacat, PH)",15.186,120.559998,1.3
LLC,"Cagayan North International Airport (Lal-lo, PH)",18.182388,121.746223,1.0
LAO,"Laoag International Airport (Laoag City, PH)",18.175089,120.531006,1.3
DRP,"Bicol International Airport (Legazpi, PH)",13.111915,123.676829,1.3
MNL,"Ninoy Aquino International Airport (Manila (Pasay), PH)",14.5086,121.019997,1.3
SGL,"Danilo Atienza Air Base (Cavite, PH)",14.4954,120.903999,1.0
LBX,"Lubang Airport (Lubang, PH)",13.8554,120.105003,1.0
AAV,"Allah Valley Airport (Surallah, PH)",6.367903,124.752431,1.0
CBO,"Cotabato (Awang) Airport (Datu Odin Sinsuat, PH)",7.164753,124.209938,1.0
DVO,"Francisco Bangoy International Airport (Davao, PH)",7.12552,125.646004,1.3
BXU,"Bancasi Airport (Butuan, PH)",8.9515,125.4788,1.0
BPH,"Bislig Airport (Bislig, PH)",8.195052,126.321015,1.0
DPL,"Dipolog Airport (Dipolog, PH)",8.601983,123.341875,1.0
CGM,"Camiguin Airport (Mambajao, PH)",9.253894,124.709115,1.0
JOL,"Jolo Airport (Jolo, PH)",6.05367,121.011002,1.0
TWT,"Sanga Sanga Airport (Bongao, PH)",5.048196,119.743338,1.0
OZC,"Labo Airport (Ozamiz, PH)",8.17851,123.842003,1.0
PAG,"Pagadian Airport (Pagadian, PH)",7.825632,123.459635,1.0
MXI,"Mati National Airport (Mati, PH)",6.949091,126.27368,1.0
GES,"General Santos International Airport (General Santos, PH)",6.057208,125.096243,1.3
SUG,"Surigao Airport (Surigao City, PH)",9.755838325629998,125.480947495,1.0
TDG,"Tandag Airport (Tandag, PH)",9.072002,126.17132,1.0
CGY,"Laguindingan International Airport (Laguindingan, PH)",8.612203,124.456496,1.3
ZAM,"Zamboanga International Airport (Zamboanga, PH)",6.92242,122.059998,1.3
TAG,"Bohol-Panglao International Airport (Panglao, PH)",9.573045,123.770143,1.3
BAG,"Loakan Airport (Baguio, PH)",16.375034,120.619949,1.0
DTE,"Daet Airport (Daet, PH)",14.1292,122.980003,1.0
SJI,"San Jose Airport (San Jose, PH)",12.361499786399998,121.04699707,1.0
MBO,"Mamburao Airport (Mamburao, PH)",13.208048,120.605457,1.0
WNP,"Naga Airport (Naga, PH)",13.58489990234375,123.2699966430664,1.0
BSO,"Basco Airport (Basco, PH)",20.4513,121.980003,1.0
BQA,"Dr. Juan C. Angara Airport (Baler, PH)",15.729309,121.500034,1.0
SFE,"San Fernando Airport (San Fernando, PH)",16.5956,120.303001,1.0
TUG,"Tuguegarao Airport (Tuguegarao City, PH)",17.6433676823,121.733150482,1.0
VRC,"Virac Airport (Virac, PH)",13.576399803161621,124.20600128173828,1.0
MRQ,"Marinduque Airport (Gasan, PH)",13.361000061035156,121.82599639892578,1.0
CYZ,"Cauayan Airport (Cauayan City, PH)",16.9298992157,121.752998352,1.0
TAC,"Daniel Z. Romualdez Airport (Tacloban City, PH)",11.227761,125.027783,1.0
BCD,"Bacolod-Silay International Airport (Bacolod City, PH)",10.776237,123.018879,1.3
CYP,"Calbayog Airport (Calbayog City, PH)",12.072574,124.54508,1.0
DGT,"Sibulan Airport (Dumaguete City, PH)",9.334183,123.30191,1.0
MPH,"Godofredo P. Ramos Airport (Caticlan, PH)",11.9245,121.954002,1.0
CRM,"Catarman National Airport (Catarman, PH)",12.50161,124.635258,1.0
ILO,"Iloilo International Airport (Cabatuan, PH)",10.833017,122.493358,1.3
MBT,"Moises R. Espinosa Airport (Masbate, PH)",12.369682,123.630095,1.0
KLO,"Kalibo International Airport (Kalibo, PH)",11.6794,122.375999,1.3
CEB,"Mactan Cebu International Airport (Cebu City/Lapu-Lapu City, PH)",10.309261,123.97974,1.3
OMC,"Ormoc Airport (Ormoc City, PH)",11.057715,124.565622,1.0
PPS,"Puerto Princesa International Airport / PAF Antonio Bautista Air Base (Puerto Princesa, PH)",9.742044,118.75911,1.3
RXS,"Roxas Airport (Roxas City, PH)",11.597700119018555,122.75199890136719,1.0
EUQ,"Evelio Javier Airport (San Jose, PH)",10.766644,121.932506,1.0
TBH,"Tugdan Airport (Tablas Island, PH)",12.3109998703,122.084999084,1.0
USU,"Francisco B. Reyes (Busuanga) Airport (Coron, PH)",12.121865,120.100801,1.0
RSI,"Red Sea International Airport (Hanak, SA)",25.627975,37.088914,1.3
NOI,"Krymsk Air Base (Krymsk, RU)",44.962905,37.999071,1.0
VLU,"Velikiye Luki Airport (Velikiye Luki, RU)",56.381066,30.607846,1.0
LNX,"Smolensk North Airport (Smolensk, RU)",54.824,32.025,1.0
EIK,"Yeysk Airport (Yeysk, RU)",46.68,38.21,1.0
COC,"Comodoro Pierrestegui Airport (Concordia, AR)",-31.2969,-57.9966,1.0
GHU,"Gualeguaychu Airport (Gualeguaychu, AR)",-33.005567,-58.612833,1.0
PRA,"General Urquiza Airport (Parana, AR)",-31.7948,-60.4804,1.0
ROS,"Rosario Islas Malvinas International Airport (Rosario, AR)",-32.9036,-60.785,1.3
SFN,"Sauce Viejo Airport (Santa Fe, AR)",-31.7117,-60.8117,1.0
AEP,"Aeroparque Jorge Newbery (Buenos Aires, AR)",-34.559419,-58.415536,1.3
COR,"Ingeniero Aeronáutico Ambrosio L.V. Taravella International Airport (Cordoba, AR)",-31.312346,-64.208329,1.3
LPG,"La Plata Airport (La Plata, AR)",-34.9722,-57.8947,1.0
EPA,"El Palomar Airport (El Palomar, AR)",-34.6099,-58.6126,1.0
EZE,"Ezeiza International Airport - Ministro Pistarini (Buenos Aires (Ezeiza), AR)",-34.8222,-58.5358,1.3
RDS,"Rincon De Los Sauces Airport (Rincon de los Sauces, AR)",-37.390598,-68.904198,1.0
APZ,"Zapala Airport (Zapala, AR)",-38.975498,-70.113602,1.0
MDZ,"Governor Francisco Gabrielli International Airport (Mendoza, AR)",-32.831699,-68.7929,1.3
LGS,"Comodoro D.R. Salomón Airport (Malargue, AR)",-35.493599,-69.574303,1.0
AFA,"Suboficial Ay Santiago Germano Airport (San Rafael, AR)",-34.588299,-68.4039,1.0
CTC,"Coronel Felipe Varela International Airport (Catamarca, AR)",-28.593117,-65.7512,1.0
SDE,"Vicecomodoro Angel D. La Paz Aragonés Airport (Santiago del Estero, AR)",-27.765556335399996,-64.3099975586,1.0
IRJ,"Capitan V A Almonacid Airport (La Rioja, AR)",-29.381599,-66.795799,1.0
RHD,"Termas de Río Hondo international Airport (Termas de Río Hondo, AR)",-27.4966,-64.93595,1.0
TUC,"Teniente Benjamín Matienzo International Airport (San Miguel de Tucumán, AR)",-26.837397,-65.104195,1.3
UAQ,"Domingo Faustino Sarmiento Airport (San Juan, AR)",-31.571501,-68.418198,1.0
RCU,"Area De Material Airport (Rio Cuarto, AR)",-33.085098,-64.261299,1.0
VDR,"Villa Dolores Airport (Villa Dolores, AR)",-31.9452,-65.146301,1.0
VME,"Villa Reynolds Airport (Villa Mercedes, AR)",-33.7299003601,-65.3873977661,1.0
LUQ,"Brigadier Mayor D Cesar Raul Ojeda Airport (San Luis, AR)",-33.273201,-66.3564,1.0
CNQ,"Corrientes Airport (Corrientes, AR)",-27.4455,-58.7619,1.0
RES,"Resistencia International Airport (Resistencia, AR)",-27.44991,-59.056125,1.3
FMA,"Formosa National Airport (Formosa, AR)",-26.2127,-58.2281,1.0
IGR,"Cataratas Del Iguazú International Airport (Puerto Iguazu, AR)",-25.737301,-54.4734,1.0
AOL,"Paso De Los Libres Airport (Paso de los Libres, AR)",-29.6894,-57.1521,1.0
MCS,"Monte Caseros Airport (Monte Caseros, AR)",-30.2719,-57.6402,1.0
PSS,"Libertador Gral D Jose De San Martin Airport (Posadas, AR)",-27.3858,-55.9707,1.0
SLA,"Martín Miguel de Güemes International Airport (Salta, AR)",-24.856001,-65.486198,1.3
JUJ,"Gobernador Horacio Guzman International Airport (San Salvador de Jujuy, AR)",-24.392799,-65.097801,1.3
ORA,"Orán Airport (Orán, AR)",-23.1528,-64.329201,1.0
TTG,"General Enrique Mosconi Airport (Tartagal, AR)",-22.616877,-63.793015,1.0
OYA,"Goya Airport (Goya, AR)",-29.1058,-59.2189,1.0
RCQ,"Reconquista Airport (Reconquista, AR)",-29.210278,-59.683333,1.0
UZU,"Curuzu Cuatia Airport (Curuzu Cuatia, AR)",-29.7706,-57.9789,1.0
EHL,"El Bolsón Airfield (El Bolsón, AR)",-41.943199,-71.532303,1.0
CRD,"General Enrique Mosconi International Airport (Comodoro Rivadavia, AR)",-45.786941,-67.463355,1.3
EQS,"Esquel Brigadier Antonio Parodi International Airport (Esquel, AR)",-42.908001,-71.139503,1.0
LHS,"Las Heras Airport (Las Heras, AR)",-46.538517,-68.965323,1.0
REL,"Almirante Marco Andres Zar Airport (Rawson, AR)",-43.2105,-65.2703,1.0
VDM,"Gobernador Castello Airport (Viedma / Carmen de Patagones, AR)",-40.8692,-63.0004,1.0
PMY,"El Tehuelche Airport (Puerto Madryn, AR)",-42.7592,-65.1027,1.0
FTE,"El Calafate - Commander Armando Tola International Airport (El Calafate, AR)",-50.281997,-72.053949,1.3
PUD,"Puerto Deseado Airport (Puerto Deseado, AR)",-47.7353,-65.9041,1.0
RGA,"Gobernador Ramón Trejo Noel International Airport (Rio Grande, AR)",-53.7777,-67.7494,1.0
RGL,"Piloto Civil Norberto Fernández International Airport (Rio Gallegos, AR)",-51.608791,-69.308948,1.3
USH,"Ushuaia - Malvinas Argentinas International Airport (Ushuaia, AR)",-54.8433,-68.2958,1.0
ULA,"Capitan D Daniel Vazquez Airport (San Julian, AR)",-49.306816,-67.802596,1.0
PMQ,"Perito Moreno Jalil Hamer Airport (Perito Moreno, AR)",-46.537899,-70.978699,1.0
RZA,"Santa Cruz Airport (Puerto Santa Cruz, AR)",-50.0165,-68.5792,1.0
BHI,"Comandante Espora Airport (Bahía Blanca, AR)",-38.725,-62.1693,1.0
GPO,"General Pico Airport (General Pico, AR)",-35.696201,-63.758301,1.0
OYO,"Tres Arroyos Airport (Tres Arroyos, AR)",-38.3869,-60.3297,1.0
SST,"Santa Teresita Airport (Santa Teresita, AR)",-36.5423,-56.7218,1.0
MDQ,"Ástor Piazzola International Airport (Mar del Plata, AR)",-37.9342,-57.5733,1.0
NQN,"Presidente Perón International Airport (Neuquén, AR)",-38.949001,-68.155701,1.3
NEC,"Necochea Airport (Necochea, AR)",-38.490746,-58.816337,1.0
PEH,"Comodoro Pedro Zanni Airport (Pehuajó, AR)",-35.8446,-61.8576,1.0
RSA,"Santa Rosa Airport (Santa Rosa, AR)",-36.588299,-64.275703,1.0
BRC,"Teniente Luis Candelaria International Airport (San Carlos de Bariloche, AR)",-41.151199,-71.157501,1.3
TDL,"Héroes de Malvinas Airport (Tandil, AR)",-37.234634,-59.228647,1.0
VLG,"Villa Gesell Airport (Villa Gesell, AR)",-37.2354,-57.0292,1.0
CUT,"Cutral-Co Airport (Cutral-Co, AR)",-38.939701,-69.264603,1.0
CPC,"Aviador C. Campos Airport (Chapelco/San Martin de los Andes, AR)",-40.075401,-71.137299,1.0
CDJ,"Conceição do Araguaia Airport (Conceição do Araguaia, BR)",-8.34835,-49.301498,1.0
ARX,"Aracati Dragão do Mar Regional Airport (Aracati, BR)",-4.568896,-37.805135,1.0
JTC,"Bauru/Arealva–Moussa Nakhal Tobias State Airport (Bauru, BR)",-22.160755,-49.070325,1.0
AQA,"Araraquara Airport (Araraquara, BR)",-21.812,-48.132999,1.0
AJU,"Aracaju - Santa Maria Airport (Aracaju, BR)",-10.98394,-37.072873,1.0
AFL,"Piloto Osvaldo Marques Dias Airport (Alta Floresta, BR)",-9.866389,-56.106298,1.0
ARU,"Araçatuba Airport (Araçatuba, BR)",-21.141479,-50.424575,1.0
AAX,"Romeu Zema Airport (Araxá, BR)",-19.5632,-46.9604,1.0
BEL,"Val de Cans/Júlio Cezar Ribeiro International Airport (Belém, BR)",-1.379279,-48.476207,1.3
BGX,"Comandante Gustavo Kraemer Airport (Bagé, BR)",-31.390499,-54.112202,1.0
PLU,"Pampulha - Carlos Drummond de Andrade Airport (Belo Horizonte, BR)",-19.85074,-43.950316,1.0
BFH,"Bacacheri Airport (Curitiba, BR)",-25.4051,-49.231998,1.0
BSB,"Presidente Juscelino Kubitschek International Airport (Brasília, BR)",-15.869167,-47.920834,1.3
BAT,"Chafei Amsei Airport (Barretos, BR)",-20.584631,-48.594125,1.0
BVB,"Atlas Brasil Cantanhede International Airport (Boa Vista, BR)",2.84615,-60.690648,1.3
BPG,"Barra do Garças Airport (Barra do Garças, BR)",-15.861417,-52.389008,1.0
BZC,"Umberto Modiano Airport (Cabo Frio, BR)",-22.770881,-41.96308,1.0
CAC,"Coronel Adalberto Mendes da Silva Airport (Cascavel, BR)",-25.000323,-53.501208,1.0
CNF,"Tancredo Neves International Airport (Belo Horizonte, BR)",-19.63571,-43.966928,1.3
CGR,"Campo Grande Airport (Campo Grande, BR)",-20.469998,-54.673988,1.0
XAP,"Serafin Enoss Bertaso Airport (Chapecó, BR)",-27.134199,-52.656601,1.0
CLN,"Brig. Lysias Augusto Rodrigues Airport (Carolina, BR)",-7.32044,-47.458698,1.0
CKS,"Carajás Airport (Parauapebas, BR)",-6.117841,-50.003372,1.0
CCM,"Forquilhinha - Criciúma  Airport (Criciúma, BR)",-28.725743,-49.424475,1.0
QNS,"Canoas Air Force Base (Porto Alegre, BR)",-29.945928,-51.144413,1.0
CAW,"Bartolomeu Lisandro Airport (Campos dos Goytacazes, BR)",-21.698299,-41.301701,1.0
CMG,"Corumbá International Airport (Corumbá, BR)",-19.01193,-57.672772,1.0
CWB,"Curitiba-Afonso Pena International Airport (Curitiba, BR)",-25.5285,-49.1758,1.3
CRQ,"Caravelas Airport (Caravelas, BR)",-17.6523,-39.253101,1.0
CXJ,"Hugo Cantergiani Regional Airport (Caxias Do Sul, BR)",-29.197183,-51.187647,1.0
CGB,"Várzea Grande–Marechal Rondon International Airport (Cuiabá, BR)",-15.6529,-56.116699,1.3
CZS,"Cruzeiro do Sul Airport (Cruzeiro Do Sul, BR)",-7.59991,-72.769501,1.0
PPB,"Presidente Prudente Airport (Presidente Prudente, BR)",-22.1751,-51.424599,1.0
MAO,"Eduardo Gomes International Airport (Manaus, BR)",-3.03861,-60.049702,1.3
JCR,"Jacareacanga Airport (Jacareacanga, BR)",-6.23316,-57.776901,1.0
IGU,"Cataratas International Airport (Foz do Iguaçu, BR)",-25.594167,-54.489444,1.3
FLN,"Hercílio Luz International Airport (Florianópolis, BR)",-27.670279,-48.552502,1.3
FEN,"Fernando de Noronha Airport (Fernando de Noronha, BR)",-3.854534,-32.423017,1.0
FOR,"Pinto Martins International Airport (Fortaleza, BR)",-3.775833,-38.532222,1.3
GIG,"Rio Galeão – Tom Jobim International Airport (Rio De Janeiro, BR)",-22.809999,-43.250557,1.3
GJM,"Guajará-Mirim Airport (Guajará-Mirim, BR)",-10.78641,-65.28486,1.0
GYN,"Santa Genoveva International Airport (Goiânia, BR)",-16.632,-49.220699,1.3
GRU,"São Paulo/Guarulhos–Governor André Franco Montoro International Airport (São Paulo, BR)",-23.431274,-46.469954,1.3
GVR,"Coronel Altino Machado Airport (Governador Valadares, BR)",-18.895882,-41.982869,1.0
GUJ,"Edu Chaves Field (Guaratinguetá, BR)",-22.791599,-45.2048,1.0
ATM,"Altamira Interstate Airport (Altamira, BR)",-3.253144,-52.253938,1.0
ITA,"Itacoatiara Airport (Itacoatiara, BR)",-3.126539,-58.481668,1.0
ITB,"Itaituba Airport (Itaituba, BR)",-4.242131,-56.000651,1.0
IOS,"Bahia - Jorge Amado Airport (Ilhéus, BR)",-14.815929,-39.033458,1.0
IPN,"Usiminas Airport (Ipatinga, BR)",-19.470699,-42.487598,1.0
IMP,"Prefeito Renato Moreira Airport (Imperatriz, BR)",-5.53129,-47.459999,1.0
JJD,"Comandante Ariston Pessoa Airport (Cruz, BR)",-2.906425,-40.357338,1.0
JDF,"Francisco de Assis Airport (Juiz de Fora, BR)",-21.791482,-43.386072,1.0
JHF,"São Paulo Catarina Executive Airport (São Roque, BR)",-23.426886,-47.165658,1.0
JPA,"Presidente Castro Pinto International Airport (João Pessoa, BR)",-7.148691,-34.950554,1.3
RRJ,"Jacarepaguá - Roberto Marinho Airport (Rio de Janeiro, BR)",-22.986773,-43.372194,1.0
JOI,"Lauro Carneiro de Loyola Airport (Joinville, BR)",-26.224501,-48.797401,1.0
CPV,"Presidente João Suassuna Airport (Campina Grande, BR)",-7.269662,-35.896057,1.0
VCP,"Viracopos International Airport (Campinas, BR)",-23.007404,-47.134502,1.3
LAJ,"Lages Airport (Lages, BR)",-27.782101,-50.281502,1.0
LIP,"Lins Airport (Lins, BR)",-21.663491,-49.729954,1.0
LDB,"Governor José Richa Airport (Londrina, BR)",-23.334375,-51.128365,1.0
LAZ,"Bom Jesus da Lapa Airport (Bom Jesus da Lapa, BR)",-13.2621,-43.4081,1.0
MAB,"João Correa da Rocha Airport (Marabá, BR)",-5.36859,-49.138,1.0
MQH,"Minaçu Airport (Minaçu, BR)",-13.5491,-48.195301,1.0
MEU,"Monte Dourado - Serra do Areão Airport (Almeirim, BR)",-0.889839,-52.6022,1.0
MEA,"Macaé Benedito Lacerda Airport (Macaé, BR)",-22.343,-41.765999,1.0
MGF,"Regional de Maringá - Sílvio Name Júnior Airport (Maringá, BR)",-23.47606,-52.016187,1.0
MOC,"Mário Ribeiro Airport (Montes Claros, BR)",-16.706919,-43.818901,1.0
MII,"Frank Miloye Milenkowichi–Marília State Airport (Marília, BR)",-22.196899,-49.926485,1.0
PLL,"Ponta Pelada Airport / Manaus Air Base (Manaus, BR)",-3.14604,-59.986301,1.0
MCZ,"Zumbi dos Palmares International Airport (Maceió, BR)",-9.512559,-35.791839,1.3
MCP,"Macapá - Alberto Alcolumbre International Airport (Macapá, BR)",0.050664,-51.072201,1.0
MVF,"Dix-Sept Rosado Airport (Mossoró, BR)",-5.20192,-37.3643,1.0
RTE,"Campo de Marte Airport (São Paulo, BR)",-23.5091,-46.637798,1.0
MNX,"Manicoré Airport (Manicoré, BR)",-5.81138,-61.278301,1.0
NVT,"Ministro Victor Konder International Airport (Navegantes, BR)",-26.879431,-48.650979,1.3
GEL,"Santo Ângelo Airport (Santo Ângelo, BR)",-28.282503,-54.169623,1.0
OYK,"Oiapoque Airport (Oiapoque, BR)",3.85412,-51.797056,1.0
POA,"Porto Alegre-Salgado Filho International Airport (Porto Alegre, BR)",-29.993984,-51.167482,1.3
PHB,"Parnaíba - Prefeito Doutor João Silva Filho International Airport (Parnaíba, BR)",-2.89375,-41.731998,1.0
POO,"Poços de Caldas - Embaixador Walther Moreira Salles Airport (Poços De Caldas, BR)",-21.842529,-46.569768,1.0
PFB,"Lauro Kurtz Airport (Passo Fundo, BR)",-28.243976,-52.32777,1.0
PGZ,"Ponta Grossa Airport - Comandante Antonio Amilton Beraldo (Ponta Grossa, BR)",-25.184476,-50.143822,1.0
PMW,"Brigadeiro Lysias Rodrigues Airport (Palmas, BR)",-10.2915,-48.356998,1.0
PET,"João Simões Lopes Neto International Airport (Pelotas, BR)",-31.717189,-52.327796,1.0
PNZ,"Senador Nilo Coelho Airport (Petrolina, BR)",-9.362422,-40.569098,1.0
PNB,"Porto Nacional Airport (Porto Nacional, BR)",-10.719402,-48.3997,1.0
PMG,"Ponta Porã Airport (Ponta Porã, BR)",-22.549601,-55.702599,1.0
BPS,"Porto Seguro International Airport (Porto Seguro, BR)",-16.438426,-39.080584,1.3
PVH,"Governador Jorge Teixeira de Oliveira International Airport (Porto Velho, BR)",-8.708491,-63.902338,1.3
RBR,"Rio Branco-Plácido de Castro International Airport (Rio Branco, BR)",-9.869031,-67.893984,1.3
ROO,"Maestro Marinho Franco Airport (Rondonópolis, BR)",-16.584292,-54.724803,1.0
REC,"Recife/Guararapes - Gilberto Freyre International Airport (Recife, BR)",-8.12747,-34.922961,1.3
SDU,"Santos Dumont Airport (Rio de Janeiro, BR)",-22.910397,-43.16282,1.3
RAO,"Leite Lopes Airport (Ribeirão Preto, BR)",-21.134314,-47.774053,1.0
SNZ,"Santa Cruz Air Force Base (Rio de Janeiro, BR)",-22.9324,-43.719101,1.0
NAT,"Rio Grande do Norte/São Gonçalo do Amarante–Governador Aluízio Alves International Airport (Natal, BR)",-5.769822,-35.36661,1.3
SJK,"Professor Urbano Ernesto Stumpf Airport (São José Dos Campos, BR)",-23.2292,-45.8615,1.0
SLZ,"Marechal Cunha Machado International Airport (São Luís, BR)",-2.586386,-44.235008,1.3
RIA,"Santa Maria Airport (Santa Maria, BR)",-29.711399,-53.688202,1.0
STM,"Santarém - Maestro Wilson Fonseca International Airport (Santarém, BR)",-2.422423,-54.79306,1.0
CGH,"Congonhas–Deputado Freitas Nobre Airport (São Paulo, BR)",-23.627657,-46.654601,1.3
SJP,"Prof. Eribelto Manoel Reino State Airport (São José do Rio Preto, BR)",-20.817113,-49.406963,1.0
SSZ,"Santos Nero Moura Air Base / Guarujá Airport (Guarujá, BR)",-23.928192,-46.300195,1.0
SSA,"Deputado Luiz Eduardo Magalhães International Airport (Salvador, BR)",-12.908611,-38.322498,1.3
TMT,"Trombetas Airport (Oriximiná, BR)",-1.4896,-56.396801,1.0
THE,"Senador Petrônio Portela Airport (Teresina, BR)",-5.06025,-42.823712,1.0
TFF,"Tefé Airport (Tefé, BR)",-3.38294,-64.724098,1.0
TRQ,"Tarauacá Airport (Tarauacá, BR)",-8.155534,-70.782985,1.0
TEC,"Telêmaco Borba Airport (Telêmaco Borba, BR)",-24.317801,-50.6516,1.0
TBT,"Tabatinga International Airport (Tabatinga, BR)",-4.25567,-69.935799,1.0
TUR,"Tucuruí Airport (Tucuruí, BR)",-3.78601,-49.720299,1.0
SJL,"São Gabriel da Cachoeira Airport (São Gabriel da Cachoeira, BR)",-0.14835,-66.9855,1.0
PAV,"Paulo Afonso Airport (Paulo Afonso, BR)",-9.40088,-38.250599,1.0
URG,"Rubem Berta Airport (Uruguaiana, BR)",-29.7822,-57.0382,1.0
UDI,"Ten. Cel. Aviador César Bombonato Airport (Uberlândia, BR)",-18.883579,-48.225936,1.0
UBA,"Mário de Almeida Franco Airport (Uberaba, BR)",-19.765036,-47.964805,1.0
VAG,"Major Brigadeiro Trompowsky Airport (Varginha, BR)",-21.591375,-45.474116,1.0
BVH,"Brigadeiro Camarão Airport (Vilhena, BR)",-12.6944,-60.098301,1.0
VIX,"Eurico de Aguiar Salles International Airport (Vitória, BR)",-20.258,-40.285,1.3
IZA,"Presidente Itamar Franco Airport (Juiz de Fora, BR)",-21.513086,-43.173069,1.0
ARI,"Chacalluta International Airport (Arica, CL)",-18.348499,-70.338699,1.0
CPO,"Desierto de Atacama Airport (Copiapo, CL)",-27.2612,-70.779198,1.0
BBA,"Balmaceda Airport (Balmaceda, CL)",-45.915968,-71.689499,1.0
TOQ,"Barriles Airport (Tocopilla, CL)",-22.1411,-70.062897,1.0
CCH,"Chile Chico Airport (Chile Chico, CL)",-46.5831,-71.686323,1.0
CJC,"El Loa Airport (Calama, CL)",-22.498199,-68.903603,1.0
YAI,"Gral. Bernardo O´Higgins Airport (Chillan, CL)",-36.5825,-72.031403,1.0
PUQ,"President Carlos Ibáñez International Airport (Punta Arenas, CL)",-53.002602,-70.854599,1.3
GXQ,"Teniente Vidal Airport (Coyhaique, CL)",-45.5942,-72.106102,1.0
IQQ,"Diego Aracena International Airport (Iquique, CL)",-20.536273,-70.181373,1.3
SCL,"Comodoro Arturo Merino Benítez International Airport (Santiago, CL)",-33.393001556396484,-70.78579711914062,1.3
ESR,"Ricardo García Posada Airport (El Salvador, CL)",-26.3111,-69.765198,1.0
ANF,"Andrés Sabella Gálvez International Airport (Antofagasta, CL)",-23.445274,-70.445232,1.3
WPR,"Captain Fuentes Martinez Airport (Porvenir, CL)",-53.2537,-70.319199,1.0
WPU,"Guardia Marina Zañartu Airport (Puerto Williams, CL)",-54.931099,-67.626297,1.0
LGR,"Cochrane Airport (Cochrane, CL)",-47.243591,-72.58815,1.0
CCP,"Carriel Sur International Airport (Concepcion, CL)",-36.77235,-73.062828,1.3
IPC,"Mataveri International Airport (Isla De Pascua, CL)",-27.165411,-109.421027,1.3
ZOS,"Cañal Bajo Carlos Hott Siebert Airport (Osorno, CL)",-40.611198,-73.060997,1.0
VLR,"Vallenar Airport (Vallenar, CL)",-28.596399,-70.755997,1.0
PNT,"Lieutenant Julio Gallardo Airport (Puerto Natales, CL)",-51.67067,-72.529078,1.0
ZCO,"La Araucanía International Airport (Temuco, CL)",-38.9259,-72.6515,1.3
CNR,"Chañaral Airport (Chañaral, CL)",-26.3325,-70.6073,1.0
LSC,"La Florida Airport (La Serena-Coquimbo, CL)",-29.916201,-71.199501,1.0
PZS,"Maquehue Airport (Temuco, CL)",-38.766799926758,-72.637100219727,1.0
PMC,"El Tepual International Airport (Puerto Montt, CL)",-41.443093,-73.094065,1.3
TLX,"Panguilemo Airport (Talca, CL)",-35.3778,-71.6017,1.0
WCH,"Nuevo Chaitén Airport (Chaitén, CL)",-42.781943,-72.834999,1.0
ZIC,"Victoria Airport (Victoria, CL)",-38.245602,-72.348602,1.0
TTC,"Las Breas Airport (Taltal, CL)",-25.564301,-70.3759,1.0
ZAL,"Pichoy Airport (Valdivia, CL)",-39.6500015259,-73.0860977173,1.0
KNA,"Viña del Mar Airport (Viña del Mar, CL)",-32.9496,-71.4786,1.0
FEC,"João Durval Carneiro Airport (Feira de Santana, BR)",-12.200694,-38.906164,1.0
ATF,"Chachoán Regional Airport (Ambato, EC)",-1.21207,-78.5746,1.0
OCC,"Francisco De Orellana Airport (Coca, EC)",-0.462886,-76.986801,1.0
CUE,"Mariscal Lamar Airport (Cuenca, EC)",-2.88947,-78.984398,1.0
GPS,"Seymour Galapagos Ecological Airport (Isla Baltra, EC)",-0.453758,-90.2659,1.0
GYE,"José Joaquín de Olmedo International Airport (Guayaquil, EC)",-2.15742,-79.883598,1.3
TNW,"Jumandy Airport (Ahuano, EC)",-1.060185,-77.580525,1.0
LTX,"Cotopaxi International Airport (Latacunga, EC)",-0.906833,-78.615799,1.0
MRR,"Jose Maria Velasco Ibarra Airport (Macará, EC)",-4.37823009491,-79.94100189210002,1.0
XMS,"Coronel E Carvajal Airport (Macas, EC)",-2.2991700172424316,-78.12079620361328,1.0
MEC,"Eloy Alfaro International Airport (Manta, EC)",-0.9460780024528503,-80.67880249023438,1.0
PVO,"Reales Tamarindos Airport (Portoviejo, EC)",-1.04165,-80.472198,1.0
UIO,"Mariscal Sucre International Airport (Quito, EC)",-0.125399,-78.354306,1.3
ETR,"Santa Rosa - Artillery Colonel Victor Larrea International Airport (Santa Rosa, EC)",-3.441986,-79.996957,1.0
SNC,"General Ulpiano Paez International Airport (Salinas/La Libertad, EC)",-2.210057,-80.985067,1.3
ESM,"Carlos Concha Torres International Airport (Tachina, EC)",0.978519,-79.626602,1.3
TPC,"Tarapoa Airport (Tarapoa, EC)",-0.122956,-76.337799,1.0
TUA,"Lieutenant Colonel Luis A. Mantilla International Airport (Tulcán, EC)",0.809506,-77.708099,1.0
ASU,"Silvio Pettirossi International Airport (Asunción, PY)",-25.240156,-57.519227,1.3
AYO,"Aeropuerto Nacional Juan de Ayolas (Ayolas, PY)",-27.378379,-56.856791,1.0
CIO,"Lieutenant Colonel Carmelo Peralta National Airport (Concepción, PY)",-23.441609,-57.427039,1.0
ENO,"Teniente Ramon A. Ayub Gonzalez International Airport (Encarnación, PY)",-27.227537,-55.837584,1.3
AGT,"Guaraní International Airport (Ciudad del Este, PY)",-25.457186,-54.839544,1.3
ESG,"Dr. Luis María Argaña International Airport (Mariscal Estigarribia, PY)",-22.046499,-60.6217,1.0
PIL,"Aeródromo Don Carlos Miguel Gimenez (Pilar, PY)",-26.881981,-58.319067,1.0
PJC,"Aeropuerto Nacional Dr. Augusto Roberto Fuster (Pedro Juan Caballero, PY)",-22.641427,-55.829993,1.0
API,"Gomez Nino Apiay Air Base (Apiay, CO)",4.07607,-73.5627,1.0
AXM,"El Eden Airport (Armenia, CO)",4.45278,-75.7664,1.0
PUU,"Tres De Mayo Airport (Puerto Asís, CO)",0.505228,-76.5008,1.0
ELB,"Las Flores Airport (El Banco, CO)",9.04554,-73.9749,1.0
BGA,"Palonegro Airport (Bucaramanga, CO)",7.1265,-73.1848,1.0
BOG,"El Dorado International Airport (Bogota, CO)",4.70159,-74.1469,1.3
BAQ,"Ernesto Cortissoz International Airport (Barranquilla, CO)",10.8896,-74.7808,1.3
BSC,"José Celestino Mutis Airport (Bahía Solano, CO)",6.20292,-77.3947,1.0
BUN,"Gerardo Tobar López Airport (Buenaventura, CO)",3.81963,-76.9898,1.0
CUC,"Camilo Daza International Airport (Cúcuta, CO)",7.92757,-72.5115,1.0
CTG,"Rafael Nuñez International Airport (Cartagena, CO)",10.4424,-75.513,1.3
CLO,"Alfonso Bonilla Aragon International Airport (Cali, CO)",3.542717,-76.381898,1.3
TCO,"La Florida Airport (Tumaco, CO)",1.81442,-78.7492,1.0
CAQ,"Juan H White Airport (Caucasia, CO)",7.96847,-75.1985,1.0
CVE,"Coveñas Airport (Coveñas, CO)",9.40092,-75.6913,1.0
CZU,"Las Brujas Airport (Corozal, CO)",9.33274,-75.2856,1.0
EBG,"El Bagre Airport (El Bagre, CO)",7.59647,-74.8089,1.0
EJA,"Yariguíes Airport (Barrancabermeja, CO)",7.02433,-73.8068,1.0
FLA,"Gustavo Artunduaga Paredes Airport (Florencia, CO)",1.58919,-75.5644,1.0
GIR,"Santiago Vila Airport (Girardot, CO)",4.27624,-74.7967,1.0
CRC,"Santa Ana Airport (Cartago, CO)",4.75818,-75.9557,1.0
GPI,"Guapi Airport (Guapi, CO)",2.57013,-77.897969,1.0
IBE,"Perales Airport (Ibagué, CO)",4.42161,-75.1333,1.0
IPI,"San Luis Airport (Ipiales, CO)",0.861946,-77.671783,1.0
APO,"Antonio Roldán Betancur Airport (Carepa, CO)",7.81196,-76.7164,1.0
MCJ,"Jorge Isaac Airport (La Mina-Maicao, CO)",11.2325,-72.4901,1.0
LET,"Alfredo Vásquez Cobo International Airport (Leticia, CO)",-4.191147,-69.942003,1.0
EOH,"Enrique Olaya Herrera Airport (Medellín, CO)",6.219686,-75.590597,1.0
MGN,"Baracoa Airport (Magangué, CO)",9.28474,-74.8461,1.0
MTR,"Los Garzones Airport (Montería, CO)",8.82374,-75.8258,1.0
MVP,"Fabio Alberto Leon Bentley Airport (Mitú, CO)",1.25366,-70.2339,1.0
MZL,"La Nubia Airport (Manizales, CO)",5.0296,-75.4647,1.0
NVA,"Benito Salas Airport (Neiva, CO)",2.95015,-75.294,1.0
OCV,"Aguas Claras Airport (Ocaña, CO)",8.31506,-73.3583,1.0
PCR,"German Olano Airport (Puerto Carreño, CO)",6.18472,-67.4932,1.0
PDA,"Obando Cesar Gaviria Trujillo Airport (Puerto Inírida, CO)",3.85353,-67.9062,1.0
PEI,"Matecaña International Airport (Pereira, CO)",4.81267,-75.7395,1.0
PTX,"Pitalito Airport (Pitalito, CO)",1.85777,-76.0857,1.0
PPN,"Guillermo León Valencia Airport (Popayán, CO)",2.454359,-76.609253,1.0
PAL,"German Olano Air Base (La Dorada, CO)",5.48361,-74.6574,1.0
PSO,"Antonio Nariño Airport (Chachagüí, CO)",1.396722,-77.29093,1.0
PVA,"El Embrujo Airport (Providencia, CO)",13.357461,-81.357977,1.0
PZA,"Paz de Ariporo Airport (Paz de Ariporo, CO)",5.876146,-71.886671,1.0
MQU,"Mariquita Airport (Mariquita, CO)",5.21256,-74.8836,1.0
MDE,"Jose Maria Córdova International Airport (Medellín, CO)",6.16454,-75.4231,1.3
RCH,"Almirante Padilla Airport (Riohacha, CO)",11.5262,-72.926,1.0
SJE,"Jorge E. Gonzalez Torres Airport (San José Del Guaviare, CO)",2.57969,-72.6394,1.0
SMR,"Simón Bolívar International Airport (Santa Marta, CO)",11.1196,-74.2306,1.0
ADZ,"Gustavo Rojas Pinilla International Airport (San Andrés, CO)",12.5836,-81.7112,1.3
SVI,"Eduardo Falla Solano Airport (San Vicente Del Caguán, CO)",2.15217,-74.7663,1.0
TME,"Gustavo Vargas Airport (Tame, CO)",6.45108,-71.7603,1.0
TQS,"Captain Ernesto Esguerra Cubides Air Base (Tres Esquinas, CO)",0.7459,-75.234,1.0
AUC,"Santiago Perez Airport (Arauca, CO)",7.06888,-70.7369,1.0
UIB,"El Caraño Airport (Quibdó, CO)",5.69076,-76.6412,1.0
ULQ,"Heriberto Gíl Martínez Airport (Tuluá, CO)",4.08836,-76.2351,1.0
VUP,"Alfonso López Pumarejo Airport (Valledupar, CO)",10.435,-73.2495,1.0
VVC,"Vanguardia Airport (Villavicencio, CO)",4.16787,-73.6138,1.0
EYP,"El Alcaravan - Yopal Airport (Yopal, CO)",5.31911,-72.384,1.0
SRE,"Alcantarí International Airport (Sucre, BO)",-19.246835,-65.149611,1.3
BJO,"Bermejo Airport (Bermejo, BO)",-22.7733001709,-64.31289672850001,1.0
CBB,"Jorge Wilsterman International Airport (Cochabamba, BO)",-17.421105,-66.177102,1.3
CIJ,"Capitán Aníbal Arab Airport (Cobija, BO)",-11.039109,-68.782774,1.0
SRZ,"El Trompillo Airport (Santa Cruz, BO)",-17.8115997314,-63.1715011597,1.0
GYA,"Guayaramerín Airport (Guayaramerín, BO)",-10.88856,-65.380955,1.0
LPB,"El Alto International Airport (La Paz / El Alto, BO)",-16.510272,-68.189416,1.3
ORU,"Juan Mendoza International Airport (Oruro, BO)",-17.956151,-67.075829,1.3
POI,"Capitan Nicolas Rojas Airport (Potosí, BO)",-19.543331,-65.723734,1.0
PSZ,"Capitán Av. Salvador Ogaya G. airport (Puerto Suárez, BO)",-18.975301,-57.820599,1.0
RIB,"Capitán Av. Selin Zeitun Lopez Airport (Riberalta, BO)",-11.009355,-66.075468,1.0
SBL,"Santa Ana Del Yacuma Airport (Santa Ana del Yacuma, BO)",-13.762200355500001,-65.4352035522,1.0
TJA,"Capitan Oriel Lea Plaza Airport (Tarija, BO)",-21.5557,-64.701302,1.0
TDD,"Teniente Av. Jorge Henrich Arauz Airport (Trinidad, BO)",-14.8187,-64.917999,1.0
UYU,"Joya Andina International Airport (Quijarro, BO)",-20.441304,-66.857553,1.3
VLM,"Teniente Coronel Rafael Pabón Airport (Villamontes, BO)",-21.255199432399998,-63.4056015015,1.0
VVI,"Viru Viru International Airport (Santa Cruz, BO)",-17.6448,-63.135399,1.3
BYC,"Yacuiba Airport (Yacuíba, BO)",-21.960899353027344,-63.65169906616211,1.0
PBM,"Johan Adolf Pengel International Airport (Paramaribo, SR)",5.45283,-55.187801,1.3
JSO,"Dr. Luciano de Arruda Coelho Regional Airport (Sobral, BR)",-3.614488,-40.231426,1.0
EEA,"Planalto Serrano Regional Airport (Correia Pinto, BR)",-27.634128,-50.358253,1.0
LHN,"Linhares Municipal Airport (Linhares, BR)",-19.355202,-40.07128,1.0
CAY,"Cayenne – Félix Eboué Airport (Matoury, GF)",4.819964,-52.361326,1.3
MPY,"Maripasoula Airport (Maripasoula, GF)",3.655907,-54.039431,1.0
OYP,"Saint-Georges-de-l'Oyapock Airport (Saint-Georges-de-l'Oyapock, GF)",3.8976,-51.8041,1.0
LDX,"Saint-Laurent-du-Maroni Airport (Saint-Laurent-du-Maroni, GF)",5.481891,-54.034964,1.0
AYX,"Teniente General Gerardo Pérez Pinedo Airport (Atalaya, PE)",-10.7291,-73.766502,1.0
IBP,"Iberia Airport (Iberia, PE)",-11.4116,-69.488701,1.0
PCL,"Cap FAP David Abenzur Rengifo International Airport (Pucallpa, PE)",-8.378064,-74.574495,1.3
CHM,"FAP Lieutenant Jaime Andres de Montreuil Morales Airport (Chimbote, PE)",-9.14961,-78.523804,1.0
CIX,"Capitán FAP José A. Quiñones González International Airport (Chiclayo, PE)",-6.789223,-79.828254,1.3
AYP,"Air Force Colonel Alfredo Mendivil Duarte Airport (Ayacucho, PE)",-13.1548,-74.204399,1.0
ATA,"Comandante FAP German Arias Graziani Airport (Anta, PE)",-9.347439765930176,-77.59839630126953,1.0
LIM,"Jorge Chávez International Airport (Lima, PE)",-12.0219,-77.114305,1.3
RIJ,"Juan Simons Vela Airport (Rioja, PE)",-6.06786,-77.160004,1.0
JAE,"Shumba Airport (Jaén, PE)",-5.59248,-78.774002,1.0
JJI,"Juanjui Airport (Juanjuí, PE)",-7.1691,-76.7286,1.0
JAU,"Francisco Carle Airport (Jauja, PE)",-11.7831001282,-75.47339630130001,1.0
JUL,"Inca Manco Capac International Airport (Juliaca, PE)",-15.467689,-70.15653,1.3
CJA,"Mayor General FAP Armando Revoredo Iglesias Airport (Cajamarca, PE)",-7.13918,-78.489403,1.0
ILQ,"General Jorge Fernandez Maldon Airport (Ilo, PE)",-17.695,-71.344002,1.0
TBP,"Captain Pedro Canga Rodríguez International Airport (Tumbes, PE)",-3.552074,-80.381086,1.0
YMS,"Moises Benzaquen Rengifo Airport (Yurimaguas, PE)",-5.89377,-76.118202,1.0
HUU,"Alferez Fap David Figueroa Fernandini Airport (Huánuco, PE)",-9.878809928894043,-76.20480346679688,1.0
CHH,"Chachapoyas Airport (Chachapoyas, PE)",-6.201911,-77.856195,1.0
IQT,"Coronel FAP Francisco Secada Vignetta International Airport (Iquitos, PE)",-3.78474,-73.3088,1.3
AQP,"Rodríguez Ballón International Airport (Arequipa, PE)",-16.340786,-71.569485,1.3
TRU,"Capitán FAP Carlos Martínez de Pinillos International Airport (Trujillo, PE)",-8.082382,-79.108821,1.3
PIO,"Captain Renán Elías Olivera International Airport (Pisco, PE)",-13.7449,-76.220299,1.3
TPP,"Cadete FAP Guillermo Del Castillo Paredes Airport (Tarapoto, PE)",-6.508739948272705,-76.37319946289062,1.0
TCQ,"Coronel FAP Carlos Ciriani Santa Rosa International Airport (Tacna, PE)",-18.053300857500002,-70.2758026123,1.0
PEM,"Padre Aldamiz International Airport (Puerto Maldonado, PE)",-12.6135997772,-69.2285995483,1.0
PIU,"PAF Captain Guillermo Concha Iberico International Airport (Piura, PE)",-5.20575,-80.616402,1.0
TYL,"Captain Victor Montes Arias International Airport (Talara, PE)",-4.57664,-81.254097,1.0
NZC,"Maria Reiche Neuman Airport (Nazca, PE)",-14.854,-74.961502,1.0
CUZ,"Alejandro Velasco Astete International Airport (Cusco, PE)",-13.535699844400002,-71.9387969971,1.3
DZO,"Santa Bernardina International Airport (Durazno, UY)",-33.358898,-56.499199,1.0
PDP,"Capitan Corbeta CA Curbelo International Airport (Punta del Este, UY)",-34.855099,-55.094299,1.0
MVD,"Carrasco General Cesáreo L. Berisso International Airport (Ciudad de la Costa, UY)",-34.835647,-56.026497,1.3
PDU,"Tydeo Larre Borges Airport (Paysandú, UY)",-32.3633,-58.061901,1.0
RVY,"Pres. Gral. Óscar D. Gestido Binational Airport (Rivera/Santana do Livramento, UY)",-30.9746,-55.4762,1.0
STY,"Nueva Hesperides International Airport (Salto, UY)",-31.438499,-57.985298,1.0
AGV,"Oswaldo Guevara Mujica Airport (Acarigua, VE)",9.553375,-69.237869,1.0
AAO,"Anaco Airport (Anaco, VE)",9.430225,-64.470726,1.0
BLA,"General José Antonio Anzoategui International Airport (Barcelona, VE)",10.111111,-64.692222,1.3
BNS,"Barinas Airport (Barinas, VE)",8.615,-70.214167,1.0
BRM,"Jacinto Lara International Airport (Barquisimeto, VE)",10.042747,-69.35862,1.3
MYC,"Escuela Mariscal Sucre Airport (Maracay, VE)",10.249978,-67.649422,1.0
CBL,"General Tomas de Heres Airport (Ciudad Bolivar, VE)",8.122161,-63.536957,1.0
CXA,"Caicara del Orinoco Airport (, VE)",7.62551,-66.162804,1.0
CLZ,"Calabozo Airport (Guarico, VE)",8.924656,-67.417091,1.0
CAJ,"Canaima Airport (Canaima, VE)",6.231989,-62.85485,1.0
CUP,"General Francisco Bermúdez Airport (Carúpano, VE)",10.660014,-63.261681,1.0
CZE,"José Leonardo Chirinos Airport (Coro, VE)",11.414944,-69.680901,1.0
CUM,"Antonio José de Sucre Airport (Cumaná, VE)",10.450333,-64.13047,1.0
EOR,"El Dorado Airport (Bolivar, VE)",6.71573,-61.638786,1.0
EOZ,"Elorza Airport (, VE)",7.059677,-69.4967,1.0
GDO,"Guasdualito Airport (Guasdualito, VE)",7.210834,-70.756386,1.0
GUI,"Guiria Airport (, VE)",10.574077606200001,-62.3126678467,1.0
GUQ,"Guanare Airport (Guanare, VE)",9.026944,-69.75515,1.0
LSP,"Josefa Camejo International Airport (Paraguaná, VE)",11.780775,-70.151497,1.0
LFR,"La Fria Airport (, VE)",8.239167,-72.271027,1.0
MAR,"La Chinita International Airport (Maracaibo, VE)",10.557542,-71.729307,1.3
MRD,"Alberto Carnevalli Airport (Mérida, VE)",8.582078,-71.161041,1.0
PMV,"Del Caribe Santiago Mariño International Airport (Isla Margarita, VE)",10.912603,-63.966599,1.3
CCS,"Maiquetía Simón Bolívar International Airport (Maiquetía, VE)",10.602214,-66.991174,1.3
MUN,"José Tadeo Monagas International Airport (Maturín, VE)",9.749023,-63.153348,1.0
PYH,"Cacique Aramare Airport (Puerto Ayacucho, VE)",5.61999,-67.606102,1.0
PBL,"General Bartolome Salom International Airport (Puerto Cabello, VE)",10.4805,-68.072998,1.0
SCI,"Paramillo Airport (San Cristóbal, VE)",7.801389,-72.202778,1.0
PZO,"General Manuel Carlos Piar International Airport (Guyana City, VE)",8.28853,-62.760399,1.3
PTM,"Palmarito Airport (Palmarito, VE)",7.575479,-70.174435,1.0
SVZ,"Juan Vicente Gómez International Airport (San Antonio del Tachira, VE)",7.840809,-72.439878,1.0
SNV,"Santa Elena de Uairén Airport (Santa Elena de Uairén, VE)",4.554699,-61.145234,1.0
STD,"Mayor Buenaventura Vivas International Airport (Santo Domingo, VE)",7.56538,-72.035103,1.0
SNF,"Sub Teniente Nestor Arias Airport (San Felipe, VE)",10.2787,-68.755203,1.0
SFD,"San Fernando de Apure Las Flecheras National Airport (San Fernando de Apure, VE)",7.88332,-67.444,1.0
SOM,"San Tomé Airport (El Tigre, VE)",8.9451465606689,-64.151084899902,1.0
STB,"Miguel Urdaneta Fernández Airport (San Carlos del Zulia, VE)",8.97455,-71.943253,1.0
TUV,"Tucupita Airport (Tucupita, VE)",9.088994,-62.094173,1.0
TMO,"Tumeremo Airport (, VE)",7.24938,-61.52893,1.0
VLN,"Arturo Michelena International Airport (Valencia, VE)",10.149733,-67.928398,1.3
VIG,"Juan Pablo Pérez Alfonso Airport (El Vigía, VE)",8.624139,-71.672668,1.0
VLV,"Dr. Antonio Nicolás Briceño Airport (Valera, VE)",9.340478,-70.584061,1.0
VDP,"Valle de La Pascua Airport (, VE)",9.22202777863,-65.9935836792,1.0
AUX,"Araguaína Airport (Araguaína, BR)",-7.22787,-48.240501,1.0
GEO,"Cheddi Jagan International Airport (Georgetown, GY)",6.49855,-58.254101,1.3
OGL,"Eugene F. Correia International Airport (Ogle, GY)",6.805881,-58.107657,1.0
KAI,"Kaieteur Airport (Kaieteur Falls, GY)",5.177349,-59.48898,1.0
LTM,"Lethem Airport (Lethem, GY)",3.37276,-59.789398,1.0
ANU,"V. C. Bird International Airport (Osbourn, AG)",17.1367,-61.792702,1.3
BGI,"Grantley Adams International Airport (Bridgetown, BB)",13.074667,-59.491034,1.3
DCF,"Canefield Airport (Canefield, DM)",15.336693,-61.392108,1.0
DOM,"Douglas-Charles Airport (Marigot, DM)",15.546673,-61.301082,1.0
FDF,"Martinique Aimé Césaire International Airport (Fort-de-France, MQ)",14.591,-61.003201,1.3
SFG,"Grand Case-l'Espérance Airport (Grand Case, MF)",18.100057,-63.047444,1.0
SBH,"St. Jean Airport (Gustavia, BL)",17.904398,-62.843333,1.0
GBJ,"Marie-Galante Airport (Grand-Bourg, GP)",15.868925,-61.270087,1.0
PTP,"Maryse Condé International Airport (Pointe-à-Pitre, GP)",16.265443,-61.532754,1.3
GND,"Maurice Bishop International Airport (Saint George's, GD)",12.003996,-61.785302,1.3
STT,"Cyril E. King Airport (Charlotte Amalie, VI)",18.337091,-64.977251,1.3
STX,"Henry E. Rohlsen Airport (Christiansted, VI)",17.701413,-64.802608,1.0
ARE,"Antonio Nery Juarbe Pol Airport (Arecibo, PR)",18.45085,-66.675768,1.0
BQN,"Rafael Hernández International Airport (Aguadilla, PR)",18.4949,-67.129402,1.0
CPX,"Benjamin Rivera Noriega Airport (Culebra, PR)",18.312954,-65.303893,1.0
SIG,"Fernando Luis Ribas Dominicci Airport (San Juan, PR)",18.45680046081543,-66.09809875488281,1.0
MAZ,"Eugenio Maria De Hostos Airport (Mayaguez, PR)",18.255699157714844,-67.14849853515625,1.0
PSE,"Mercedita International Airport (Ponce, PR)",18.008301,-66.563004,1.0
NRR,"José Aponte de la Torre Airport (Ceiba, PR)",18.247262,-65.63979,1.0
SJU,"Luis Munoz Marin International Airport (San Juan, PR)",18.4394,-66.001801,1.3
VQS,"Antonio Rivera Rodriguez Airport (Vieques, PR)",18.1348,-65.493599,1.0
SKB,"Robert L. Bradshaw International Airport (Basseterre, KN)",17.310845,-62.719117,1.3
NEV,"Vance W. Amory International Airport (Charlestown, KN)",17.2057,-62.589901,1.0
SLU,"George F. L. Charles Airport (Castries, LC)",14.0202,-60.992901,1.0
UVF,"Hewanorra International Airport (Vieux Fort, LC)",13.7332,-60.952599,1.3
BKN,"Balkanabat International Airport (Balkanabat, TM)",39.681052,54.206008,1.0
AUA,"Queen Beatrix International Airport (Oranjestad, AW)",12.501056,-70.014281,1.3
BON,"Flamingo International Airport (Kralendijk, BQ)",12.131,-68.268501,1.3
CUR,"Hato International Airport (Willemstad, CW)",12.1889,-68.959801,1.3
EUX,"F. D. Roosevelt Airport (Oranjestad, BQ)",17.4965,-62.979401,1.0
SXM,"Princess Juliana International Airport (Sint Maarten, SX)",18.041,-63.108898,1.3
SAB,"Juancho E. Yrausquin Airport (Zion's Hill, BQ)",17.64533,-63.220514,1.0
AXA,"Clayton J. Lloyd International Airport (The Valley, AI)",18.204773,-63.05383,1.0
MNI,"John A. Osborne Airport (Gerald's Park, MS)",16.791835,-62.193204,1.3
TAB,"A.N.R. Robinson International Airport (Scarborough, TT)",11.149571,-60.831298,1.3
POS,"Piarco International Airport (Port of Spain, TT)",10.59535,-61.337568,1.3
EIS,"Terrance B. Lettsome International Airport (Beef Island, VG)",18.445492,-64.541707,1.3
VIJ,"Virgin Gorda Airport (Spanish Town, VG)",18.446634,-64.427932,1.0
SVD,"Argyle International Airport (Kingstown, VC)",13.159725,-61.148801,1.3
BQU,"J F Mitchell Airport (Bequia, VC)",12.9884,-61.262001,1.0
CIW,"Canouan Airport (Canouan, VC)",12.699,-61.3424,1.0
MQS,"Mustique Airport (Lovell, VC)",12.8879,-61.180199,1.0
UNI,"Union Island International Airport (Union Island, VC)",12.600135,-61.411945,1.0
BDA,"L.F. Wade International Airport (Hamilton, BM)",32.363802,-64.67824,1.3
ALA,"Almaty International Airport (Almaty, KZ)",43.354267,77.042828,1.3
BXH,"Balkhash Airport (Balkhash, KZ)",46.894246,75.004533,1.0
TDK,"Taldykorgan Airport (Taldykorgan, KZ)",45.12255,78.442758,1.0
NQZ,"Nursultan Nazarbayev International Airport (Astana, KZ)",51.027035,71.467094,1.3
KOV,"Kokshetau International Airport (Kokshetau, KZ)",53.329102,69.594597,1.3
PPK,"Petropavl International Airport (Petropavl, KZ)",54.775622,69.187415,1.3
DMB,"Taraz International Airport (Taraz, KZ)",42.8536,71.303596,1.3
BSZ,"Manas International Airport (Bishkek, KG)",43.061298,74.4776,1.3
OSS,"Osh International Airport (Osh, KG)",40.609001,72.793297,1.3
IKG,"Karakol International Airport (Karakol, KG)",42.508099,78.407799,1.0
CIT,"Shymkent International Airport (Shymkent, KZ)",42.365021,69.47564,1.3
HSA,"Hazrat Sultan International Airport (Turkıstan, KZ)",43.311087,68.550352,1.3
DZN,"Zhezkazgan National Airport (Zhezkazgan, KZ)",47.708953,67.738094,1.3
KGF,"Sary-Arka Airport (Karaganda, KZ)",49.670799,73.334396,1.3
BXY,"Baikonur Krayniy International Airport (Baikonur, KZ)",45.621994,63.210773,1.3
KZO,"Korkyt Ata International Airport (Kyzylorda, KZ)",44.706902,65.592499,1.3
URA,"Manshuk Mametova International Airport (Uralsk, KZ)",51.151976,51.543652,1.3
EKB,"Ekibastuz Airport (Ekibastuz, KZ)",51.590999603271484,75.21499633789062,1.0
UKK,"Oskemen International Airport (Ust-Kamenogorsk (Oskemen), KZ)",50.035033,82.496057,1.3
PWQ,"Pavlodar International Airport (Pavlodar, KZ)",52.194982,77.073088,1.3
PLX,"Semei International Airport (Semey, KZ)",50.351295,80.234398,1.3
SCO,"Aktau International Airport (Aktau, KZ)",43.860093,51.09086,1.3
GUW,"Atyrau International Airport (Atyrau, KZ)",47.121318,51.820343,1.3
AKX,"Aktobe International Airport (Aktobe, KZ)",50.248116,57.204144,1.3
KSN,"Kostanay International Airport (Kostanay, KZ)",53.206902,63.550301,1.3
GYD,"Heydar Aliyev International Airport (Baku, AZ)",40.47278,50.050931,1.3
GNJ,"Ganja International Airport (Ganja, AZ)",40.738692,46.320383,1.3
NAJ,"Nakhchivan International Airport (Nakhchivan, AZ)",39.188801,45.458401,1.3
GBB,"Gabala International Airport (Gabala, AZ)",40.808617,47.725389,1.0
ZTU,"Zaqatala International Airport (Zaqatala, AZ)",41.557823,46.669464,1.0
LHL,"Lachin International Airport (Lachin, AZ)",39.883787,46.363137,1.0
IKU,"Issyk-Kul International Airport (Tamchy, KG)",42.585584,76.701181,1.3
LWN,"Shirak International Airport (Gyumri, AM)",40.750401,43.859299,1.3
EVN,"Zvartnots International Airport (Yerevan, AM)",40.148941,44.397887,1.3
YKS,"Platon Oyunsky Yakutsk International Airport (Yakutsk, RU)",62.0933,129.770996,1.3
NER,"Chulman Airport (Neryungri, RU)",56.913898468018,124.91400146484,1.0
MQJ,"Moma Airport (Khonuu, RU)",66.450861,143.261551,1.0
GYG,"Magan Airport (Magan, RU)",62.103484,129.545288,1.0
OLZ,"Olyokminsk Airport (Olyokminsk, RU)",60.401833,120.476094,1.0
USR,"Ust-Nera Airport (Ust-Nera, RU)",64.550003,143.115005,1.0
VYI,"Vilyuisk Airport (Vilyuisk, RU)",63.756668,121.693336,1.0
ULK,"Lensk Airport (Lensk, RU)",60.7206001282,114.825996399,1.0
PYJ,"Polyarny Airport (Yakutia, RU)",66.400398,112.029999,1.0
MJZ,"Mirny Airport (Mirny, RU)",62.534698486328125,114.03900146484375,1.0
SYS,"Saskylakh Airport (Saskylakh, RU)",71.927902,114.080002,1.0
BGN,"Belaya Gora Airport (Belaya Gora, RU)",68.556227,146.22784,1.0
SEK,"Srednekolymsk Airport (Srednekolymsk, RU)",67.4805,153.7364,1.0
CKH,"Chokurdakh Airport (Chokurdah, RU)",70.6231,147.901993,1.0
CYX,"Cherskiy Airport (Cherskiy, RU)",68.7406005859375,161.33799743652344,1.0
IKS,"Tiksi Airport (Tiksi, RU)",71.697700500488,128.90299987793,1.0
ZKP,"Zyryanka Airport (Zyryanka, RU)",65.7485,150.8889,1.0
ZIX,"Zhigansk Airport (Zhigansk, RU)",66.7965011597,123.361000061,1.0
KHX,"Savannah Airstrip (Kihihi, UG)",-0.7165,29.6997,1.0
KUT,"David the Builder Kutaisi International Airport (Kopitnari, GE)",42.177448,42.485353,1.3
BUS,"Alexander Kartveli Batumi International Airport (Batumi, GE)",41.60939,41.600315,1.3
SUI,"Vladislav Ardzinba Sukhum International Airport (Sukhumi, GE)",42.8582,41.128101,1.0
TBS,"Tbilisi International Airport (Tbilisi, GE)",41.669201,44.9547,1.3
BQS,"Ignatyevo Airport (Blagoveschensk, RU)",50.42539978027344,127.41200256347656,1.0
KHV,"Khabarovsk Novy Airport (Khabarovsk, RU)",48.528338,135.188588,1.0
KXK,"Komsomolsk-on-Amur Airport (Komsomolsk-on-Amur, RU)",50.409000396728516,136.9340057373047,1.0
GVN,"Sovetskaya Gavan (Maygatka) Airport (Sovetskaya Gavan, RU)",48.925067,140.035348,1.0
DYR,"Ugolny Yuri Ryktheu Airport (Anadyr, RU)",64.734902,177.740997,1.0
PVS,"Provideniya Bay Airport (Chukotka, RU)",64.37809753417969,-173.2429962158203,1.0
KPW,"Keperveem Airport (Keperveem, RU)",67.845001,166.139999,1.0
GDX,"Sokol Airport (Magadan, RU)",59.9109992980957,150.72000122070312,1.0
PWE,"Pevek Airport (Apapelgino, RU)",69.783302,170.597,1.0
SWV,"Severo-Evensk Airport (Evensk, RU)",61.921786,159.229059,1.0
NLI,"Nikolayevsk-na-Amure Airport (Nikolayevsk-na-Amure Airport, RU)",53.154999,140.649994,1.0
OHO,"Okhotsk Airport (Okhotsk, RU)",59.410065,143.056503,1.0
PKC,"Yelizovo Airport (Petropavlovsk-Kamchatsky, RU)",53.168716,158.451068,1.3
UUS,"Yuzhno-Sakhalinsk International Airport (Yuzhno-Sakhalinsk, RU)",46.885461,142.717466,1.3
VVO,"Vladivostok International Airport (Artyom, RU)",43.396256,132.148155,1.3
HTA,"Chita-Kadala International Airport (Chita, RU)",52.024841,113.305839,1.3
BTK,"Bratsk Airport (Bratsk, RU)",56.3696,101.701822,1.0
IKT,"Irkutsk International Airport (Irkutsk, RU)",52.266707,104.395563,1.3
UKX,"Ust-Kut Airport (Ust-Kut, RU)",56.856701,105.730003,1.0
UUD,"Baikal International Airport (Ulan Ude, RU)",51.808614,107.439652,1.3
KBP,"Boryspil International Airport (Boryspil, UA)",50.345001,30.894699,1.0
MPW,"Mariupol International Airport (Mariupol, UA)",47.07609939575195,37.44960021972656,1.0
ERD,"Berdyansk Airport (Berdyansk, UA)",46.814999,36.758099,1.0
DNK,"Dnipro International Airport (Dnipro, UA)",48.357201,35.100601,1.0
OZH,"Zaporizhzhia International Airport (Zaporizhia, UA)",47.866962,35.314723,1.3
KWG,"Kryvyi Rih International Airport (Kryvyi Rih, UA)",48.04330062866211,33.209999084472656,1.0
UKS,"Sevastopol International Airport / Belbek Air Base (Sevastopol, UA)",44.691822,33.57462,1.0
SIP,"Simferopol International Airport (Simferopol, UA)",45.0522,33.975101,1.3
HRK,"Kharkiv International Airport (Kharkiv, UA)",49.926943,36.290814,1.0
CKC,"Cherkasy International Airport (Cherkasy, UA)",49.4156,31.9953,1.0
IEV,"Ihor Sikorsky Kyiv International Airport (Zhuliany) (Kyiv, UA)",50.40194,30.45194,1.0
HMJ,"Khmelnytskyi Airport (Khmelnytskyi, UA)",49.359699,26.933399,1.0
IFO,"Ivano-Frankivsk International Airport (Ivano-Frankivsk, UA)",48.88420104980469,24.686100006103516,1.0
LWO,"Lviv International Airport (Lviv, UA)",49.8125,23.9561,1.3
CWC,"Chernivtsi International Airport (Chernivtsi, UA)",48.259300231933594,25.98080062866211,1.0
RWN,"Rivne International Airport (Rivne, UA)",50.60710144042969,26.141599655151367,1.0
UDJ,"Uzhhorod International Airport (Uzhhorod, UA)",48.6343,22.263399,1.3
KHE,"Kherson International Airport (Kherson, UA)",46.6758,32.506401,1.0
ODS,"Odesa International Airport (Odesa, UA)",46.427196,30.672649,1.3
VIN,"Vinnytsia/Gavyryshivka International Airport (Vinnitsa, UA)",49.242531,28.613778,1.0
ARH,"Talagi Airport (Archangelsk, RU)",64.60030364990234,40.71670150756836,1.0
VKV,"Vaskovo Airport (Arkhangelsk, RU)",64.441704,40.4217,1.0
NNM,"Naryan Mar Airport (Naryan Mar, RU)",67.639999,53.121899,1.0
AMV,"Amderma Airport (Amderma, RU)",69.76329803466797,61.556400299072266,1.0
KSZ,"Kotlas Airport (Kotlas, RU)",61.235801696777344,46.6974983215332,1.0
LED,"Pulkovo Airport (St. Petersburg, RU)",59.800301,30.262501,1.3
MMK,"Emperor Nicholas II Murmansk Airport (Murmansk, RU)",68.7817,32.750801,1.3
PKV,"Princess Olga Pskov International Airport (Pskov, RU)",57.781316,28.39384,1.0
PES,"Petrozavodsk Airport (Petrozavodsk, RU)",61.885201,34.154701,1.0
CEE,"Cherepovets Airport (Cherepovets, RU)",59.273601532,38.015800476100004,1.0
VUS,"Velikiy Ustyug Airport (Velikiy Ustyug, RU)",60.7883,46.259998,1.0
VGD,"Vologda Airport (Vologda, RU)",59.282501,39.944401,1.0
BQT,"Brest International Airport (Brest, BY)",52.108138,23.89676,1.3
GME,"Gomel Airport (Gomel, BY)",52.527000427246094,31.016700744628906,1.0
VTB,"Vitebsk Vostochny Airport (Vitebsk, BY)",55.126499176025,30.349599838257,1.0
KGD,"Khrabrovo Airport (Kaliningrad, RU)",54.89161,20.598559,1.3
GNA,"Hrodna Airport (Hrodna, BY)",53.602001,24.053801,1.0
MSQ,"Minsk National Airport (Minsk, BY)",53.888071,28.039964,1.3
MVQ,"Mogilev Airport (Mogilev, BY)",53.954898834228516,30.09510040283203,1.0
ABA,"Abakan International Airport (Abakan, RU)",53.740002,91.385002,1.3
BAX,"Barnaul Gherman Titov International Airport (Barnaul, RU)",53.361285,83.539701,1.3
RGK,"Gorno-Altaysk Airport (Gorno-Altaysk, RU)",51.969204,85.836539,1.0
KEJ,"Alexei Leonov Kemerovo International Airport (Kemerovo, RU)",55.2701,86.107201,1.3
BKA,"Baykit Airport (Baykit, RU)",61.676701,96.355003,1.0
EIE,"Yeniseysk Airport (Yeniseysk, RU)",58.474201,92.112503,1.0
TGP,"Podkamennaya Tunguska Airport (Bor, RU)",61.589699,89.994003,1.0
VEO,"Severo-Yeniseysk Airport (Severo-Yeniseysk, RU)",60.373299,93.011703,1.0
VAQ,"Vanavara Airport (Vanavara, RU)",60.356229,102.309641,1.0
KJA,"Krasnoyarsk International Airport (Krasnoyarsk, RU)",56.175743,92.485788,1.3
KCY,"Krasnoyarsk Cheremshanka Airport (Krasnoyarsk, RU)",56.177584,92.545881,1.0
ACS,"Achinsk Airport (Achinsk, RU)",56.269185,90.57511,1.0
KYZ,"Kyzyl Airport (Kyzyl, RU)",51.669399,94.400597,1.0
OVB,"Novosibirsk Tolmachevo Airport (Novosibirsk, RU)",55.019756,82.618675,1.3
OMS,"Omsk Central Airport (Omsk, RU)",54.963124,73.312418,1.3
SWT,"Strezhevoy Airport (Strezhevoy, RU)",60.7094,77.660004,1.0
TOF,"Tomsk Kamov Airport (Tomsk, RU)",56.380299,85.208298,1.3
NOZ,"Spichenkovo Airport (Novokuznetsk, RU)",53.811401,86.877197,1.0
DKS,"Dikson Airport (Dikson, RU)",73.517807,80.379669,1.0
HTG,"Khatanga Airport (Khatanga, RU)",71.97810363769531,102.49099731445312,1.0
SES,"Svetlogorsk Airport (Svetlogorsk, RU)",66.839996,88.403336,1.0
IAA,"Igarka Airport (Igarka, RU)",67.437202,86.621902,1.0
NSK,"Alykel International Airport (Norilsk, RU)",69.307951,87.325906,1.3
AAQ,"Anapa Vityazevo Airport (Krasnyi Kurgan, RU)",45.002102,37.347301,1.0
GDZ,"Gelendzhik Airport (Gelendzhik, RU)",44.5820926295,38.0124807358,1.0
KRR,"Krasnodar Pashkovsky International Airport (Krasnodar, RU)",45.034465,39.174215,1.3
GRV,"Akhmat Kadyrov Grozny International Airport (Grozny, RU)",43.388106,45.699772,1.3
MCX,"Makhachkala Uytash International Airport (Makhachkala, RU)",42.816799,47.652302,1.3
MRV,"Mineralnye Vody Airport (Mineralnyye Vody, RU)",44.225101,43.081902,1.3
NAL,"Nalchik Airport (Nalchik, RU)",43.512901,43.6366,1.0
OGZ,"Vladikavkaz Beslan International Airport (Beslan, RU)",43.205101,44.606602,1.0
IGT,"Magas Airport (Sunzha, RU)",43.323268,45.012568,1.0
STW,"Stavropol Shpakovskoye Airport (Stavropol, RU)",45.10919952392578,42.11280059814453,1.0
ROV,"Platov International Airport (Rostov-on-Don, RU)",47.493888,39.924722,1.3
TGK,"Taganrog Yuzhny Airport (Taganrog, RU)",47.1983333,38.8491667,1.0
AER,"Sochi International Airport (Sochi, RU)",43.449902,39.9566,1.3
ASF,"Astrakhan Narimanovo Boris M. Kustodiev International Airport (Astrakhan, RU)",46.282843,48.010511,1.3
ESL,"Elista Airport (Elista, RU)",46.3739013671875,44.33089828491211,1.0
VOG,"Volgograd International Airport (Volgograd, RU)",48.78134,44.339194,1.3
CEK,"Kurchatov Chelyabinsk International Airport (Chelyabinsk, RU)",55.303141,61.504927,1.3
MQF,"Magnitogorsk International Airport (Magnitogorsk, RU)",53.391991,58.755235,1.3
SBT,"Sabetta International Airport (Sabetta, RU)",71.219167,72.052222,1.0
BVJ,"Bovanenkovo Airport (Bovanenkovo, RU)",70.315278,68.333611,1.0
SLY,"Salekhard Airport (Salekhard, RU)",66.5907974243164,66.61100006103516,1.0
EZV,"Berezovo Airport (, RU)",63.92100143432617,65.03050231933594,1.0
HMA,"Khanty Mansiysk Airport (Khanty-Mansiysk, RU)",61.0285,69.086098,1.0
NYA,"Nyagan Airport (Nyagan, RU)",62.110001,65.614998,1.0
EYK,"Beloyarskiy Airport (, RU)",63.686901,66.698601,1.0
OVS,"Sovetskiy Airport (Sovetskiy, RU)",61.326622009277344,63.60191345214844,1.0
URJ,"Uray Airport (Uray, RU)",60.103298,64.826698,1.0
IJK,"Izhevsk Airport (Izhevsk, RU)",56.834524,53.462172,1.0
KVX,"Pobedilovo Airport (Kirov, RU)",58.503883,49.347831,1.0
NYM,"Nadym Airport (Nadym, RU)",65.48090362548828,72.69889831542969,1.0
NUX,"Novy Urengoy Airport (Novy Urengoy, RU)",66.06939697265625,76.52030181884766,1.0
NJC,"Nizhnevartovsk Airport (Nizhnevartovsk, RU)",60.949299,76.483597,1.3
PEE,"Perm International Airport (Perm, RU)",57.914501,56.021198,1.3
KGP,"Kogalym International Airport (Kogalym, RU)",62.190399169921875,74.53379821777344,1.0
NFG,"Nefteyugansk Airport (Nefteyugansk, RU)",61.108299,72.650002,1.0
NOJ,"Noyabrsk Airport (Noyabrsk, RU)",63.18330001831055,75.2699966430664,1.0
SGC,"Surgut International Airport (Surgut, RU)",61.340501,73.405782,1.3
SVX,"Koltsovo Airport (Yekaterinburg, RU)",56.743099212646,60.802700042725,1.3
RMZ,"Tobolsk Remezov Airport (Tobolsk, RU)",58.059712,68.347997,1.0
TJM,"Roshchino International Airport (Tyumen, RU)",57.178984,65.327696,1.3
KRO,"Kurgan Airport (Kurgan, RU)",55.4753,65.415604,1.0
ASB,"Ashgabat International Airport (Ashgabat, TM)",37.986801,58.361,1.3
KRW,"Turkmenbaşy International Airport (Turkmenbaşy, TM)",40.062833,53.005085,1.0
MYP,"Mary International Airport (Mary, TM)",37.62353,61.895668,1.0
TAZ,"Dashoguz International Airport (Daşoguz, TM)",41.759853,59.836149,1.3
CRZ,"Türkmenabat International Airport (Türkmenabat, TM)",38.930662,63.563982,1.3
DYU,"Dushanbe International Airport (Dushanbe, TJ)",38.543746,68.822977,1.3
TJU,"Kulob International Airport (Kulob, TJ)",37.988098,69.805,1.3
LBD,"Khujand International Airport (Khujand, TJ)",40.215401,69.694702,1.3
KQT,"Bokhtar International Airport (Bokhtar, TJ)",37.866315,68.864475,1.3
NMA,"Namangan International Airport (Namangan, UZ)",40.984622,71.5578,1.3
AZN,"Andijan International Airport (Andijan, UZ)",40.727699,72.293999,1.0
FEG,"Fergana International Airport (Fergana, UZ)",40.358799,71.745003,1.0
NCU,"Nukus International Airport (Nukus, UZ)",42.4884,59.623299,1.3
UGC,"Urgench International Airport (Urgench, UZ)",41.58274,60.64338,1.3
NVI,"Navoi International Airport (Navoi, UZ)",40.117599,65.172658,1.0
BHK,"Bukhara International Airport (Bukhara, UZ)",39.775319,64.482279,1.3
SKD,"Samarkand International Airport (Samarkand, UZ)",39.701842,66.981467,1.3
TMJ,"Termez Airport (Termez, UZ)",37.287261,67.311869,1.0
TVT,"Tashkent-Khumo International Airport (Tashkent, UZ)",41.312889,69.395535,1.0
TAS,"Tashkent International Airport (Tashkent, UZ)",41.2579,69.281197,1.3
OMN,"Zomin Airport (Zomin, UZ)",40.01402,68.41103,1.0
KMW,"Kostroma Sokerkino Airport (Kostroma, RU)",57.796902,41.019402,1.0
KLF,"Grabtsevo Airport (Kaluga, RU)",54.5499992371,36.3666687012,1.0
IWA,"Ivanovo South Airport (Ivanovo, RU)",56.93939971923828,40.940799713134766,1.0
RYB,"Staroselye Airport (Rybinsk, RU)",58.104198,38.929401,1.0
BZK,"Bryansk International Airport (Bryansk, RU)",53.214403,34.175965,1.0
ZIA,"Zhukovsky International Airport (Moscow, RU)",55.553299,38.150002,1.3
DME,"Domodedovo International Airport (Moscow, RU)",55.408798,37.9063,1.3
IAR,"Golden Ring Yaroslavl International Airport (Tunoshna, RU)",57.560699,40.157398,1.3
SVO,"Sheremetyevo International Airport (Moscow, RU)",55.976858,37.41121,1.3
KLD,"Migalovo Air Base (Tver, RU)",56.82469940185547,35.7577018737793,1.0
CKL,"Chkalovskiy Air Base (Moscow, RU)",55.8783,38.061699,1.0
EGO,"Belgorod International Airport (Belgorod, RU)",50.643798828125,36.5900993347168,1.0
URS,"Kursk East Airport (Kursk, RU)",51.7505989074707,36.29560089111328,1.0
LPK,"Lipetsk Airport (Lipetsk, RU)",52.70280075073242,39.53779983520508,1.0
VOZ,"Voronezh International Airport (Voronezh, RU)",51.814324,39.230948,1.0
TBW,"Donskoye Airport (Tambov, RU)",52.806099,41.4828,1.0
VKO,"Vnukovo International Airport (Moscow, RU)",55.591499,37.261501,1.3
UCT,"Ukhta Airport (Ukhta, RU)",63.566898,53.804699,1.0
INA,"Inta Airport (Inta, RU)",66.053372,60.105786,1.0
PEX,"Pechora Airport (Pechora, RU)",65.121101,57.130798,1.0
USK,"Usinsk Airport (Usinsk, RU)",66.0047,57.367199,1.0
VKT,"Vorkuta Airport (Vorkuta, RU)",67.488602,63.993099,1.0
UTS,"Ust-Tsylma Airport (Ust-Tsylma, RU)",65.437294,52.200336,1.0
SCW,"Syktyvkar Airport (Syktyvkar, RU)",61.64699935913086,50.84510040283203,1.0
GOJ,"Nizhny Novgorod / Strigino International Airport (Nizhny Novgorod, RU)",56.227351,43.785152,1.3
UUA,"Bugulma Airport (Bugulma, RU)",54.641184,52.800229,1.0
KZN,"Kazan International Airport (Kazan, RU)",55.606201,49.278702,1.3
NBC,"Begishevo Airport (Nizhnekamsk, RU)",55.564701,52.092499,1.0
JOK,"Yoshkar-Ola Airport (Yoshkar-Ola, RU)",56.7006,47.904701,1.0
CSY,"Cheboksary Airport (Cheboksary, RU)",56.090302,47.347301,1.0
ULV,"Ulyanovsk Baratayevka Airport (Ulyanovsk, RU)",54.27016,48.225569,1.0
ULY,"Ulyanovsk Vostochny Airport (Cherdakly, RU)",54.401001,48.8027,1.0
REN,"Orenburg Central Airport (Orenburg, RU)",51.792668,55.457229,1.0
OSW,"Orsk Airport (Orsk, RU)",51.072498,58.5956,1.0
PEZ,"Penza Airport (Penza, RU)",53.1106,45.021099,1.0
SKX,"Saransk International Airport (Saransk, RU)",54.12513,45.212257,1.3
BWO,"Balakovo Airport (Balakovo, RU)",51.858299,47.745602,1.0
GSV,"Gagarin International Airport (Saratov, RU)",51.712778,46.171111,1.3
UFA,"Ufa International Airport (Ufa, RU)",54.557498931885,55.874401092529,1.3
KUF,"Kurumoch International Airport (Samara, RU)",53.504902,50.164299,1.3
REW,"Rewa Airport, Chorhata, REWA (Rewa, IN)",24.503401,81.220299,1.0
GDB,"Gondia Airport (Gondia, IN)",21.526817,80.290347,1.0
AMD,"Sardar Vallabh Patel International Airport (Ahmedabad, IN)",23.0772,72.634697,1.3
AKD,"Akola Airport (Akola, IN)",20.698931,77.056883,1.0
IXU,"Aurangabad Airport (Aurangabad, IN)",19.862875,75.396312,1.0
BOM,"Chhatrapati Shivaji Maharaj International Airport (Mumbai, IN)",19.088699,72.867897,1.3
BHJ,"Bhuj Airport (Bhuj, IN)",23.2877998352,69.6701965332,1.0
IXG,"Belagavi Airport (Belgaum, IN)",15.8593,74.618301,1.0
BDQ,"Vadodara International Airport (Vadodara, IN)",22.336201,73.226303,1.3
BHO,"Raja Bhoj International Airport (Bhopal, IN)",23.2875,77.337402,1.3
BHU,"Bhavnagar Airport (Bhavnagar, IN)",21.752199173,72.1852035522,1.0
NMB,"Daman Airport (Daman, IN)",20.434401,72.843201,1.0
HBX,"Hubballi Airport (Hubballi, IN)",15.361084,75.082096,1.0
HSR,"Rajkot International Airport (Rajkot, IN)",22.378824,71.039391,1.3
IDR,"Devi Ahilya Bai Holkar International Airport (Indore, IN)",22.721404,75.80051,1.3
JLR,"Jabalpur Airport (Jabalpur, IN)",23.177799,80.052002,1.0
JGA,"Jamnagar Airport (Jamnagar, IN)",22.465499877929688,70.01260375976562,1.0
IXY,"Kandla Airport (Kandla, IN)",23.1127,70.100304,1.0
HJR,"Khajuraho Airport (Khajuraho, IN)",24.8172,79.918602,1.0
KLH,"Kolhapur Airport (Kolhapur, IN)",16.6647,74.289398,1.0
IXK,"Keshod Airport (Keshod, IN)",21.317101,70.270401,1.0
LTU,"Murod Kond Airport (Latur, IN)",18.411501,76.464699,1.0
NDC,"Nanded Airport (Nanded, IN)",19.1833,77.316704,1.0
NAG,"Dr. Babasaheb Ambedkar International Airport (Nagpur, IN)",21.092199,79.047203,1.3
ISK,"Nashik International Airport (Nashik, IN)",20.119101,73.912903,1.3
PNQ,"Pune International Airport (Pune, IN)",18.5821,73.919701,1.3
PBD,"Porbandar Airport (Porbandar, IN)",21.649524,69.656405,1.0
RTC,"Ratnagiri Airport (, IN)",17.013599,73.327797,1.0
RAJ,"Rajkot Airport (Rajkot, IN)",22.3092,70.779503,1.0
RPR,"Swami Vivekananda Airport (Raipur, IN)",21.180401,81.7388,1.0
SAG,"Shirdi International Airport (Kakadi, IN)",19.689211,74.373655,1.3
SSE,"Solapur Airport (Solapur, IN)",17.6280002594,75.93479919430001,1.0
STV,"Surat International Airport (Surat, IN)",21.115531,72.743251,1.3
UDR,"Maharana Pratap Airport (Udaipur, IN)",24.617700576799997,73.89610290530001,1.0
CMB,"Bandaranaike International Colombo Airport (Colombo, LK)",7.180759906768799,79.88410186767578,1.3
ACJ,"Anuradhapura Airport (Anuradhapura, LK)",8.301542,80.42848,1.0
BTC,"Batticaloa International Airport (Batticaloa, LK)",7.705073,81.677163,1.0
RML,"Colombo Ratmalana International Airport (Colombo, LK)",6.821638,79.885859,1.3
ADP,"Ampara Airport (Ampara, LK)",7.336745,81.623869,1.0
HIM,"Hingurakgoda Air Force Base (Polonnaruwa Town, LK)",8.04981,80.9814,1.0
JAF,"Jaffna International Airport (Jaffna, LK)",9.79233,80.070099,1.3
KCT,"Koggala Airport (Galle, LK)",5.993680000305176,80.32029724121094,1.0
TRR,"China Bay Airport (Trincomalee, LK)",8.539159,81.18128,1.0
HRI,"Mattala Rajapaksa International Airport (Mattala, LK)",6.283878,81.124163,1.3
BBM,"Battambang Airport (Battambang, KH)",13.0956,103.223999,1.0
PNH,"Phnom Penh International Airport (Phnom Penh (Pou Senchey), KH)",11.547155,104.844699,1.3
RBE,"Ratanakiri Airport (Ratanakiri, KH)",13.729999542236328,106.98699951171875,1.0
SAI,"Siem Reap-Angkor International Airport (Siem Reap, KH)",13.36974,104.223831,1.3
KOS,"Sihanouk International Airport (Preah Sihanouk, KH)",10.570557,103.632067,1.3
IXV,"Along Airport (, IN)",28.17530059814453,94.802001953125,1.0
IXA,"Agartala - Maharaja Bir Bikram Airport (Agartala, IN)",23.886999,91.240402,1.0
IXB,"Bagdogra Airport (Siliguri, IN)",26.6812,88.328598,1.3
SHL,"Shillong Airport (Shillong, IN)",25.70359992980957,91.97869873046875,1.0
VNS,"Lal Bahadur Shastri International Airport (Varanasi, IN)",25.452171,82.862549,1.3
BBI,"Biju Patnaik International Airport (Bhubaneswar, IN)",20.251021,85.814747,1.3
PAB,"Bilaspur Airport (Bilaspur, IN)",21.9884,82.111,1.0
CCU,"Netaji Subhash Chandra Bose International Airport (Kolkata, IN)",22.654012,88.44765,1.3
DBD,"Dhanbad Airport (, IN)",23.834,86.425301,1.0
RDP,"Kazi Nazrul Islam Airport (Durgapur, IN)",23.6225,87.243,1.0
DBR,"Darbhanga Airport (Darbhanga, IN)",26.192801,85.916901,1.0
GOP,"Gorakhpur Airport (Gorakhpur, IN)",26.739700317399997,83.4496994019,1.0
GAU,"Lokpriya Gopinath Bordoloi International Airport (Guwahati, IN)",26.106654,91.585226,1.3
GAY,"Gaya Airport (Gaya, IN)",24.744301,84.951202,1.0
IMF,"Bir Tikendrajit International Airport (Imphal, IN)",24.76,93.896698,1.3
IXW,"Sonari Airport (Jamshedpur, IN)",22.813706,86.168981,1.0
JRH,"Jorhat Airport (Jorhat, IN)",26.730456,94.175416,1.0
KBK,"Kushinagar International Airport (Kushinagar, IN)",26.776534,83.889214,1.0
IXH,"Kailashahar Airport (Kailashahar, IN)",24.308657,92.00768,1.0
IXS,"Silchar Airport (Silchar, IN)",24.9129009247,92.97869873050001,1.0
AJL,"Lengpui Airport (Aizawl (Lengpui), IN)",23.840599,92.619698,1.0
IXI,"Lilabari North Lakhimpur Airport (Lilabari, IN)",27.295682,94.097266,1.0
DIB,"Dibrugarh Airport (Dibrugarh, IN)",27.4839000702,95.0168991089,1.0
DMU,"Dimapur Airport (Dimapur, IN)",25.883899688699998,93.77110290530001,1.0
MZU,"Muzaffarpur Airport (Muzaffarpur, IN)",26.119101,85.313698,1.0
PAT,"Jay Prakash Narayan Airport (Patna, IN)",25.591299,85.087997,1.0
IXR,"Birsa Munda Airport (Ranchi, IN)",23.314300537100003,85.3217010498,1.0
RRK,"Rourkela Airport (Rourkela, IN)",22.256571,84.815193,1.0
TEZ,"Tezpur Airport (, IN)",26.7091007232666,92.78469848632812,1.0
UKE,"Utkela Airport (Bhawanipatna, IN)",20.097778,83.183333,1.0
VTZ,"Visakhapatnam International Airport (Visakhapatnam, IN)",17.723506,83.227729,1.3
ZER,"Ziro Airport (Ziro, IN)",27.588301,93.828102,1.0
BZL,"Barisal Airport (Barisal, BD)",22.801001,90.301201,1.0
CXB,"Cox's Bazar Airport (Cox's Bazar, BD)",21.457517,91.963263,1.0
CGP,"Shah Amanat International Airport (Chattogram (Chittagong), BD)",22.249599,91.813301,1.3
DAC,"Hazrat Shahjalal International Airport (Dhaka, BD)",23.843347,90.397783,1.3
IRD,"Ishurdi Airport (Ishurdi, BD)",24.1525,89.0494,1.0
JSR,"Jessore Airport (Jashore (Jessore), BD)",23.1838,89.160797,1.0
RJH,"Shah Makhdum Airport (Rajshahi, BD)",24.437201,88.616501,1.0
SPD,"Saidpur Airport (Saidpur, BD)",25.759199,88.908897,1.0
ZYL,"Osmany International Airport (Sylhet, BD)",24.963993,91.864749,1.3
HKG,"Hong Kong International Airport (Hong Kong, HK)",22.31184,113.914862,1.3
AGR,"Agra Airport / Agra Air Force Station (Agra, IN)",27.157975,77.961025,1.0
IXD,"Prayagraj Airport (Allahabad, IN)",25.4401,81.733902,1.0
ATQ,"Sri Guru Ram Das Ji International Airport (Amritsar, IN)",31.7096,74.797302,1.3
BKB,"Nal Airport (Bikaner, IN)",28.070601,73.207199,1.0
KUU,"Kullu Manali Airport (Bhuntar, IN)",31.876699,77.154404,1.0
BUP,"Bhatinda Air Force Station (, IN)",30.2701,74.755798,1.0
BEK,"Bareilly Air Force Station (Bareilly, IN)",28.4221,79.450798,1.0
IXC,"Shaheed Bhagat Singh International Airport (Chandigarh, IN)",30.6735,76.788498,1.3
KNU,"Kanpur Airport (Kanpur, IN)",26.404301,80.410103,1.0
DED,"Dehradun Jolly Grant Airport (Dehradun (Jauligrant), IN)",30.189243,78.176651,1.0
DEL,"Indira Gandhi International Airport (New Delhi, IN)",28.55563,77.09519,1.3
DHM,"Kangra Airport (Kangra, IN)",32.164902,76.263018,1.0
GWL,"Gwalior Airport (Gwalior, IN)",26.29330062866211,78.22779846191406,1.0
HSS,"Maharaja Agrasen International Airport (Hisar, IN)",29.186065,75.74142,1.3
HWR,"Halwara International Airport (Halwara, IN)",30.748501,75.629799,1.3
JDH,"Jodhpur Airport (Jodhpur, IN)",26.251100540161133,73.04889678955078,1.0
JAI,"Jaipur International Airport (Jaipur, IN)",26.8242,75.812202,1.3
JSA,"Jaisalmer Airport (, IN)",26.8887,70.864998,1.0
IXJ,"Jammu Airport (Jammu, IN)",32.688849,74.838152,1.0
KQH,"Kishangarh Airport Ajmer (Ajmer (Kishangarh), IN)",26.591007,74.812956,1.0
KTU,"Kota Airport (Kota, IN)",25.160200119,75.84559631350001,1.0
LUH,"Ludhiana Airport (, IN)",30.854700088500977,75.95259857177734,1.0
IXL,"Leh Kushok Bakula Rimpochee Airport (Leh, IN)",34.135899,77.546501,1.0
LKO,"Chaudhary Charan Singh International Airport (Lucknow, IN)",26.760599,80.889297,1.3
MZS,"Moradabad Airport (Moradabad, IN)",28.81746,78.92187,1.0
IXP,"Pathankot Airport (Pathankot, IN)",32.233611,75.634444,1.0
PGH,"Pantnagar Airport (Pantnagar, IN)",29.0334,79.473701,1.0
SXR,"Sheikh ul Alam International Airport (Srinagar, IN)",33.987099,74.7742,1.3
LPQ,"Luang Phabang International Airport (Luang Phabang, LA)",19.904273,102.167191,1.3
PKZ,"Pakse International Airport (Pakse, LA)",15.133973,105.779871,1.3
ZVK,"Savannakhet Airport (, LA)",16.55660057067871,104.76000213623047,1.0
NEU,"Sam Neua Airport (, LA)",20.4184,104.067001,1.0
VTE,"Wattay International Airport (Vientiane, LA)",17.985052,102.566692,1.3
VMI,"Aeropuerto Nacional Doctor Juan Plate (Puerto Vallemi, PY)",-22.159371,-57.942395,1.0
MFM,"Macau International Airport (Nossa Senhora do Carmo, MO)",22.149599,113.592003,1.3
LTH,"Long Thanh International Airport (Under Construction) (Ho Chi Minh City (Long Thanh), VN)",10.772842,107.040596,1.3
BWA,"Gautam Buddha International Airport (Siddharthanagar (Bhairahawa), NP)",27.504636,83.410381,1.3
JKR,"Janakpur Airport (Janakpur, NP)",26.708799,85.922401,1.0
KTM,"Tribhuvan International Airport (Kathmandu, NP)",27.6966,85.3591,1.3
LUA,"Tenzing-Hillary Airport (Lukla, NP)",27.686768,86.729479,1.0
KEP,"Nepalgunj Airport (Nepalgunj, NP)",28.1036,81.667,1.0
PKR,"Pokhara Domestic Airport (Pokhara, NP)",28.200621,83.981203,1.0
TPJ,"Taplejung Airport (Taplejung, NP)",27.3509,87.69525,1.0
BIR,"Biratnagar Airport (Biratnagar, NP)",26.48150062561035,87.26399993896484,1.0
AGX,"Agatti Airport (Agatti, IN)",10.8237,72.176003,1.0
BEP,"Bellary Airport (Bellary, IN)",15.162799835205078,76.88279724121094,1.0
BLR,"Kempegowda International Airport Bengaluru (Bengaluru, IN)",13.1979,77.706299,1.3
IXX,"Bidar Airport / Bidar Air Force Station (Bidar, IN)",17.9081,77.487099,1.0
VGA,"Vijayawada International Airport (Vijayawada, IN)",16.530011,80.804888,1.3
CJB,"Coimbatore International Airport (Coimbatore, IN)",11.03,77.043404,1.3
COK,"Cochin International Airport (Kochi, IN)",10.151047,76.400838,1.3
CCJ,"Calicut International Airport (Calicut, IN)",11.135996,75.955152,1.3
CDP,"Kadapa Airport (Kadapa, IN)",14.513154,78.769183,1.0
CBD,"Car Nicobar Air Force Base (IAF Camp, IN)",9.153056,92.819273,1.0
GOX,"Manohar International Airport (Mopa, IN)",15.744257,73.860625,1.3
GOI,"Goa Dabolim International Airport (Vasco da Gama, IN)",15.380062,73.833328,1.3
HYD,"Rajiv Gandhi International Airport (Hyderabad, IN)",17.231318,78.429855,1.3
BPM,"Begumpet Airport (Hyderabad, IN)",17.4531,78.467598,1.0
CNN,"Kannur International Airport (Kannur, IN)",11.916343,75.544979,1.3
KJB,"Kurnool Airport (Orvakal, IN)",15.716288,78.16923,1.0
IXM,"Madurai Airport (Madurai, IN)",9.83450984955,78.09339904790001,1.0
IXE,"Mangaluru International Airport (Mangaluru, IN)",12.95471,74.886812,1.3
MAA,"Chennai International Airport (Chennai, IN)",12.990005,80.169296,1.3
MYQ,"Mysore Airport (Mysore, IN)",12.229751,76.653683,1.0
IXZ,"Veer Savarkar International Airport / INS Utkrosh (Port Blair, IN)",11.640194,92.72902,1.3
PNY,"Pondicherry Airport (Puducherry (Pondicherry), IN)",11.968,79.812,1.0
PUT,"Sri Sathya Sai Airport (Puttaparthi, IN)",14.1492996216,77.7910995483,1.0
RJA,"Rajahmundry Airport (Madhurapudi, IN)",17.105799,81.813204,1.0
SXV,"Salem Airport (Salem, IN)",11.78330039978,78.06559753418,1.0
TIR,"Tirupati International Airport (Tirupati, IN)",13.631988,79.539869,1.3
TRZ,"Tiruchirappalli International Airport (Tiruchirappalli, IN)",10.762915,78.717741,1.3
TRV,"Thiruvananthapuram International Airport (Thiruvananthapuram, IN)",8.481889,76.920029,1.3
GLU,"Gelephu Airport (Gelephu, BT)",26.88456,90.46412,1.0
PBH,"Paro International Airport (Paro, BT)",27.4032,89.424599,1.3
NMF,"Maafaru International Airport (Noonu Atoll, MV)",5.817407,73.468404,1.3
GAN,"Gan International Airport (Gan, MV)",-0.692975,73.152627,1.3
HAQ,"Hanimaadhoo International Airport (Haa Dhaalu Atoll, MV)",6.743235,73.167072,1.3
KDO,"Kadhdhoo Airport (Kadhdhoo, MV)",1.8591699600219727,73.52189636230469,1.0
MLE,"Velana International Airport (Malé, MV)",4.19183,73.529099,1.3
KDM,"Kaadedhdhoo Airport (Huvadhu Atoll, MV)",0.488131,72.996902,1.0
VAM,"Villa International Airport Maamigili (Maamigili, MV)",3.471751,72.832633,1.0
DMK,"Don Mueang International Airport (Bangkok, TH)",13.9126,100.607002,1.3
KDT,"Kamphaeng Saen Airport (Nakhon Pathom, TH)",14.1020002365,99.9171981812,1.0
KKM,"Khok Kathiam Airport (Lop Buri, TH)",14.87462,100.663397,1.0
TDX,"Trat Airport (Laem Ngop, TH)",12.2746,102.319,1.0
BKK,"Suvarnabhumi Airport (Bangkok, TH)",13.6811,100.747002,1.3
UTP,"U-Tapao–Rayong–Pattaya International Airport (Rayong, TH)",12.6799,101.004997,1.3
CNX,"Chiang Mai International Airport (Chiang Mai, TH)",18.766799926799997,98.962600708,1.3
HGN,"Mae Hong Son Airport (Mae Hong Son, TH)",19.3013,97.9758,1.0
LPT,"Lampang Airport (, TH)",18.27090072631836,99.50420379638672,1.0
NNT,"Nan Airport (, TH)",18.807899475097656,100.78299713134766,1.0
PRH,"Phrae Airport (, TH)",18.1322,100.165001,1.0
CEI,"Mae Fah Luang - Chiang Rai International Airport (Chiang Rai, TH)",19.952299,99.882896,1.3
PHY,"Phetchabun Airport (, TH)",16.6760005951,101.194999695,1.0
HHQ,"Hua Hin Airport (Hua Hin, TH)",12.6361999512,99.951499939,1.0
TKH,"Takhli Royal Thai Air Force Base (Takhli, TH)",15.2773,100.295998,1.0
MAQ,"Mae Sot Airport (, TH)",16.699899673461914,98.54509735107422,1.0
THS,"Sukhothai Airport (, TH)",17.238000869750977,99.81819915771484,1.0
PHS,"Phitsanulok Airport (Phitsanulok, TH)",16.7829,100.278999,1.0
TKT,"Tak Airport (, TH)",16.896,99.253304,1.0
URT,"Surat Thani Airport (Surat Thani, TH)",9.13259983063,99.135597229,1.0
NAW,"Narathiwat Airport (, TH)",6.5199198722839355,101.74299621582031,1.0
CJM,"Chumphon Airport (Chumphon, TH)",10.7112,99.361702,1.0
NST,"Nakhon Si Thammarat Airport (Nakhon Si Thammarat, TH)",8.539620399475098,99.9447021484375,1.0
KBV,"Krabi International Airport (Krabi, TH)",8.095591,98.988955,1.3
SGZ,"Songkhla Airport (, TH)",7.186560153961182,100.60800170898438,1.0
PAN,"Pattani Airport (, TH)",6.78546,101.153999,1.0
USM,"Samui International Airport (Na Thon (Ko Samui Island), TH)",9.54779,100.061996,1.3
HKT,"Phuket International Airport (Phuket, TH)",8.113257,98.3174,1.3
UNN,"Ranong Airport (Ranong, TH)",9.77762,98.585503,1.0
HDY,"Hat Yai International Airport (Hat Yai, TH)",6.93321,100.392998,1.3
TST,"Trang Airport (Trang, TH)",7.50874,99.6166,1.0
UTH,"Udon Thani International Airport (Udon Thani, TH)",17.386186,102.788577,1.3
SNO,"Sakon Nakhon Airport (, TH)",17.195100784301758,104.11900329589844,1.0
PXR,"Surin Airport (Surin, TH)",14.868300437927,103.49800109863,1.0
KKC,"Khon Kaen Airport (Khon Kaen, TH)",16.466600418099997,102.783996582,1.0
LOE,"Loei Airport (, TH)",17.43910026550293,101.72200012207031,1.0
BFV,"Buri Ram Airport (Buriram, TH)",15.2295,103.252998,1.0
NAK,"Nakhon Ratchasima Airport (Chaloem Phra Kiat, TH)",14.9495,102.313004,1.0
UBP,"Ubon Ratchathani Airport (Ubon Ratchathani, TH)",15.2512998581,104.870002747,1.0
ROI,"Roi Et Airport (Roi Et, TH)",16.1168,103.774002,1.0
KOP,"Nakhon Phanom Airport (Nakhon Phanom, TH)",17.383801,104.642998,1.0
BMV,"Buon Ma Thuot Airport (Buon Ma Thuot, VN)",12.668299675,108.120002747,1.0
HPH,"Cat Bi International Airport (Haiphong (Hai An), VN)",20.817428,106.724315,1.3
CAH,"Cà Mau Airport (Ca Mau City, VN)",9.177667,105.177778,1.0
CXR,"Cam Ranh International Airport / Cam Ranh Air Base (Nha Trang/nha Trang aiurportCam Ranh, VN)",11.9982,109.219002,1.3
VCS,"Con Dao Airport (Con Dao, VN)",8.73183,106.633003,1.0
VCA,"Can Tho International Airport (Can Tho, VN)",10.083397,105.709371,1.3
DIN,"Dien Bien Phu Airport (Dien Bien Phu, VN)",21.3974990845,103.008003235,1.0
VDH,"Dong Hoi Airport (Dong Hoi, VN)",17.515,106.590556,1.0
DLI,"Lien Khuong Airport (Da Lat, VN)",11.750556,108.366997,1.0
DAD,"Da Nang International Airport (Da Nang, VN)",16.0439,108.198997,1.3
HAN,"Noi Bai International Airport (Hanoi (Soc Son), VN)",21.221201,105.806999,1.3
HUI,"Phu Bai International Airport (Huế, VN)",16.400628,107.703094,1.0
UIH,"Phu Cat Airport (Quy Nohn, VN)",13.955,109.042,1.0
PXU,"Pleiku Airport (Pleiku, VN)",14.004500389099121,108.01699829101562,1.0
PQC,"Phú Quốc International Airport (Phu Quoc Island, VN)",10.169783,103.99353,1.3
VKG,"Rach Gia Airport (Rach Gia, VN)",9.95802997234,105.132379532,1.0
TBB,"Dong Tac Airport (Tuy Hoa, VN)",13.0496,109.334,1.0
SGN,"Tan Son Nhat International Airport (Ho Chi Minh City, VN)",10.8188,106.652,1.3
VDO,"Van Don International Airport (Van Don, VN)",21.120693,107.41539,1.0
VII,"Vinh Airport (Vinh, VN)",18.7376003265,105.67099762,1.0
TVY,"Dawei Airport (Dawei, MM)",14.1039,98.203598,1.0
HEH,"Heho Airport (Heho, MM)",20.74714,96.792029,1.0
KET,"Kengtung Airport (Kengtung, MM)",21.301599502563477,99.63600158691406,1.0
KYP,"Kyaukpyu Airport (Kyaukpyu, MM)",19.42639923095703,93.53479766845703,1.0
KAW,"Kawthoung Airport (Kawthoung, MM)",10.049300193786621,98.53800201416016,1.0
LIW,"Loikaw Airport (Loikaw, MM)",19.691499710083008,97.21479797363281,1.0
LSH,"Lashio Airport (Lashio, MM)",22.9778995513916,97.752197265625,1.0
MDL,"Mandalay International Airport (Mandalay, MM)",21.702199935913086,95.97789764404297,1.3
MGZ,"Myeik Airport (Mkeik, MM)",12.439800262451172,98.62149810791016,1.0
MYT,"Myitkyina Airport (Myitkyina, MM)",25.3836,97.351898,1.0
MOE,"Momeik Airport (, MM)",23.092500686645508,96.64530181884766,1.0
MOG,"Mong Hsat Airport (Mong Hsat, MM)",20.516799926757812,99.25679779052734,1.0
NMS,"Namsang Airport (Namsang, MM)",20.890499114990234,97.73590087890625,1.0
NYT,"Nay Pyi Taw International Airport (Naypyitaw, MM)",19.623501,96.200996,1.3
PBU,"Putao Airport (Putao, MM)",27.32990074157715,97.42630004882812,1.0
AKY,"Sittwe Airport (Sittwe, MM)",20.133165,92.870693,1.0
SNW,"Thandwe Airport (Thandwe, MM)",18.4606990814209,94.30010223388672,1.0
THL,"Tachileik Airport (Tachileik, MM)",20.483800888061523,99.9354019165039,1.0
RGN,"Yangon International Airport (Yangon, MM)",16.907300949099998,96.1332015991,1.3
UPG,"Sultan Hasanuddin International Airport (Makassar, ID)",-5.075539,119.553702,1.3
BIK,"Frans Kaisiepo Airport (Biak, ID)",-1.19002,136.108002,1.0
NBX,"Douw Aturure Airport (Nabire, ID)",-3.397973,135.393071,1.0
ZRI,"Stevanus Rumbewas Airport (Serui, ID)",-1.82842,136.062402,1.0
TIM,"Mozes Kilangin Airport (Timika, ID)",-4.52978,136.887388,1.0
BMU,"Sultan Muhammad Salahuddin Airport (Bima, ID)",-8.537184,118.685002,1.0
DPS,"Denpasar I Gusti Ngurah Rai International Airport (Kuta, Badung, ID)",-8.748409,115.167123,1.3
LOP,"Lombok International Airport (Mataram (Pujut, Lombok Tengah), ID)",-8.759962,116.278169,1.3
TTE,"Sultan Babullah Airport (Ternate, ID)",0.831012,127.381611,1.0
OTI,"Pitu Airport (Gotalalamo-Morotai Island, ID)",2.04599,128.324997,1.0
TRT,"Toraja Airport (Toraja, ID)",-3.185833,119.91775,1.0
PLW,"Mutiara - SIS Al-Jufrie Airport (Palu, ID)",-0.916462,119.908647,1.0
PSJ,"Kasiguncu Airport (Poso-Celebes Island, ID)",-1.414121,120.659241,1.0
LUW,"Syukuran Aminuddin Amir Airport (Luwok, ID)",-1.035893,122.773934,1.0
PKY,"Tjilik Riwut Airport (Palangkaraya, ID)",-2.227146,113.943388,1.0
YIA,"Yogyakarta International Airport (Yogyakarta, ID)",-7.905338,110.057264,1.3
CXP,"Tunggul Wulung Airport (Cilacap, ID)",-7.64506,109.033997,1.0
DJJ,"Dortheys Hiyo Eluay International Airport (Sentani, ID)",-2.579627,140.519857,1.3
OKL,"Oksibil Airport (Oksibil, ID)",-4.9071,140.6277,1.0
MKQ,"Mopah International Airport (Merauke, ID)",-8.523898,140.419693,1.0
TMH,"Tanah Merah Airport (Tanah Merah, ID)",-6.09669,140.303521,1.0
BPN,"Sultan Aji Muhammad Sulaiman Sepinggan International Airport (Balikpapan, ID)",-1.268342,116.89452,1.3
TRK,"Juwata International Airport / Suharnoko Harbani AFB (Tarakan, ID)",3.325145,117.564169,1.0
AAP,"Aji Pangeran Tumenggung Pranoto International Airport (Samarinda, ID)",-0.374478,117.250128,1.0
NAH,"Naha Airport (Tabukan Utara, Sangihe Islands, ID)",3.68478,125.527162,1.0
MDC,"Sam Ratulangi International Airport (Manado, ID)",1.548591,124.92625,1.3
TJG,"Warukin Airport (Tanta-Tabalong, ID)",-2.21656,115.435997,1.0
BDJ,"Syamsudin Noor International Airport (Banjarbaru, ID)",-3.440112,114.761209,1.3
LUV,"Karel Sadsuitubun Airport (Langgur, ID)",-5.760278,132.759444,1.0
NAM,"Namniwel Airport (Namniwel, ID)",-3.143159,126.976469,1.0
AMQ,"Pattimura International Airport (Ambon, ID)",-3.71026,128.089005,1.3
BEJ,"Kalimarau Airport (Tanjung Redeb - Borneo Island, ID)",2.14776,117.430705,1.0
MLG,"Abdul Rachman Saleh Airport (Malang, ID)",-7.929099,112.714233,1.0
JOG,"Adisutjipto International Airport (Yogyakarta, ID)",-7.78818,110.431999,1.0
SOC,"Adisoemarmo International Airport (Surakarta, ID)",-7.516044,110.757492,1.3
SUB,"Juanda International Airport (Surabaya, ID)",-7.37983,112.787003,1.3
SRG,"Jenderal Ahmad Yani Airport (Semarang, ID)",-6.970732,110.373244,1.3
FKQ,"Fakfak Airport (Fakfak, ID)",-2.920508,132.267011,1.0
KNG,"Utarom Airport (Kaimana, ID)",-3.6446,133.695116,1.0
BXB,"Babo Airport (Babo, ID)",-2.53224,133.438995,1.0
MKW,"Rendani Airport (Manokwari, ID)",-0.891833,134.048996,1.0
SOQ,"Domine Eduard Osok Airport (Sorong, ID)",-0.894,131.287,1.0
KOE,"El Tari Airport (Kupang, ID)",-10.1716,123.670998,1.0
WMX,"Wamena Airport (Wamena, ID)",-4.097324,138.952417,1.0
WNI,"Matahora Airport (Wangi-wangi Island, ID)",-5.292123,123.636233,1.0
KXB,"Sangia Nibandera Airport (Kolaka, ID)",-4.338158,121.524047,1.0
BTU,"Bintulu Airport (Bintulu, MY)",3.12385010719,113.019996643,1.0
KCH,"Kuching International Airport (Kuching, MY)",1.487364,110.352859,1.3
LMN,"Limbang Airport (Limbang, MY)",4.808300018310547,115.01000213623047,1.0
MKM,"Mukah Airport (Mukah, MY)",2.881944,112.043333,1.0
MUR,"Marudi Airport (Marudi, MY)",4.178734,114.330318,1.0
MYY,"Miri Airport (Miri, MY)",4.32201,113.987,1.0
SBW,"Sibu Airport (Sibu, MY)",2.2616,111.985001,1.0
BBN,"Bario Airport (Bario, MY)",3.734648,115.478548,1.0
LDU,"Lahad Datu Airport (Lahad Datu, MY)",5.03241,118.32376,1.0
BKI,"Kota Kinabalu International Airport (Kota Kinabalu, MY)",5.932743,116.049324,1.3
LBU,"Labuan Airport (Labuan, MY)",5.301667,115.248333,1.0
SDK,"Sandakan Airport (Sandakan, MY)",5.900899887084961,118.05899810791016,1.0
TWU,"Tawau Airport (Tawau, MY)",4.31338,118.12152,1.0
MZV,"Mulu Airport (Mulu, MY)",4.048329830169678,114.80500030517578,1.0
BWN,"Brunei International Airport (Bandar Seri Begawan, BN)",4.9442,114.928001,1.3
PKU,"Sultan Syarif Kasim II International Airport / Roesmin Nurjadin AFB (Pekanbaru, ID)",0.458647,101.444321,1.0
DUM,"Pinang Kampai Airport (Dumai, ID)",1.609026,101.433493,1.0
RGT,"Japura Airport (Rengat-Sumatra Island, ID)",-0.352808,102.334999,1.0
KJT,"Kertajati International Airport (Kertajati, ID)",-6.647384,108.165561,1.0
BDO,"Husein Sastranegara International Airport (Bandung, ID)",-6.90063,107.575996,1.0
BTH,"Hang Nadim International Airport (Batam, ID)",1.12103,104.119003,1.3
TNJ,"Raja Haji Fisabilillah International Airport (Tanjung Pinang-Bintan Island, ID)",0.92397,104.53341,1.0
HLP,"Halim Perdanakusuma International Airport (Jakarta, ID)",-6.266989,106.890318,1.3
CGK,"Soekarno-Hatta International Airport (Jakarta, ID)",-6.12557,106.655998,1.3
TKG,"Radin Inten II International Airport (Bandar Lampung, ID)",-5.246803,105.182531,1.0
GNS,"Binaka Airport (Gunungsitoli, ID)",1.166275,97.705196,1.0
AEG,"Aek Godang Airport (Padang Sidempuan, ID)",1.4001,99.430496,1.0
MES,"Soewondo Air Force Base (Medan, ID)",3.558425,98.672275,1.0
KNO,"Kualanamu International Airport (Beringin, ID)",3.637847,98.870566,1.3
FLZ,"Dr. Ferdinand Lumban Tobing Airport (Sibolga (Pinangsori), ID)",1.557127,98.887145,1.0
LSR,"Alas Leuser Airport (Kutacane, ID)",3.391456,97.863726,1.0
NPO,"Nanga Pinoh Airport (Nanga Pinoh-Borneo Island, ID)",-0.34864,111.746155,1.0
KTG,"Rahadi Osman Airport (Ketapang, ID)",-1.817165,109.963469,1.0
NTX,"Ranai Airport (Ranai-Natuna Besar Island, ID)",3.90871,108.388,1.0
PNK,"Supadio International Airport (Pontianak, ID)",-0.152258,109.404493,1.3
PSU,"Pangsuma Airport (Putussibau-Borneo Island, ID)",0.834579,112.940217,1.0
SQG,"Tebelian Airport (Sintang, ID)",-0.045214,111.458049,1.0
PGK,"Depati Amir Airport (Pangkal Pinang, ID)",-2.1622,106.139,1.0
BKS,"Fatmawati Soekarno Airport (Bengkulu, ID)",-3.8637,102.338997,1.0
PLM,"Sultan Mahmud Badaruddin II Airport (Palembang, ID)",-2.897653,104.698147,1.0
PDO,"Pendopo Airport (Talang Gudang-Sumatra Island, ID)",-3.2860701084136963,103.87999725341797,1.0
PDG,"Minangkabau International Airport (Padang (Katapiang), ID)",-0.785964,100.280384,1.3
MEQ,"Cut Nyak Dhien Airport (Kuala Pesisir, ID)",4.040998,96.253312,1.0
TXE,"Rembele Airport (Takengon, ID)",4.72113,96.851943,1.0
LSX,"Lhok Sukon Airport (Lhok Sukon-Sumatra Island, ID)",5.06951,97.259201,1.0
BTJ,"Sultan Iskandar Muda International Airport (Banda Aceh, ID)",5.525087,95.41997,1.3
TOD,"Tioman Airport (Tioman Island, MY)",2.81818,104.160004,1.0
AOR,"Sultan Abdul Halim Airport (Alor Satar, MY)",6.189670085906982,100.39800262451172,1.0
BWH,"RMAF Butterworth Air Base (Butterworth, MY)",5.46592,100.390999,1.0
KBR,"Sultan Ismail Petra Airport (Kota Baharu, MY)",6.1668500900268555,102.29299926757812,1.0
KUA,"Kuantan Airport (Kuantan, MY)",3.7753899097442627,103.20899963378906,1.0
KTE,"Kerteh Airport (Kerteh, MY)",4.53722,103.427002,1.0
IPH,"Sultan Azlan Shah Airport (Ipoh, MY)",4.56733,101.091643,1.3
JHB,"Senai International Airport (Johor Bahru, MY)",1.64131,103.669998,1.3
KUL,"Kuala Lumpur International Airport (Sepang, MY)",2.74558,101.709999,1.3
LGK,"Langkawi International Airport (Langkawi, MY)",6.32973,99.728699,1.3
MKZ,"Malacca International Airport (Malacca, MY)",2.265613,102.252778,1.0
TGG,"Sultan Mahmud Airport (Kuala Terengganu, MY)",5.3826398849487305,103.10299682617188,1.0
PEN,"Penang International Airport (Penang, MY)",5.296303,100.276185,1.3
SZB,"Sultan Abdul Aziz Shah International Airport (Subang, MY)",3.13058,101.549004,1.3
UAI,"Commander in Chief of FALINTIL, Kay Rala Xanana Gusmão, International Airport (Suai, TL)",-9.301856,125.286302,1.0
DIL,"Presidente Nicolau Lobato International Airport (Dili, TL)",-8.546562,125.524507,1.3
BCH,"Baucau Airport (Baucau, TL)",-8.486479,126.399981,1.0
OEC,"Oecusse Route of the Sandalwood International Airport (Oecussi-Ambeno, TL)",-9.198419,124.337873,1.3
QPG,"Paya Lebar Air Base (Paya Lebar, SG)",1.36042,103.910004,1.0
TGA,"Tengah Air Base (Western Water Catchment, SG)",1.387561,103.708291,1.0
XSP,"Seletar Airport (Seletar, SG)",1.41555,103.86673,1.0
SIN,"Singapore Changi Airport (Singapore, SG)",1.35019,103.994003,1.3
ALH,"Albany Airport (Albany, AU)",-34.943333,117.808889,1.0
ARY,"Ararat Airport (Ararat, AU)",-37.309978,142.988688,1.0
ARM,"Armidale Airport (Armidale, AU)",-30.528099060099997,151.617004395,1.0
AYQ,"Ayers Rock Connellan Airport (Yulara, AU)",-25.185913,130.97703,1.0
BCI,"Barcaldine Airport (Barcaldine, AU)",-23.566268,145.302086,1.0
ASP,"Alice Springs Airport (Alice Springs, AU)",-23.806588,133.903427,1.0
BNE,"Brisbane International Airport (Brisbane, AU)",-27.384199142456055,153.11700439453125,1.3
OOL,"Gold Coast Airport (Gold Coast, AU)",-28.165962,153.506641,1.3
BKQ,"Blackall Airport (Blackall, AU)",-24.431678,145.429716,1.0
CNS,"Cairns International Airport (Cairns, AU)",-16.878921,145.74948,1.3
CTL,"Charleville Airport (Charleville, AU)",-26.4132995605,146.261993408,1.0
BVI,"Birdsville Airport (, AU)",-25.897499084472656,139.34800720214844,1.0
BHQ,"Broken Hill Airport (Broken Hill, AU)",-32.0013999939,141.472000122,1.0
HTI,"Hamilton Island Airport (Hamilton Island, AU)",-20.3581008911,148.95199585,1.0
BEU,"Bedourie Airport (Bedourie, AU)",-24.3461,139.460007,1.0
BRK,"Bourke Airport (, AU)",-30.039199829101562,145.95199584960938,1.0
BLN,"Benalla Airport (Benalla, AU)",-36.551899,146.007004,1.0
ISA,"Mount Isa Airport (Mount Isa, AU)",-20.66638,139.488468,1.0
MKY,"Mackay Airport (Mackay, AU)",-21.170816,149.182588,1.0
BNK,"Ballina Byron Gateway Airport (Ballina, AU)",-28.833236,153.561471,1.0
BSJ,"Bairnsdale Airport (Bairnsdale, AU)",-37.887539,147.569379,1.0
OKY,"Oakey Army Aviation Centre (, AU)",-27.409262,151.736727,1.0
BQL,"Boulia Airport (, AU)",-22.913299560546875,139.89999389648438,1.0
PPP,"Proserpine Whitsunday Coast Airport (Proserpine, AU)",-20.494416,148.553583,1.0
ROK,"Rockhampton Airport (Rockhampton, AU)",-23.380019,150.475359,1.0
BME,"Broome International Airport (Broome, AU)",-17.949194,122.2283,1.3
BZD,"Balranald Airport (, AU)",-34.624834,143.577114,1.0
BWQ,"Brewarrina Airport (, AU)",-29.975792,146.81438,1.0
MCY,"Sunshine Coast Airport (Maroochydore, AU)",-26.593324,153.08319,1.3
BHS,"Bathurst Airport (Bathurst, AU)",-33.406817,149.651161,1.0
BRT,"Bathurst Island Airport (Wurrumiyanga, AU)",-11.764966,130.615774,1.0
TSV,"Townsville Airport / RAAF Base Townsville (Townsville, AU)",-19.252904,146.766512,1.0
BLT,"Blackwater Airport (, AU)",-23.6031,148.807007,1.0
BDB,"Bundaberg Airport (Bundaberg, AU)",-24.905039,152.322612,1.0
WEI,"Weipa Airport (Weipa, AU)",-12.677493,141.922618,1.0
WTB,"Toowoomba Wellcamp Airport (Toowoomba, AU)",-27.558332,151.793335,1.3
CVQ,"Carnarvon Airport (Carnarvon, AU)",-24.884337,113.666393,1.0
CAZ,"Cobar Airport (, AU)",-31.538299560546875,145.79400634765625,1.0
COJ,"Coonabarabran Airport (, AU)",-31.3325,149.266998,1.0
CPD,"Coober Pedy Airport (Coober Pedy, AU)",-29.038312,134.722166,1.0
CCL,"Chinchilla Airport (Chinchilla, AU)",-26.771947,150.617571,1.0
CNJ,"Cloncurry Airport (Cloncurry, AU)",-20.668600082399998,140.503997803,1.0
CED,"Ceduna Airport (, AU)",-32.13059997558594,133.7100067138672,1.0
CVC,"Cleve Airport (, AU)",-33.709702,136.505005,1.0
CFS,"Coffs Harbour Airport (Coffs Harbour, AU)",-30.320601,153.115997,1.0
DCN,"RAAF Base Curtin (Derby, AU)",-17.581389,123.828333,1.0
CTN,"Cooktown Airport (, AU)",-15.443649,145.183221,1.0
CMQ,"Clermont Airport (, AU)",-22.7731,147.621002,1.0
CMA,"Cunnamulla Airport (, AU)",-28.030000686645508,145.6219940185547,1.0
CNB,"Coonamble Airport (, AU)",-30.980946,148.377833,1.0
CUQ,"Coen Airport (Coen, AU)",-13.761133,143.113311,1.0
OOM,"Cooma Snowy Mountains Airport (Cooma, AU)",-36.300445,148.972408,1.0
CWW,"Corowa Airport (, AU)",-35.994701,146.356995,1.0
CYG,"Corryong Airport (, AU)",-36.18280029296875,147.88800048828125,1.0
CMD,"Cootamundra Airport (, AU)",-34.624283,148.036641,1.0
CWT,"Cowra Airport (, AU)",-33.846894,148.648007,1.0
DRN,"Dirranbandi Airport (, AU)",-28.587912,148.217161,1.0
DRB,"Derby Airport (Derby, AU)",-17.37193,123.66221,1.0
DNQ,"Deniliquin Airport (Deniliquin, AU)",-35.5593986511,144.945999146,1.0
DPO,"Devonport Airport (Devonport, AU)",-41.1697006226,146.429992676,1.0
DYA,"Dysart Airport (, AU)",-22.6222,148.363998,1.0
ECH,"Echuca Airport (, AU)",-36.15719985961914,144.76199340820312,1.0
ELC,"Elcho Island Airport (Elcho Island, AU)",-12.019399642899998,135.570999146,1.0
EMD,"Emerald Airport (Emerald, AU)",-23.5674991608,148.179000854,1.0
EPR,"Esperance Airport (Esperance, AU)",-33.684399,121.822998,1.0
WHB,"Eliwana (, AU)",-22.428395,116.887879,1.0
FRB,"Forbes Airport (Forbes, AU)",-33.363602,147.934998,1.0
FOS,"Forrest Airport (, AU)",-30.83662,128.112811,1.0
FIZ,"Fitzroy Crossing Airport (, AU)",-18.183596,125.559783,1.0
GUH,"Gunnedah Airport (, AU)",-30.957511,150.248981,1.0
GET,"Geraldton Airport (Moonyoonooka, AU)",-28.796101,114.707001,1.0
GFN,"Clarence Valley Regional Airport (Grafton, AU)",-29.754795,153.031234,1.0
GLT,"Gladstone Airport (Gladstone, AU)",-23.869763,151.225439,1.0
GUL,"Goulburn Airport (, AU)",-34.810298919677734,149.7259979248047,1.0
GLI,"Glen Innes Airport (Glen Innes, AU)",-29.676029,151.691156,1.0
GPN,"Garden Point Airport (Pirlangimpi, AU)",-11.399686,130.425568,1.0
GTE,"Groote Eylandt Airport (Groote Eylandt, AU)",-13.972405,136.458553,1.0
GFF,"Griffith Airport (Griffith, AU)",-34.2508010864,146.067001343,1.0
HXX,"Hay Airport (, AU)",-34.531399,144.830002,1.0
HVB,"Hervey Bay Airport (Hervey Bay, AU)",-25.320127,152.880662,1.0
HID,"Horn Island Airport (Horn, AU)",-10.585636,142.29277,1.0
HCQ,"Halls Creek Airport (, AU)",-18.2339,127.669998,1.0
HLT,"Hamilton Airport (, AU)",-37.64889907836914,142.06500244140625,1.0
MHU,"Mount Hotham Airport (Mount Hotham, AU)",-37.0475006104,147.333999634,1.0
HTU,"Hopetoun Airport (, AU)",-35.715302,142.360001,1.0
HSM,"Horsham Airport (, AU)",-36.669700622558594,142.17300415039062,1.0
IVR,"Inverell Airport (Inverell, AU)",-29.888299942,151.143997192,1.0
KRA,"Kerang Airport (, AU)",-35.751399993896484,143.93899536132812,1.0
KNS,"King Island Airport (, AU)",-39.877498626708984,143.8780059814453,1.0
KPS,"Kempsey Airport (, AU)",-31.07232,152.765313,1.0
KWM,"Kowanyama Airport (Kowanyama, AU)",-15.485369,141.752572,1.0
KGY,"Kingaroy Airport (, AU)",-26.581077,151.839927,1.0
KGC,"Kingscote Airport (, AU)",-35.71390151977539,137.52099609375,1.0
LGH,"Leigh Creek Airport (, AU)",-30.598301,138.425995,1.0
LNO,"Leonora Airport (Leonora, AU)",-28.87809944152832,121.31500244140625,1.0
IRG,"Lockhart River Airport (Lockhart River, AU)",-12.7869,143.304993,1.0
LSY,"Lismore Airport (Lismore, AU)",-28.830689,153.258419,1.0
LHG,"Lightning Ridge Airport (, AU)",-29.452857,147.977146,1.0
LRE,"Longreach Airport (Longreach, AU)",-23.4342,144.279999,1.0
LER,"Leinster Airport (, AU)",-27.843299865722656,120.7030029296875,1.0
TGN,"Latrobe Valley Airport (Morwell, AU)",-38.211004,146.470817,1.0
AVV,"Melbourne Avalon International Airport (Geelong/Melbourne, AU)",-38.040269,144.467196,1.3
ABX,"Albury Airport (East Albury, AU)",-36.066758,146.959148,1.0
MRG,"Mareeba Airport (Mareeba, AU)",-17.070277,145.424228,1.0
DGE,"Mudgee Airport (Mudgee, AU)",-32.564794,149.609452,1.0
MKR,"Meekatharra Airport (, AU)",-26.6117000579834,118.5479965209961,1.0
MEB,"Melbourne Essendon Airport (Essendon Fields, AU)",-37.7281,144.901993,1.0
MIM,"Merimbula Airport (Merimbula, AU)",-36.9085998535,149.901000977,1.0
MNG,"Maningrida Airport (Maningrida, AU)",-12.0560998917,134.23399353,1.0
HBA,"Hobart International Airport (Hobart (Cambridge), AU)",-42.837032,147.513022,1.3
MQL,"Mildura Airport (Mildura, AU)",-34.229198455799995,142.085998535,1.0
LST,"Launceston Airport (Launceston (Western Junction), AU)",-41.544935,147.210785,1.0
MBW,"Melbourne Moorabbin Airport (Melbourne, AU)",-37.977765,145.099799,1.0
MEL,"Melbourne Airport (Melbourne, AU)",-37.670732,144.837898,1.3
WME,"Mount Keith Airport (, AU)",-27.28733,120.554937,1.0
MMG,"Mount Magnet Airport (, AU)",-28.116100311279297,117.84200286865234,1.0
MRZ,"Moree Airport (Moree, AU)",-29.498899459799997,149.845001221,1.0
MOV,"Moranbah Airport (Moranbah, AU)",-22.057800293,148.07699585,1.0
RRE,"Marree Airport (, AU)",-29.6633,138.065002,1.0
MYA,"Moruya Airport (Moruya, AU)",-35.8978004456,150.143997192,1.0
MGB,"Mount Gambier Airport (Mount Gambier, AU)",-37.744382,140.780561,1.0
NRA,"Narrandera Airport (Narrandera, AU)",-34.7022018433,146.511993408,1.0
NAA,"Narrabri Airport (Narrabri, AU)",-30.3192005157,149.82699585,1.0
RPM,"Ngukurr Airport (Roper River, AU)",-14.7228,134.746994,1.0
QRM,"Narromine Airport (, AU)",-32.214699,148.225006,1.0
NTN,"Normanton Airport (Normanton, AU)",-17.68409,141.069664,1.0
ZNE,"Newman Airport (Newman, AU)",-23.417800903299998,119.803001404,1.0
OAG,"Orange Airport (Orange, AU)",-33.382014,149.131262,1.0
ADL,"Adelaide International Airport (Adelaide, AU)",-34.947512,138.533393,1.3
PUG,"Port Augusta Airport (, AU)",-32.506900787353516,137.7169952392578,1.0
PBO,"Paraburdoo Airport (Paraburdoo, AU)",-23.1711006165,117.745002747,1.0
CCK,"Cocos (Keeling) Islands Airport (West Island, CC)",-12.192218,96.834103,1.3
DRW,"Darwin International Airport / RAAF Darwin (Darwin, AU)",-12.41497,130.88185,1.3
GOV,"Gove Airport (Nhulunbuy, AU)",-12.269399642899998,136.817993164,1.0
PPI,"Port Pirie Airport (, AU)",-33.238899,137.994995,1.0
JAD,"Perth Jandakot Airport (Perth, AU)",-32.09749984741211,115.88099670410156,1.0
KTA,"Karratha Airport (Karratha, AU)",-20.712200164799995,116.773002625,1.0
KGI,"Kalgoorlie Boulder Airport (Broadwood, AU)",-30.791543,121.464586,1.0
PKE,"Parkes Airport (Parkes, AU)",-33.131401062,148.238998413,1.0
PKT,"Port Keats Airport (Wadeye, AU)",-14.249701,129.529538,1.0
KNX,"East Kimberley Regional (Kununurra) Airport (Kununurra, AU)",-15.7781,128.707993,1.0
PLO,"Port Lincoln Airport (Port Lincoln, AU)",-34.6053009033,135.880004883,1.0
LEA,"Learmonth Airport (Exmouth, AU)",-22.235201,114.090024,1.0
PQQ,"Port Macquarie Airport (Port Macquarie, AU)",-31.4358005524,152.863006592,1.0
PTJ,"Portland Airport (, AU)",-38.31809997558594,141.4709930419922,1.0
PHE,"Port Hedland International Airport (Port Hedland, AU)",-20.382787,118.629789,1.3
PER,"Perth International Airport (Perth, AU)",-31.94029998779297,115.96700286865234,1.3
KTR,"Tindal Airport (, AU)",-14.521100044250488,132.3780059814453,1.0
XCH,"Christmas Island International Airport (Flying Fish Cove, CX)",-10.450387,105.6911,1.0
ULP,"Quilpie Airport (, AU)",-26.609176,144.253746,1.0
RMK,"Renmark Airport (, AU)",-34.1964,140.673996,1.0
RMA,"Roma Airport (Roma, AU)",-26.545000076300003,148.774993896,1.0
BWU,"Sydney Bankstown Airport (Sydney, AU)",-33.923618,150.990792,1.0
CBR,"Canberra Airport (Canberra, AU)",-35.3069,149.195007,1.0
CDU,"Camden Airport (Cobbitty, AU)",-34.038338,150.686406,1.0
DBO,"Dubbo City Regional Airport (Dubbo, AU)",-32.2167015076,148.574996948,1.0
MJK,"Shark Bay Airport (Denham, AU)",-25.897294,113.575802,1.0
WOL,"Shellharbour Airport (Albion Park Rail, AU)",-34.5611,150.789001,1.0
SHT,"Shepparton Airport (, AU)",-36.428341,145.391473,1.0
SIO,"Smithton Airport (, AU)",-40.834999084472656,145.08399963378906,1.0
SNB,"Snake Bay Airport (Milikapiti, AU)",-11.417674,130.648481,1.0
NLK,"Norfolk Island International Airport (Burnt Pine, NF)",-29.041759,167.939474,1.0
NOA,"Naval Air Station Nowra - HMAS Albatross (Nowra Hill, AU)",-34.9466,150.542451,1.0
XRH,"RAAF Base Richmond (Richmond, AU)",-33.604652,150.783051,1.0
SYD,"Sydney Kingsford Smith International Airport (Sydney (Mascot), AU)",-33.946098,151.177002,1.3
TMW,"Tamworth Airport (Tamworth, AU)",-31.077898,150.845484,1.0
WGA,"Wagga Wagga Airport (Forest Hill, AU)",-35.163484,147.46832,1.0
SWH,"Swan Hill Airport (, AU)",-35.37580108642578,143.5330047607422,1.0
SWC,"Stawell Airport (, AU)",-37.07170104980469,142.74099731445312,1.0
WSI,"[Duplicate] Western Sydney International Airport (Sydney, AU)",-33.88806,150.71472,1.3
TEF,"Telfer Airport (, AU)",-21.715,122.228996,1.0
TEM,"Temora Airport (Temora, AU)",-34.421398,147.511993,1.0
XTG,"Thargomindah Airport (Thargomindah, AU)",-27.986368,143.812065,1.0
TYB,"Tibooburra Airport (, AU)",-29.451099,142.057999,1.0
TUM,"Tumut Aerodrome (Tumut, AU)",-35.26832,148.240526,1.0
THG,"Thangool Airport (Biloela, AU)",-24.494863,150.577967,1.0
TCA,"Tennant Creek Airport (Tennant Creek, AU)",-19.6343994140625,134.18299865722656,1.0
TRO,"Taree Airport (Taree, AU)",-31.888599,152.514008,1.0
WNR,"Windorah Airport (Windorah, AU)",-25.410641,142.668428,1.0
WGT,"Wangaratta Airport (Laceby, AU)",-36.417914,146.306896,1.0
WYA,"Whyalla Airport (Whyalla, AU)",-33.05889892578125,137.51400756835938,1.0
WKB,"Warracknabeal Airport (, AU)",-36.32109832763672,142.41900634765625,1.0
WGE,"Walgett Airport (, AU)",-30.032801,148.126007,1.0
NTL,"Newcastle Airport (Williamtown, AU)",-32.796114,151.835025,1.3
WUN,"Wiluna Airport (, AU)",-26.629199981689453,120.22100067138672,1.0
SXE,"West Sale Airport (Sale, AU)",-38.090827,146.965335,1.0
WIN,"Winton Airport (, AU)",-22.36359977722168,143.08599853515625,1.0
WWY,"West Wyalong Airport (West Wyalong, AU)",-33.9371986389,147.190994263,1.0
BWT,"Wynyard Airport (Burnie, AU)",-40.997039,145.726,1.0
NGA,"Young Airport (, AU)",-34.255576,148.247118,1.0
PEK,"Beijing Capital International Airport (Beijing, CN)",40.077349,116.596702,1.3
PKX,"Beijing Daxing International Airport (Beijing, CN)",39.501289,116.413967,1.3
CDE,"Chengde Puning Airport (Chengde, CN)",41.1225,118.073889,1.0
CIF,"Chifeng Yulong Airport (Chifeng, CN)",42.159723,118.840971,1.0
BPE,"Qinhuangdao Beidaihe Airport (Qinhuangdao (Changli), CN)",39.666384,119.061384,1.0
DSN,"Ordos Ejin Horo International Airport (Ordos, CN)",39.493514,109.8599,1.3
DAT,"Datong Yungang International Airport (Datong, CN)",40.06139,113.480509,1.3
ERL,"Erenhot Saiwusu International Airport (Erenhot, CN)",43.424079,112.091081,1.0
YIE,"Arxan Yi'ershi Airport (Arxan, CN)",47.3106,119.9117,1.0
HDG,"Handan Airport (Handan, CN)",36.524824,114.424126,1.0
HET,"Hohhot Baita International Airport (Hohhot, CN)",40.849658,111.824598,1.3
HUO,"Holingol Huolinhe Airport (Holingol, CN)",45.487222,119.407222,1.0
HLD,"Hulunbuir Hailar Airport (Hailar, CN)",49.208616,119.822301,1.3
LFQ,"Linfen Yaodu Airport (Linfen (Yaodu), CN)",36.132629,111.641236,1.0
LLV,"Lüliang Dawu Airport (Lüliang, CN)",37.683333,111.142778,1.0
NZH,"Manzhouli Xijiao Airport (Manzhouli, CN)",49.566667,117.33,1.0
BAV,"Baotou Donghe International Airport (Baotou, CN)",40.560001,109.997002,1.3
SZH,"Shuozhou Zirun Airport (Shuozhou, CN)",39.273241,112.691552,1.0
SJW,"Shijiazhuang Zhengding International Airport (Shijiazhuang, CN)",38.280701,114.696999,1.3
TSN,"Tianjin Binhai International Airport (Tianjin, CN)",39.124401092499994,117.346000671,1.3
TGO,"Tongliao Airport (Tongliao, CN)",43.556702,122.199997,1.0
UCB,"Ulanqab Jining Airport (Ulanqab, CN)",41.130266,113.107274,1.0
WUA,"Wuhai Airport (Wuhai, CN)",39.7934,106.7993,1.0
XIL,"Xilinhot Airport (Xilinhot, CN)",43.91559982299805,115.96399688720703,1.0
YCU,"Yuncheng Yanhu International Airport (Yuncheng (Yanhu), CN)",35.117823,111.034023,1.3
TYN,"Taiyuan Wusu International Airport (Taiyuan, CN)",37.746899,112.627998,1.3
RLK,"Bayannur Tianjitai Airport (Bayannur, CN)",40.926358,107.74093,1.0
ZQZ,"Zhangjiakou Ningyuan Airport (Zhangjiakou, CN)",40.738664,114.933395,1.0
NZL,"Zhalantun Genghis Khan Airport (Zhalantun, CN)",47.865942,122.768662,1.0
BHY,"Beihai Fucheng Airport (Beihai, CN)",21.538659,109.293683,1.0
AEB,"Baise (Bose) Bama Airport (Baise (Tianyang), CN)",23.7206,106.959999,1.0
CGD,"Changde Taohuayuan Airport (Changde (Dingcheng), CN)",28.9189,111.639999,1.0
HJJ,"Huaihua Zhijiang Airport (Huaihua, CN)",27.443087,109.704666,1.0
HCZ,"Chenzhou Beihu Airport (Chenzhou, CN)",25.753419,112.845404,1.0
DYG,"Zhangjiajie Hehua International Airport (Zhangjiajie (Yongding), CN)",29.104749,110.442786,1.3
FUO,"Foshan Shadi Airport (Foshan (Nanhai), CN)",23.0825,113.070833,1.0
CAN,"Guangzhou Baiyun International Airport (Guangzhou (Huadu), CN)",23.392401,113.299004,1.3
CSX,"Changsha Huanghua International Airport (Changsha (Changsha), CN)",28.189199,113.220001,1.3
HCJ,"Hechi Jinchengjiang Airport (Hechi (Jinchengjiang), CN)",24.804344,107.710819,1.0
HUZ,"Huizhou Pingtan Airport (Huizhou (Pingtan), CN)",23.049999,114.599998,1.0
KWL,"Guilin Liangjiang International Airport (Guilin (Lingui), CN)",25.219828,110.039553,1.3
LLF,"Yongzhou Lingling Airport (Yongzhou, CN)",26.338661,111.610043,1.0
NNG,"Nanning Wuxu International Airport (Nanning (Jiangnan), CN)",22.598071,108.181922,1.3
SWA,"Jieyang Chaoshan International Airport (Jieyang (Rongcheng), CN)",23.552,116.5033,1.3
ZUH,"Zhuhai Jinwan Airport (Zhuhai (Jinwan), CN)",22.006399,113.375999,1.3
WGN,"Shaoyang Wugang Airport (Shaoyang (Wugang), CN)",26.806123,110.641042,1.0
SZX,"Shenzhen Bao'an International Airport (Shenzhen, CN)",22.639474,113.803262,1.3
WUZ,"Wuzhou Xijiang Airport (Tangbu, CN)",23.40316,111.09331,1.0
YLX,"Yulin Fumian Airport (Yulin, CN)",22.433042,110.119996,1.0
YYA,"Yueyang Sanhe Airport (Yueyang (Yueyanglou), CN)",29.311699,113.281574,1.0
LZH,"Liuzhou Bailian Airport / Bailian Air Base (Liuzhou (Liujiang), CN)",24.2075,109.390999,1.0
ZHA,"Zhanjiang Wuchuan International Airport (Zhanjiang, CN)",21.481667,110.590278,1.3
CGO,"Zhengzhou Xinzheng International Airport (Zhengzhou, CN)",34.526497,113.849165,1.3
EHU,"Ezhou Huahu International Airport (Ezhou, CN)",30.341178,115.03926,1.3
ENH,"Enshi Xujiaping Airport (Enshi (Enshi), CN)",30.320299,109.485001,1.0
LHK,"Guangzhou MR Air Base / Guanghua Airport (Xiangyang (Laohekou), CN)",32.38866,111.69425,1.0
WUH,"Wuhan Tianhe International Airport (Wuhan (Huangpi), CN)",30.774798,114.213723,1.3
SHS,"Jingzhou Shashi Airport (Jingzhou (Shashi), CN)",30.29281,112.44854,1.0
LYA,"Luoyang Beijiao Airport (Luoyang (Laocheng), CN)",34.7411,112.388,1.3
HPG,"Shennongjia Hongping Airport (Shennongjia (Hongping), CN)",31.626,110.34,1.0
WDS,"Shiyan Wudangshan Airport (Shiyan (Maojian), CN)",32.592889,110.906296,1.0
XFN,"Xiangyang Liuji Airport (Xiangyang (Xiangzhou), CN)",32.152222,112.291666,1.0
XAI,"Xinyang Minggang Airport (Xinyang, CN)",32.540819,114.079141,1.0
YIH,"Yichang Sanxia Airport (Yichang (Xiaoting), CN)",30.554132,111.482563,1.0
HAK,"Haikou Meilan International Airport (Haikou (Meilan), CN)",19.9349,110.459,1.3
BAR,"Qionghai Bo'ao Airport (Qionghai (Basuo), CN)",19.140951,110.452766,1.0
SYX,"Sanya Phoenix International Airport (Sanya (Tianya), CN)",18.3029,109.412003,1.3
RGO,"Orang (Chongjin) Airport (Hoemun-ri, KP)",41.428538,129.647555,1.0
FNJ,"Pyongyang Sunan International Airport (Pyongyang, KP)",39.224098,125.669998,1.3
DSO,"Sondok Airport (Sŏndŏng-ni, KP)",39.745201,127.473999,1.0
WOS,"Wonsan Kalma Airport (Wonsan, KP)",39.165219,127.487931,1.0
DNH,"Dunhuang Mogao International Airport (Dunhuang, CN)",40.161953,94.812827,1.3
HXD,"Haixi Delingha Airport (Delingha, CN)",37.125286,97.268658,1.0
GMQ,"Golog Maqên Airport (Golog (Maqên), CN)",34.418066,100.301144,1.0
GOQ,"Golmud Airport (Golmud, CN)",36.4006,94.786102,1.0
GYU,"Guyuan Liupanshan Airport (Guyuan (Yuanzhou), CN)",36.078889,106.216944,1.0
HTT,"Huatugou Airport (Mengnai, CN)",38.201645,90.837843,1.0
HZG,"Hanzhong Chenggu Airport (Hanzhong (Chenggu), CN)",33.133527,107.203817,1.0
INC,"Yinchuan Hedong International Airport (Yinchuan, CN)",38.322758,106.393214,1.3
JIC,"Jinchang Jinchuan Airport (Jinchang, CN)",38.542222,102.348333,1.0
JGN,"Jiayuguan International Airport (Jiayuguan, CN)",39.859052,98.339344,1.3
LHW,"Lanzhou Zhongchuan International Airport (Lanzhou (Yongdeng), CN)",36.515202,103.620003,1.3
LNL,"Longnan Chengzhou Airport (Longnan (Cheng), CN)",33.789918,105.790014,1.0
IQN,"Qingyang Xifeng Airport (Qingyang (Xifeng), CN)",35.802638,107.598896,1.0
SIA,"Xi'an Xiguan Airport (Xi'an (Baqiao), CN)",34.376701,109.120003,1.0
THQ,"Tianshui Maijishan Airport (Tianshui (Maiji), CN)",34.5601,105.860343,1.0
GXH,"Gannan Xiahe Airport (Gannan (Xiahe), CN)",34.819014,102.622261,1.0
XNN,"Xining Caojiabao International Airport (Haidong (Huzhu Tu Autonomous County), CN)",36.52775,102.040215,1.3
XIY,"Xi'an Xianyang International Airport (Xi'an, CN)",34.442207,108.762385,1.3
ENY,"Yan'an Nanniwan Airport (Yan'an (Baota), CN)",36.479413,109.464083,1.0
UYN,"Yulin Yuyang Airport (Yulin, CN)",38.35971,109.590927,1.0
YUS,"Yushu Batang Airport (Yushu (Batang), CN)",32.836389,97.036389,1.0
ZHY,"Zhongwei Shapotou Airport (Zhongwei (Shapotou), CN)",37.573125,105.154454,1.0
YZY,"Zhangye Ganzhou Airport (Zhangye (Ganzhou), CN)",38.801899,100.675003,1.0
UMB,"Kalumbila Airport (Kalumbila, ZM)",-12.25358,25.44432,1.0
AVK,"Arvaikheer Airport (Arvaikheer, MN)",46.250301361083984,102.802001953125,1.0
LTI,"Altai Airport (Altai, MN)",46.376399993896484,96.22109985351562,1.0
BYN,"Bayankhongor Airport (Bayankhongor, MN)",46.1633,100.704002,1.0
UGA,"Bulgan Airport (Bulgan, MN)",48.85499954223633,103.47599792480469,1.0
UUN,"Baruun Urt Airport (, MN)",46.660301208496094,113.28500366210938,1.0
COQ,"Choibalsan Airport (, MN)",48.135381,114.647231,1.0
UBN,"Ulaanbaatar Chinggis Khaan International Airport (Ulaanbaatar (Sergelen), MN)",47.646916,106.819833,1.3
DLZ,"Dalanzadgad Airport (Dalanzadgad, MN)",43.608628,104.367734,1.0
HVD,"Khovd Airport (Khovd, MN)",47.954102,91.628197,1.0
MXV,"Mörön Airport (Mörön, MN)",49.663677,100.100028,1.0
ULN,"Buyant-Ukhaa International Airport (Ulaanbaatar, MN)",47.843102,106.766998,1.3
ULO,"Ulaangom Airport (Ulaangom, MN)",50.066588,91.938273,1.0
ULG,"Ölgii Mongolei International Airport (Ölgii, MN)",48.993301,89.922501,1.0
BSD,"Baoshan Yunrui Airport (Baoshan (Longyang), CN)",25.053301,99.168297,1.0
CWJ,"Cangyuan Washan Airport (Lincang (Cangyuan), CN)",23.276331,99.373169,1.0
DLU,"Dali Fengyi Airport (Dali (Xiaguan), CN)",25.649401,100.319,1.0
DIG,"Diqing Shangri-La Airport (Diqing (Shangri-La), CN)",27.7936,99.6772,1.0
JHG,"Xishuangbanna Gasa International Airport (Jinghong (Gasa), CN)",21.974648,100.762224,1.3
JMJ,"Lancang Jingmai Airport (Pu'er (Lancang), CN)",22.417733,99.784012,1.0
LNJ,"Lincang Boshang Airport (Lincang, CN)",23.7381,100.025002,1.0
LJG,"Lijiang Sanyi International Airport (Lijiang, CN)",26.677483,100.244944,1.3
LUM,"Dehong Mangshi International Airport (Dehong (Mangshi), CN)",24.4011,98.5317,1.0
KMG,"Kunming Changshui International Airport (Kunming, CN)",25.110313,102.936743,1.3
YUA,"Yuanmou Air Base (Chuxiong (Yuanmou), CN)",25.737499,101.882004,1.0
XMN,"Xiamen Gaoqi International Airport (Xiamen, CN)",24.543889,118.127454,1.3
AQG,"Anqing Tianzhushan Airport / Anqing North Air Base (Anqing, CN)",30.582199,117.050003,1.0
BFU,"Bengbu Renheji Airport (Bengbu, CN)",32.847733,117.320244,1.0
CZX,"Changzhou Benniu International Airport (Changzhou, CN)",31.920485,119.77546,1.0
KHN,"Nanchang Changbei International Airport (Nanchang, CN)",28.864815,115.90271,1.3
DOY,"Dongying Shengli Airport (Dongying (Kenli), CN)",37.50137,118.789863,1.0
FUG,"Fuyang Xiguan Airport (Yingzhou, Fuyang, CN)",32.882157,115.734364,1.0
FOC,"Fuzhou Changle International Airport (Fuzhou (Changle), CN)",25.929254,119.672524,1.3
HGH,"Hangzhou Xiaoshan International Airport (Hangzhou, CN)",30.23609,120.428865,1.3
HZA,"Heze Mudan Airport (Heze (Dingtao), CN)",35.212972,115.736748,1.0
JDZ,"Jingdezhen Luojia Airport (Jingdezhen, CN)",29.3386,117.176003,1.0
JNG,"Jining Da'an Airport (Jining, CN)",35.647358,116.743269,1.0
TNA,"Jinan Yaoqiang International Airport (Jinan (Licheng), CN)",36.857201,117.216003,1.3
JUZ,"Quzhou Airport (Quzhou (Kezheng), CN)",28.96613,118.898793,1.0
LYG,"Lianyungang Huaguoshan International Airport (Lianyungang, CN)",34.41406,119.17899,1.3
LCX,"Liancheng Guanzhishan Airport (Longyan (Liancheng), CN)",25.67592,116.745907,1.0
HYN,"Taizhou Luqiao Airport (Taizhou (Luqiao), CN)",28.562201,121.429001,1.0
LYI,"Linyi Qiyang Airport (Linyi (Hedong), CN)",35.052918,118.411828,1.0
NGB,"Ningbo Lishe International Airport (Ningbo, CN)",29.82670021057129,121.46199798583984,1.3
NKG,"Nanjing Lukou International Airport (Nanjing, CN)",31.735032,118.865949,1.3
NTG,"Nantong Xingdong International Airport (Nantong (Tongzhou), CN)",32.073566,120.980076,1.0
HFE,"Hefei Xinqiao International Airport (Hefei, CN)",31.98779,116.9769,1.3
PVG,"Shanghai Pudong International Airport (Shanghai (Pudong), CN)",31.1434,121.805,1.3
TAO,"Qingdao Jiaodong International Airport (Qingdao (Jiaozhou), CN)",36.361953,120.088171,1.3
JJN,"Quanzhou Jinjiang International Airport (Quanzhou, CN)",24.795855,118.588599,1.3
RUG,"Rugao Air Base (Rugao (Nantong), CN)",32.258341,120.501131,1.0
RIZ,"Rizhao Shanzihe Airport (Rizhao (Donggang), CN)",35.405033,119.324403,1.0
HIA,"Huai'an Lianshui Airport (Huai'an, CN)",33.792712,119.126657,1.3
SQJ,"Sanming Shaxian Airport (Sanming (Sha), CN)",26.4263,117.8336,1.0
SQD,"Shangrao Sanqingshan Airport (Shangrao (Hengfeng), CN)",28.3797,117.9643,1.0
SHA,"Shanghai Hongqiao International Airport (Shanghai (Minhang), CN)",31.198104,121.33426,1.3
SZV,"Suzhou Guangfu Airport (Suzhou, CN)",31.2631,120.401001,1.0
TXN,"Huangshan Tunxi International Airport (Huangshan, CN)",29.733299,118.255997,1.3
WHA,"Wuhu Xuanzhou Airport (Wuhu, CN)",31.1045,118.66687,1.0
WEF,"Weifang Nanyuan Airport (Weifang (Kuiwen), CN)",36.646702,119.119003,1.0
WEH,"Weihai Dashuibo Airport (Weihai, CN)",37.187099,122.228996,1.0
WUX,"Sunan Shuofang International Airport (Wuxi, CN)",31.496952,120.43038,1.3
WUS,"Nanping Wuyishan Airport (Wuyishan, CN)",27.7019,118.000999,1.0
WNZ,"Wenzhou Longwan International Airport (Wenzhou (Longwan), CN)",27.910572,120.853465,1.3
XUZ,"Xuzhou Guanyin International Airport (Xuzhou, CN)",34.059056,117.555278,1.0
YTY,"Yangzhou Taizhou Airport (Yangzhou, CN)",32.5634,119.7198,1.0
YIC,"Yichun Mingyueshan Airport (Yichun, CN)",27.8025,114.3062,1.0
YNZ,"Yancheng Nanyang International Airport (Yancheng (Tinghu), CN)",33.428317,120.20545,1.3
YNT,"Yantai Penglai International Airport (Yantai, CN)",37.659724,120.978124,1.3
YIW,"Yiwu Airport (Yiwu/Jinhua, CN)",29.342095,120.03116,1.3
HSN,"Zhoushan Putuoshan International Airport (Zhoushan, CN)",29.933874,122.362307,1.3
NGQ,"Ngari Gunsa Airport (Shiquanhe, CN)",32.09794,80.053971,1.0
AVA,"Anshun Huangguoshu Airport (Anshun (Xixiu), CN)",26.260556,105.873333,1.0
BPX,"Qamdo Bangda Airport (Bangda, CN)",30.553600311279297,97.1082992553711,1.0
BFJ,"Bijie Feixiong Airport (Bijie, CN)",27.267066,105.472097,1.0
CKG,"Chongqing Jiangbei International Airport (Chongqing, CN)",29.712254,106.651895,1.3
DZH,"Dazhou Jinya Airport (Dazhou (Dachuan), CN)",31.048815,107.435646,1.0
DCY,"Daocheng Yading Airport (Garzê (Daocheng), CN)",29.31632,100.060317,1.0
DEJ,"Tongren Dejiang Airport (Under Construction) (Tongren, CN)",28.121,108.1631,1.0
GHN,"Guanghan Airport (Deyang (Guanghan), CN)",30.9485,104.3296,1.0
GYS,"Guangyuan Panlong Airport (Guangyuan (Lizhou), CN)",32.390254,105.694571,1.0
KWE,"Guiyang Longdongbao International Airport (Guiyang (Nanming), CN)",26.541805,106.80402,1.3
AHJ,"Hongyuan Airport (Ngawa (Hongyuan), CN)",32.53154,102.35224,1.0
JZH,"Jiuzhai Huanglong Airport (Ngawa (Songpan), CN)",32.853333,103.682222,1.0
KGT,"Kangding Airport (Garzê (Kangding), CN)",30.142464,101.73872,1.0
KJH,"Kaili Huangping Airport (Kaili  (Huangping), CN)",26.972,107.988,1.0
LXA,"Lhasa Gonggar International Airport (Shannan (Gonggar), CN)",29.298001,90.911951,1.3
LZO,"Luzhou Yunlong Airport (Luzhou (Yunlong), CN)",29.030357,105.468407,1.0
WMT,"Zunyi Maotai Airport (Zunyi, CN)",27.961837,106.435416,1.0
MIG,"Mianyang Nanjiao Airport (Mianyang (Fucheng), CN)",31.428101,104.740997,1.0
HZH,"Liping Airport (Liping, CN)",26.32217,109.1499,1.0
LZY,"Nyingchi Mainling Airport (Nyingchi (Mainling), CN)",29.303301,94.335297,1.0
LPF,"Liupanshui Yuezhao Airport (Liupanshui (Zhongshan), CN)",26.609417,104.979,1.0
JIQ,"Qianjiang Wulingshan Airport (Qianjiang, CN)",29.5133333333,108.831111111,1.0
RKZ,"Xigaze Peace Airport / Shigatse Air Base (Xigazê (Samzhubzê), CN)",29.350876,89.299157,1.3
TCZ,"Tengchong Tuofeng Airport (Baoshan (Tengchong), CN)",24.938056,98.485833,1.0
TFU,"Chengdu Tianfu International Airport (Chengdu (Jianyang), CN)",30.31252,104.441284,1.3
TEN,"Tongren Fenghuang Airport (Tongren (Daxing), CN)",27.883333,109.308889,1.0
CTU,"Chengdu Shuangliu International Airport (Chengdu (Shuangliu), CN)",30.558257,103.945966,1.3
CQW,"Chongqing Xiannüshan Airport (Wulong, CN)",29.465658,107.693664,1.0
XIC,"Xichang Qingshan Airport (Liangshan (Xichang), CN)",27.9891,102.183998,1.0
YBP,"Yibin Wuliangye Airport (Yibin (Cuiping), CN)",28.858431,104.526157,1.0
ACX,"Xingyi Wanfenglin Airport (Xingyi, CN)",25.083423,104.960804,1.0
PZI,"Panzhihua Bao'anying Airport (Panzhihua (Renhe), CN)",26.54,101.79852,1.0
ZYI,"Zunyi Xinzhou Airport (Zunyi, CN)",27.810723,107.247189,1.0
AKU,"Aksu Hongqipo Airport (Aksu (Onsu), CN)",41.262501,80.291702,1.0
AAT,"Altay Xuedu Airport (Altay, CN)",47.749886,88.085808,1.0
BPL,"Bole Alashankou Airport (Bole, CN)",44.895461,82.30007,1.0
IQM,"Qiemo Yudu Airport (Qiemo, CN)",38.234516,85.465462,1.0
FYN,"Fuyun Koktokay Airport (Fuyun, CN)",46.804169,89.512006,1.0
HMI,"Hami Airport (Hami, CN)",42.8414,93.669197,1.0
KRL,"Korla Licheng Airport (Korla, CN)",41.614979,86.140817,1.0
KJI,"Burqin Kanas Airport (Burqin, CN)",48.2223,86.9959,1.0
DHH,"Barkol Dahe Airport (Barkol, CN)",43.756544,93.137164,1.0
NLT,"Xinyuan Nalati Airport (Xinyuan, CN)",43.4318,83.3786,1.0
RQA,"Ruoqiang Loulan Airport (Ruoqiang Town, CN)",38.974722,88.008333,1.0
QSZ,"Shache Airport (Shache, CN)",38.24542,77.056149,1.0
KHG,"Kashgar Laining International Airport (Kashgar, CN)",39.542273,76.02023,1.3
SXJ,"Shanshan Airport (Shanshan, CN)",42.911701,90.247498,1.0
TLQ,"Turpan Jiaohe Airport (Turpan, CN)",43.0308,89.0987,1.0
HTN,"Hotan Airport (Hotan, CN)",37.03850173950195,79.86489868164062,1.0
URC,"Ürümqi Tianshan International Airport (Ürümqi, CN)",43.913584,87.479372,1.3
YIN,"Ili Yining International Airport (Ili (Yining / Ghulja), CN)",43.955799,81.330299,1.0
AOG,"Anshan Teng'ao Airport / Anshan Air Base (Anshan, CN)",41.105301,122.853996,1.0
DBC,"Baicheng Chang'an Airport (Baicheng, CN)",45.505278,123.019722,1.0
NBS,"Changbaishan Airport (Baishan, CN)",42.066944,127.602222,1.0
CGQ,"Changchun Longjia International Airport (Changchun, CN)",43.996201,125.684998,1.3
CHG,"Chaoyang Airport (Shuangta, Chaoyang, CN)",41.538101,120.434998,1.0
DDG,"Dandong Langtou International Airport (Dandong (Zhenxing), CN)",40.025453,124.28669,1.0
DTU,"Wudalianchi Dedu Airport (Heihe, CN)",48.441037,126.128374,1.0
FYJ,"Fuyuan Dongji Airport (Fuyuan, CN)",48.197219,134.36298,1.0
HRB,"Harbin Taiping International Airport (Harbin, CN)",45.623402,126.25,1.3
HEK,"Heihe Aihui Airport (Heihe, CN)",50.171621,127.308884,1.0
JGD,"Daxing'anling Elunchun Airport (Jiagedaqi, CN)",50.371389,124.1175,1.0
JMU,"Jiamusi Songjiang International Airport (Jiamusi, CN)",46.842793,130.46426,1.0
JSJ,"Jiansanjiang Shidi Airport (Jiansanjiang, CN)",47.108248,132.65792,1.0
JXA,"Jixi Xingkaihu Airport (Jixi, CN)",45.293,131.193,1.0
JNZ,"Jinzhou Bay Airport (Jinzhou (Linghai), CN)",40.936032,121.277114,1.0
LDS,"Yichun Lindu Airport (Yichun, CN)",47.752056,129.019125,1.0
MDG,"Mudanjiang Hailang International Airport (Mudanjiang, CN)",44.525172,129.568634,1.0
OHE,"Mohe Gulian Airport (Mohe, CN)",52.916871,122.422759,1.0
NDG,"Qiqihar Sanjiazi Airport (Qiqihar, CN)",47.229969,123.914179,1.3
YSQ,"Songyuan Chaganhu Airport (Qian Gorlos Mongol Autonomous County, CN)",44.931143,124.552121,1.0
DLC,"Dalian Zhoushuizi International Airport (Dalian (Ganjingzi), CN)",38.965719,121.538477,1.3
TNH,"Tonghua Sanyuanpu Airport (Tonghua, CN)",42.048435,125.733963,1.0
SHE,"Shenyang Taoxian International Airport (Shenyang, CN)",41.6398,123.483668,1.3
XEN,"Xingcheng Air Base (Huludao (Xingcheng), CN)",40.580328,120.700374,1.0
YNJ,"Yanji Chaoyangchuan Airport (Yanji, CN)",42.8828010559,129.451004028,1.0
YKH,"Yingkou Lanqi Airport (Yingkou (Laobian), CN)",40.542524,122.3586,1.0
